site,species,genotype,replicate,sampleID,tank,pH,temp,treatment,bw1,temp1,salinity1,density1,mass1,bw2,temp2,salinity2,density2,mass2,surfacearea
Emerald,Ofav,1,1,Eo1-1,1,control pH,control temp,control pH-control temp,11.8126,22.52,33.55391,1023.002461,18.14942982,12.0114,22.91,35.300455,1024.216223,18.46662902,7.1812
Emerald,Ofav,2,1,Eo2-1,1,control pH,control temp,control pH-control temp,11.3499,22.53,33.55391,1022.999638,17.43849013,11.4453,22.94,35.300455,1024.207582,17.59621283,10.959
Emerald,Ofav,3,1,Eo3-1,1,control pH,control temp,control pH-control temp,17.5596,22.54,33.55391,1022.996813,26.97930888,17.6916,22.95,35.300455,1024.2047,27.19934718,7.5853
Emerald,Ofav,4,1,Eo4-1,1,control pH,control temp,control pH-control temp,14.375,22.54,33.55391,1022.996813,22.08635533,14.5712,22.98,35.300455,1024.19605,22.40189291,8.3538
Emerald,Ofav,5,1,Eo5-1,1,control pH,control temp,control pH-control temp,11.861,22.56,33.55391,1022.991162,18.22368587,12.0436,22.99,35.300455,1024.193165,18.51591009,6.2108
MacN,Ofav,21,1,CR043,1,control pH,control temp,control pH-control temp,12.6777,22.65,33.55391,1022.965693,19.47823427,12.6963,23.09,35.300455,1024.16427,19.51907943,9.0023
MacN,Ofav,16,1,Mo1-1,1,control pH,control temp,control pH-control temp,16.547,22.65,33.55391,1022.965693,25.42309271,16.4774,23.09,35.300455,1024.16427,25.33207938,9.4125
MacN,Ofav,17,1,Mo2-1,1,control pH,control temp,control pH-control temp,6.4321,22.67,33.55391,1022.960024,9.882358647,6.5089,23.1,35.300455,1024.161376,10.00665888,11.327
MacN,Ofav,18,1,Mo3-1,1,control pH,control temp,control pH-control temp,12.26,22.67,33.55391,1022.960024,18.83641688,12.4562,23.11,35.300455,1024.158481,19.14989554,12.941
MacN,Ofav,19,1,Mo4-1,1,control pH,control temp,control pH-control temp,15.5857,22.68,33.55391,1022.957188,23.94602822,15.5345,23.11,35.300455,1024.158481,23.88240814,8.561
MacN,Ofav,20,1,Mo5-1,1,control pH,control temp,control pH-control temp,8.4744,22.69,33.55391,1022.954351,13.02013511,8.5974,23.11,35.300455,1024.158481,13.21745893,7.7635
control,control,,control,CR051,1,control pH,control temp,control pH-control temp,16.7958,22.6,33.55391,1022.979851,25.80554485,16.7059,23.02,35.300455,1024.184505,25.68364415,9.1247
Rainbow,Ofav,6,1,Ro1-1,1,control pH,control temp,control pH-control temp,20.3774,22.57,33.55391,1022.988336,31.30855627,20.5507,23.02,35.300455,1024.184505,31.59463818,11.02
Rainbow,Ofav,7,1,Ro2-1,1,control pH,control temp,control pH-control temp,20.6886,22.58,33.55391,1022.985508,31.7866478,20.7686,23.02,35.300455,1024.184505,31.92963755,12.173
Rainbow,Ofav,8,1,Ro3-1,1,control pH,control temp,control pH-control temp,19.7097,22.59,33.55391,1022.98268,30.28258862,19.9155,23.04,35.300455,1024.178727,30.61798913,5.7538
Rainbow,Ofav,9,1,Ro4-1,1,control pH,control temp,control pH-control temp,15.2126,22.59,33.55391,1022.98268,23.37310602,15.4042,23.04,35.300455,1024.178727,23.68233929,8.5001
Rainbow,Ofav,10,1,Ro5-1,1,control pH,control temp,control pH-control temp,17.2435,22.6,33.55391,1022.979851,26.49340387,17.4351,23.07,35.300455,1024.170055,26.80451272,8.4913
Star,Ofav,11,1,So1-1,1,control pH,control temp,control pH-control temp,13.5281,22.62,33.55391,1022.97419,20.78489593,13.6446,23.06,35.300455,1024.172947,20.97707551,14.469
Star,Ofav,12,1,So2-1,1,control pH,control temp,control pH-control temp,12.0205,22.61,33.55391,1022.977021,18.4686107,12.0634,23.06,35.300455,1024.172947,18.54615399,10.352
Star,Ofav,13,1,So3-1,1,control pH,control temp,control pH-control temp,15.0719,22.62,33.55391,1022.97419,23.15682712,15.1964,23.07,35.300455,1024.170055,23.36276231,8.778
Star,Ofav,14,1,So4-1,1,control pH,control temp,control pH-control temp,18.8322,22.63,33.55391,1022.971358,28.93419888,18.9448,23.07,35.300455,1024.170055,29.12550732,8.0444
Star,Ofav,15,1,So5-1,1,control pH,control temp,control pH-control temp,16.4954,22.63,33.55391,1022.971358,25.34388889,16.6156,23.08,35.300455,1024.167163,25.54458453,10.664
control,control,,control,A144,2,low pH,high temp,low pH-high temp,18.3076,22.87,33.44305,1022.819123,28.12594687,18.3283,22.84,35.23362,1024.185643,28.17793811,8.8793
Emerald,Ssid,22,4,Es1-4,2,low pH,high temp,low pH-high temp,21.5294,22.87,33.44305,1022.819123,33.07559486,21.6771,22.84,35.23362,1024.185643,33.326385,11.006
Emerald,Ssid,23,4,Es2-4,2,low pH,high temp,low pH-high temp,24.2917,22.87,33.44305,1022.819123,37.31931348,24.5454,22.84,35.23362,1024.185643,37.73611094,19.859
Emerald,Ssid,24,4,Es3-4,2,low pH,high temp,low pH-high temp,25.5904,22.87,33.44305,1022.819123,39.31450494,25.8631,22.83,35.23362,1024.188515,39.76200353,9.4389
Emerald,Ssid,25,4,Es4-4,2,low pH,high temp,low pH-high temp,24.3113,22.86,33.44305,1022.821973,37.34948074,24.6228,22.83,35.23362,1024.188515,37.85516279,14.601
Emerald,Ssid,26,4,Es5-4,2,low pH,high temp,low pH-high temp,21.9038,22.86,33.44305,1022.821973,33.65083547,22.0864,22.83,35.23362,1024.188515,33.95569421,8.7558
MacN,Ssid,37,4,Ms1-4,2,low pH,high temp,low pH-high temp,19.243,22.88,33.44305,1022.816273,29.56295673,19.4971,22.85,35.23362,1024.18277,29.97480666,11.119
MacN,Ssid,38,4,Ms2-4,2,low pH,high temp,low pH-high temp,18.2554,22.88,33.44305,1022.816273,28.04571014,18.4903,22.85,35.23362,1024.18277,28.42695414,8.5849
MacN,Ssid,39,4,Ms3-4,2,low pH,high temp,low pH-high temp,18.4304,22.88,33.44305,1022.816273,28.31456206,18.6412,22.85,35.23362,1024.18277,28.65894753,8.9728
MacN,Ssid,40,4,Ms4-4,2,low pH,high temp,low pH-high temp,17.9977,22.88,33.44305,1022.816273,27.64980649,18.2801,22.85,35.23362,1024.18277,28.10379304,13.669
MacN,Ssid,41,4,Ms5-4,2,low pH,high temp,low pH-high temp,17.8094,22.88,33.44305,1022.816273,27.36052183,18.0238,22.86,35.23362,1024.179896,27.70971609,11.634
Rainbow,Ssid,27,4,Rs1-4,2,low pH,high temp,low pH-high temp,22.2087,22.87,33.44305,1022.819123,34.11920274,22.4425,22.84,35.23362,1024.185643,34.50311136,8.7612
Rainbow,Ssid,28,4,Rs2-4,2,low pH,high temp,low pH-high temp,22.447,22.87,33.44305,1022.819123,34.48530279,22.6583,22.84,35.23362,1024.185643,34.8348824,11.401
Rainbow,Ssid,29,4,Rs3-4,2,low pH,high temp,low pH-high temp,23.67,22.87,33.44305,1022.819123,36.36419642,23.8055,22.84,35.23362,1024.185643,36.59858828,11.553
Rainbow,Ssid,30,4,Rs4-4,2,low pH,high temp,low pH-high temp,24.8127,22.87,33.44305,1022.819123,38.11972524,25.0838,22.84,35.23362,1024.185643,38.56384738,9.88
Rainbow,Ssid,31,4,Rs5-4,2,low pH,high temp,low pH-high temp,20.2963,22.87,33.44305,1022.819123,31.18118461,20.5287,22.83,35.23362,1024.188515,31.5608818,14.473
Star,Ssid,32,4,Ss1-4,2,low pH,high temp,low pH-high temp,19.3464,22.88,33.44305,1022.816273,29.72180981,19.5071,22.84,35.23362,1024.185643,29.99022585,10.893
Star,Ssid,33,4,Ss2-4,2,low pH,high temp,low pH-high temp,17.4934,22.88,33.44305,1022.816273,26.87505209,17.7178,22.84,35.23362,1024.185643,27.23935509,13.851
Star,Ssid,34,4,Ss3-4,2,low pH,high temp,low pH-high temp,18.7429,22.88,33.44305,1022.816273,28.79465477,19.0871,22.84,35.23362,1024.185643,29.34451763,11.865
Star,Ssid,35,4,Ss4-4,2,low pH,high temp,low pH-high temp,18.0251,22.88,33.44305,1022.816273,27.69190102,18.0715,22.85,35.23362,1024.18277,27.78309177,8.2863
Star,Ssid,36,4,Ss5-4,2,low pH,high temp,low pH-high temp,14.8532,22.88,33.44305,1022.816273,22.81892163,15.1114,22.85,35.23362,1024.18277,23.23223933,8.2837
control,control,,control,A126,3,control pH,control temp,control pH-control temp,20.5375,22.72,33.55391,1022.945837,31.55383637,20.5631,23.11,35.300455,1024.158481,31.61327026,9.2552
Emerald,Ssid,22,1,Es1-1,3,control pH,control temp,control pH-control temp,21.8539,22.72,33.55391,1022.945837,33.5763547,21.9796,23.12,35.300455,1024.155586,33.79091573,11.027
Emerald,Ssid,23,1,Es2-1,3,control pH,control temp,control pH-control temp,22.8611,22.73,33.55391,1022.942997,35.12376553,23.0791,23.11,35.300455,1024.158481,35.48131486,10.796
Emerald,Ssid,24,1,Es3-1,3,control pH,control temp,control pH-control temp,25.468,22.73,33.55391,1022.942997,39.12900343,25.6805,23.13,35.300455,1024.15269,39.48053162,13.451
Emerald,Ssid,25,1,Es4-1,3,control pH,control temp,control pH-control temp,24.2074,22.74,33.55391,1022.940157,37.19216377,24.4242,23.14,35.300455,1024.149792,37.54907165,14.533
Emerald,Ssid,26,1,Es5-1,3,control pH,control temp,control pH-control temp,21.7456,22.75,33.55391,1022.937316,33.40981318,21.8229,23.14,35.300455,1024.149792,33.54990688,10.797
MacN,Ssid,37,1,Ms1-1,3,control pH,control temp,control pH-control temp,18.4997,22.84,33.55391,1022.911707,28.42244966,18.8108,23.25,35.300455,1024.117872,28.91870551,8.7599
MacN,Ssid,38,1,Ms2-1,3,control pH,control temp,control pH-control temp,18.5923,22.84,33.55391,1022.911707,28.56471785,18.8308,23.25,35.300455,1024.117872,28.94945243,9.6085
MacN,Ssid,39,1,Ms3-1,3,control pH,control temp,control pH-control temp,18.5514,22.85,33.55391,1022.908857,28.50183758,18.6646,23.27,35.300455,1024.112058,28.69385801,13.825
MacN,Ssid,40,1,Ms4-1,3,control pH,control temp,control pH-control temp,19.45,22.85,33.55391,1022.908857,29.88242079,19.6446,23.25,35.300455,1024.117872,30.20054449,12.66
MacN,Ssid,41,1,Ms5-1,3,control pH,control temp,control pH-control temp,19.5918,22.86,33.55391,1022.906007,30.10023324,19.744,23.26,35.300455,1024.114965,30.35331037,9.2912
Rainbow,Ssid,27,1,Rs1-1,3,control pH,control temp,control pH-control temp,23.6648,22.76,33.55391,1022.934473,36.35840669,23.925,23.24,35.300455,1024.120778,36.78105579,9.4175
Rainbow,Ssid,28,1,Rs2-1,3,control pH,control temp,control pH-control temp,16.7865,22.77,33.55391,1022.93163,25.79060394,16.9265,23.18,35.300455,1024.138196,26.0221622,11.704
Rainbow,Ssid,29,1,Rs3-1,3,control pH,control temp,control pH-control temp,22.5068,22.78,33.55391,1022.928787,34.57916177,22.5075,23.24,35.300455,1024.120778,34.60186471,13.157
Rainbow,Ssid,30,1,Rs4-1,3,control pH,control temp,control pH-control temp,23.884,22.79,33.55391,1022.925942,36.69501963,24.0728,23.24,35.300455,1024.120778,37.00827585,12.479
Rainbow,Ssid,31,1,Rs5-1,3,control pH,control temp,control pH-control temp,19.5919,22.8,33.55391,1022.923097,30.10065661,19.8253,23.2,35.300455,1024.132393,30.47857511,15.677
Star,Ssid,32,1,Ss1-1,3,control pH,control temp,control pH-control temp,19.2146,22.81,33.55391,1022.92025,29.52093535,19.2812,23.23,35.300455,1024.123683,29.64196338,10.989
Star,Ssid,33,1,Ss2-1,3,control pH,control temp,control pH-control temp,20.8402,22.81,33.55391,1022.92025,32.01847538,21.0452,23.23,35.300455,1024.123683,32.35384974,13.476
Star,Ssid,34,1,Ss3-1,3,control pH,control temp,control pH-control temp,22.4465,22.81,33.55391,1022.92025,34.48636326,22.6168,23.24,35.300455,1024.120778,34.76989687,11.595
Star,Ssid,35,1,Ss4-1,3,control pH,control temp,control pH-control temp,17.4098,22.82,33.55391,1022.917403,26.74803603,17.68,23.23,35.300455,1024.123683,27.18035768,14.907
Star,Ssid,36,1,Ss5-1,3,control pH,control temp,control pH-control temp,16.8302,22.83,33.55391,1022.914556,25.85751265,17.1013,23.26,35.300455,1024.114965,26.29057266,11.052
Emerald,Ofav,1,3,Eo1-3,4,low pH,control temp,low pH-control temp,14.536,22.61,33.44305,1022.892947,22.33250616,14.6562,22.71,35.23362,1024.222918,22.53289034,9.4374
Emerald,Ofav,2,3,Eo2-3,4,low pH,control temp,low pH-control temp,16.0756,22.62,33.44305,1022.890118,24.69784696,16.1543,22.7,35.23362,1024.22578,24.83615241,12.704
Emerald,Ofav,3,3,Eo3-3,4,low pH,control temp,low pH-control temp,19.9743,22.63,33.44305,1022.887288,30.68759315,20.088,22.71,35.23362,1024.222918,30.88390587,9.0937
Emerald,Ofav,4,3,Eo4-3,4,low pH,control temp,low pH-control temp,17.3411,22.63,33.44305,1022.887288,26.64206614,17.4874,22.71,35.23362,1024.222918,26.88566385,7.0173
Emerald,Ofav,5,3,Eo5-3,4,low pH,control temp,low pH-control temp,14.7733,22.64,33.44305,1022.884457,22.69698297,14.9868,22.71,35.23362,1024.222918,23.0411649,7.0275
MacN,Ofav,21,3,CR047,4,low pH,control temp,low pH-control temp,11.2504,22.73,33.44305,1022.858943,17.28433871,11.2715,22.7,35.23362,1024.22578,17.32917501,7.8732
MacN,Ofav,16,3,Mo1-3,4,low pH,control temp,low pH-control temp,11.7873,22.73,33.44305,1022.858943,18.10919485,11.708,22.7,35.23362,1024.22578,18.00026448,8.266
MacN,Ofav,17,3,Mo2-3,4,low pH,control temp,low pH-control temp,5.7252,22.74,33.44305,1022.856104,8.795789366,5.6656,22.7,35.23362,1024.22578,8.710479879,9.7329
MacN,Ofav,18,3,Mo3-3,4,low pH,control temp,low pH-control temp,12.0963,22.74,33.44305,1022.856104,18.58389347,12.2345,22.7,35.23362,1024.22578,18.8097229,14.946
MacN,Ofav,19,3,Mo4-3,4,low pH,control temp,low pH-control temp,17.8201,22.74,33.44305,1022.856104,27.37753198,17.8088,22.7,35.23362,1024.22578,27.37983516,7.8147
MacN,Ofav,20,3,Mo5-3,4,low pH,control temp,low pH-control temp,8.3653,22.75,33.44305,1022.853264,12.85183176,8.439,22.7,35.23362,1024.22578,12.9743963,6.6611
control,control,,control,CR056,4,low pH,control temp,low pH-control temp,14.6337,22.65,33.44305,1022.881625,22.48247491,14.6112,22.71,35.23362,1024.222918,22.46370596,9.6094
Rainbow,Ofav,6,3,Ro1-3,4,low pH,control temp,low pH-control temp,21.0582,22.65,33.44305,1022.881625,32.35275105,21.1059,22.71,35.23362,1024.222918,32.44885647,12.901
Rainbow,Ofav,7,3,Ro2-3,4,low pH,control temp,low pH-control temp,20.3365,22.67,33.44305,1022.87596,31.24387494,20.4019,22.69,35.23362,1024.228641,31.36659952,9.3345
Rainbow,Ofav,8,3,Ro3-3,4,low pH,control temp,low pH-control temp,15.5713,22.67,33.44305,1022.87596,23.92288495,15.676,22.7,35.23362,1024.22578,24.10079825,13.113
Rainbow,Ofav,9,3,Ro4-3,4,low pH,control temp,low pH-control temp,13.7036,22.68,33.44305,1022.873126,21.05342258,13.8106,22.69,35.23362,1024.228641,21.23290278,10.421
Rainbow,Ofav,10,3,Ro5-3,4,low pH,control temp,low pH-control temp,20.2481,22.68,33.44305,1022.873126,31.10801583,20.3802,22.71,35.23362,1024.222918,31.33314309,9.0027
Star,Ofav,11,3,So1-3,4,low pH,control temp,low pH-control temp,13.0651,22.7,33.44305,1022.867455,20.07240823,13.076,22.7,35.23362,1024.22578,20.1034727,10.583
Star,Ofav,12,3,So2-3,4,low pH,control temp,low pH-control temp,11.2505,22.71,33.44305,1022.864618,17.28454378,11.3031,22.7,35.23362,1024.22578,17.37775789,9.2221
Star,Ofav,13,3,So3-3,4,low pH,control temp,low pH-control temp,14.8968,22.71,33.44305,1022.864618,22.88648432,15.037,22.7,35.23362,1024.22578,23.11837863,7.7511
Star,Ofav,14,3,So4-3,4,low pH,control temp,low pH-control temp,20.095,22.72,33.44305,1022.861781,30.87261815,20.1229,22.71,35.23362,1024.222918,30.93756219,7.4386
Star,Ofav,15,3,So5-3,4,low pH,control temp,low pH-control temp,13.3192,22.72,33.44305,1022.861781,20.46273081,13.482,22.7,35.23362,1024.22578,20.72767046,8.4698
control,control,,control,A138,5,control pH,high temp,control pH-high temp,18.7971,23.02,33.55391,1022.860293,28.8785886,18.8305,23.3,35.300455,1024.10333,28.94877035,9.3734
Emerald,Ssid,22,2,Es1-2,5,control pH,high temp,control pH-high temp,22.2401,23.02,33.55391,1022.860293,34.16818011,22.401,23.29,35.300455,1024.10624,34.43787444,11.215
Emerald,Ssid,23,2,Es2-2,5,control pH,high temp,control pH-high temp,23.1161,23.02,33.55391,1022.860293,35.51400705,23.3335,23.29,35.300455,1024.10624,35.87144071,12.748
Emerald,Ssid,24,2,Es3-2,5,control pH,high temp,control pH-high temp,24.6334,23.03,33.55391,1022.857429,37.84502695,24.8357,23.28,35.300455,1024.109149,38.18088584,12.275
Emerald,Ssid,25,2,Es4-2,5,control pH,high temp,control pH-high temp,23.6523,23.03,33.55391,1022.857429,36.33773376,23.8927,23.29,35.300455,1024.10624,36.73111927,13.725
Emerald,Ssid,26,2,Es5-2,5,control pH,high temp,control pH-high temp,22.8868,23.03,33.55391,1022.857429,35.16167329,23.0102,23.29,35.300455,1024.10624,35.37441983,8.051
MacN,Ssid,37,2,Ms1-2,5,control pH,high temp,control pH-high temp,18.16,23.07,33.55391,1022.845965,27.89958179,18.5443,23.27,35.300455,1024.112058,28.50891587,11.102
MacN,Ssid,38,2,Ms2-2,5,control pH,high temp,control pH-high temp,15.112,23.08,33.55391,1022.843097,23.21684174,15.4629,23.27,35.300455,1024.112058,23.77175278,9.5874
MacN,Ssid,39,2,Ms3-2,5,control pH,high temp,control pH-high temp,17.5855,23.09,33.55391,1022.840228,27.01688435,17.9667,23.24,35.300455,1024.120778,27.62107398,10.38
MacN,Ssid,40,2,Ms4-2,5,control pH,high temp,control pH-high temp,16.158,23.09,33.55391,1022.840228,24.82379331,16.4147,23.26,35.300455,1024.114965,25.23503261,9.5688
MacN,Ssid,41,2,Ms5-2,5,control pH,high temp,control pH-high temp,16.3648,23.09,33.55391,1022.840228,25.14150345,16.6386,23.27,35.300455,1024.112058,25.5792048,9.0339
Rainbow,Ssid,27,2,Rs1-2,5,control pH,high temp,control pH-high temp,22.1049,23.04,33.55391,1022.854564,33.96036599,22.3906,23.29,35.300455,1024.10624,34.42188614,11.75
Rainbow,Ssid,28,2,Rs2-2,5,control pH,high temp,control pH-high temp,21.6597,23.04,33.55391,1022.854564,33.27639298,21.8283,23.28,35.300455,1024.109149,33.55749306,11.996
Rainbow,Ssid,29,2,Rs3-2,5,control pH,high temp,control pH-high temp,23.764,23.05,33.55391,1022.851698,36.5092321,23.9191,23.28,35.300455,1024.109149,36.77176108,12.985
Rainbow,Ssid,30,2,Rs4-2,5,control pH,high temp,control pH-high temp,24.8545,23.05,33.55391,1022.851698,38.18459474,25.137,23.28,35.300455,1024.109149,38.64408603,10.238
Rainbow,Ssid,31,2,Rs5-2,5,control pH,high temp,control pH-high temp,24.6911,23.05,33.55391,1022.851698,37.9335592,24.9629,23.28,35.300455,1024.109149,38.37643534,15.587
Star,Ssid,32,2,Ss1-2,5,control pH,high temp,control pH-high temp,19.0393,23.06,33.55391,1022.848832,29.25051246,19.2093,23.28,35.300455,1024.109149,29.53120268,10.661
Star,Ssid,33,2,Ss2-2,5,control pH,high temp,control pH-high temp,23.393,23.07,33.55391,1022.845965,35.9391474,23.6636,23.27,35.300455,1024.112058,36.37902652,11.929
Star,Ssid,34,2,Ss3-2,5,control pH,high temp,control pH-high temp,21.1104,23.07,33.55391,1022.845965,32.43234204,21.2962,23.27,35.300455,1024.112058,32.73952503,11.306
Star,Ssid,35,2,Ss4-2,5,control pH,high temp,control pH-high temp,21.3088,23.07,33.55391,1022.845965,32.73714805,21.5085,23.27,35.300455,1024.112058,33.06590256,9.2695
Star,Ssid,36,2,Ss5-2,5,control pH,high temp,control pH-high temp,17.1365,23.07,33.55391,1022.845965,26.32715768,17.3998,23.26,35.300455,1024.114965,26.7494697,11.129
Emerald,Ofav,1,2,Eo1-2,6,control pH,high temp,control pH-high temp,10.3816,22.88,33.55391,1022.900304,15.94992022,10.5451,23.26,35.300455,1024.114965,16.21144111,7.6692
Emerald,Ofav,2,2,Eo2-2,6,control pH,high temp,control pH-high temp,10.0059,22.88,33.55391,1022.900304,15.37270813,10.1098,23.26,35.300455,1024.114965,15.54223547,9.4214
Emerald,Ofav,3,2,Eo3-2,6,control pH,high temp,control pH-high temp,20.2553,22.88,33.55391,1022.900304,31.11952098,20.3546,23.26,35.300455,1024.114965,31.29201232,9.0855
Emerald,Ofav,4,2,Eo4-2,6,control pH,high temp,control pH-high temp,19.4235,22.9,33.55391,1022.894598,29.84148382,19.5446,23.27,35.300455,1024.112058,30.04671824,10.303
Emerald,Ofav,5,2,Eo5-2,6,control pH,high temp,control pH-high temp,13.9513,22.91,33.55391,1022.891744,21.43418386,14.1946,23.26,35.300455,1024.114965,21.82197627,11.081
MacN,Ofav,21,2,CR046,6,control pH,high temp,control pH-high temp,13.0562,23.01,33.55391,1022.863156,20.05868961,13.2123,23.3,35.300455,1024.10333,20.31171974,9.6512
MacN,Ofav,16,2,Mo1-2,6,control pH,high temp,control pH-high temp,13.8811,22.98,33.55391,1022.871741,21.32610788,13.8523,23.3,35.300455,1024.10333,21.29561358,9.2872
MacN,Ofav,17,2,Mo2-2,6,control pH,high temp,control pH-high temp,8.8029,22.99,33.55391,1022.86888,13.52423896,8.7705,23.3,35.300455,1024.10333,13.48318899,7.6508
MacN,Ofav,18,2,Mo3-2,6,control pH,high temp,control pH-high temp,13.1087,22.99,33.55391,1022.86888,20.13940762,13.2316,23.3,35.300455,1024.10333,20.34139029,10.015
MacN,Ofav,19,2,Mo4-2,6,control pH,high temp,control pH-high temp,13.8418,23,33.55391,1022.866018,21.26566586,13.9013,23.3,35.300455,1024.10333,21.37094295,8.5181
MacN,Ofav,20,2,Mo5-2,6,control pH,high temp,control pH-high temp,11.036,23,33.55391,1022.866018,16.95501224,11.1466,23.3,35.300455,1024.10333,17.13604862,7.876
control,control,,control,CR052,6,control pH,high temp,control pH-high temp,14.1866,22.91,33.55391,1022.891744,21.79568877,14.1566,23.29,35.300455,1024.10624,21.76345758,9.9956
Rainbow,Ofav,6,2,Ro1-2,6,control pH,high temp,control pH-high temp,18.5806,22.92,33.55391,1022.888889,28.54640072,18.5622,23.28,35.300455,1024.109149,28.53639073,9.2778
Rainbow,Ofav,7,2,Ro2-2,6,control pH,high temp,control pH-high temp,16.1647,22.93,33.55391,1022.886033,24.83468309,16.1964,23.29,35.300455,1024.10624,24.89931653,10.69
Rainbow,Ofav,8,2,Ro3-2,6,control pH,high temp,control pH-high temp,19.2397,22.94,33.55391,1022.883176,29.55892386,19.3962,23.3,35.300455,1024.10333,29.81844027,11.079
Rainbow,Ofav,9,2,Ro4-2,6,control pH,high temp,control pH-high temp,13.9164,22.94,33.55391,1022.883176,21.38046893,14.078,23.3,35.300455,1024.10333,21.64258989,9.1677
Rainbow,Ofav,10,2,Ro5-2,6,control pH,high temp,control pH-high temp,20.5001,22.95,33.55391,1022.880318,31.49529292,20.7106,23.3,35.300455,1024.10333,31.83911225,11.777
Star,Ofav,11,2,So1-2,6,control pH,high temp,control pH-high temp,12.7516,22.96,33.55391,1022.87746,19.59086908,12.8077,23.28,35.300455,1024.109149,19.68977446,13.058
Star,Ofav,12,2,So2-2,6,control pH,high temp,control pH-high temp,11.3744,22.97,33.55391,1022.874601,17.47498723,11.3627,23.29,35.300455,1024.10624,17.4682932,8.0685
Star,Ofav,13,2,So3-2,6,control pH,high temp,control pH-high temp,16.5503,22.97,33.55391,1022.874601,25.42694834,16.7441,23.29,35.300455,1024.10624,25.74131572,12.234
Star,Ofav,14,2,So4-2,6,control pH,high temp,control pH-high temp,17.1561,22.98,33.55391,1022.871741,26.3576258,17.2517,23.3,35.300455,1024.10333,26.52162723,12.482
Star,Ofav,15,2,So5-2,6,control pH,high temp,control pH-high temp,12.5248,22.97,33.55391,1022.874601,19.24239697,12.79,23.3,35.300455,1024.10333,19.66250353,11.437
control,control,,control,A140,7,low pH,control temp,low pH-control temp,20.7866,22.76,33.44305,1022.850424,31.9349561,20.7877,22.7,35.23362,1024.22578,31.95969405,9.1218
Emerald,Ssid,22,3,Es1-3,7,low pH,control temp,low pH-control temp,22.5024,22.77,33.44305,1022.847582,34.57092961,22.6037,22.7,35.23362,1024.22578,34.75167221,10.15
Emerald,Ssid,23,3,Es2-3,7,low pH,control temp,low pH-control temp,24.7575,22.77,33.44305,1022.847582,38.0354891,24.8772,22.7,35.23362,1024.22578,38.24702592,9.1088
Emerald,Ssid,24,3,Es3-3,7,low pH,control temp,low pH-control temp,23.0223,22.77,33.44305,1022.847582,35.36966336,23.0989,22.7,35.23362,1024.22578,35.51300898,9.1102
Emerald,Ssid,25,3,Es4-3,7,low pH,control temp,low pH-control temp,24.2174,22.77,33.44305,1022.847582,37.20572165,24.3466,22.7,35.23362,1024.22578,37.43126402,9.5036
Emerald,Ssid,26,3,Es5-3,7,low pH,control temp,low pH-control temp,22.4853,22.78,33.44305,1022.84474,34.54460703,22.5953,22.7,35.23362,1024.22578,34.73875777,11.414
MacN,Ssid,37,3,Ms1-3,7,low pH,control temp,low pH-control temp,16.4777,22.8,33.44305,1022.839053,25.31493793,16.5952,22.71,35.23362,1024.222918,25.51396827,8.041
MacN,Ssid,38,3,Ms2-3,7,low pH,control temp,low pH-control temp,17.0424,22.81,33.44305,1022.836208,26.18245597,17.0856,22.72,35.23362,1024.220056,26.26788478,6.9998
MacN,Ssid,39,3,Ms3-3,7,low pH,control temp,low pH-control temp,19.1224,22.81,33.44305,1022.836208,29.37798643,19.2888,22.72,35.23362,1024.220056,29.65514679,10.31
MacN,Ssid,40,3,Ms4-3,7,low pH,control temp,low pH-control temp,19.2497,22.81,33.44305,1022.836208,29.57355904,19.4027,22.73,35.23362,1024.217192,29.83021505,9.0632
MacN,Ssid,41,3,Ms5-3,7,low pH,control temp,low pH-control temp,19.6822,22.81,33.44305,1022.836208,30.2380143,19.8247,22.72,35.23362,1024.220056,30.47905461,9.6283
Rainbow,Ssid,27,3,Rs1-3,7,low pH,control temp,low pH-control temp,23.0993,22.78,33.44305,1022.84474,35.48790726,23.2046,22.7,35.23362,1024.22578,35.67551564,10.099
Rainbow,Ssid,28,3,Rs2-3,7,low pH,control temp,low pH-control temp,13.818,22.78,33.44305,1022.84474,21.22886419,13.9074,22.7,35.23362,1024.22578,21.38169441,9.7178
Rainbow,Ssid,29,3,Rs3-3,7,low pH,control temp,low pH-control temp,12.6235,22.78,33.44305,1022.84474,19.39373043,12.6913,22.7,35.23362,1024.22578,19.51202226,8.9034
Rainbow,Ssid,30,3,Rs4-3,7,low pH,control temp,low pH-control temp,23.4107,22.79,33.44305,1022.841897,35.96626357,23.49,22.7,35.23362,1024.22578,36.11429899,9.3246
Rainbow,Ssid,31,3,Rs5-3,7,low pH,control temp,low pH-control temp,18.4917,22.79,33.44305,1022.841897,28.40911874,18.6648,22.7,35.23362,1024.22578,28.69587773,9.9851
Star,Ssid,32,3,Ss1-3,7,low pH,control temp,low pH-control temp,17.2606,22.78,33.44305,1022.84474,26.51779803,17.2838,22.7,35.23362,1024.22578,26.57268288,9.6177
Star,Ssid,33,3,Ss2-3,7,low pH,control temp,low pH-control temp,22.1476,22.78,33.44305,1022.84474,34.0257919,22.2686,22.7,35.23362,1024.22578,34.23647844,9.7335
Star,Ssid,34,3,Ss3-3,7,low pH,control temp,low pH-control temp,21.2142,22.79,33.44305,1022.841897,32.5917426,21.3693,22.7,35.23362,1024.22578,32.85386503,10.527
Star,Ssid,35,3,Ss4-3,7,low pH,control temp,low pH-control temp,16.9436,22.79,33.44305,1022.841897,26.03074591,17.062,22.71,35.23362,1024.222918,26.23164087,9.4094
Star,Ssid,36,3,Ss5-3,7,low pH,control temp,low pH-control temp,18.8415,22.8,33.44305,1022.839053,28.94647937,19.0074,22.71,35.23362,1024.222918,29.22255836,10.273
Emerald,Ofav,1,4,Eo1-4,8,low pH,high temp,low pH-high temp,15.4856,22.83,33.44305,1022.830517,23.79065332,15.7297,22.74,35.23362,1024.214328,24.18321309,10.487
Emerald,Ofav,2,4,Eo2-4,8,low pH,high temp,low pH-high temp,15.4724,22.83,33.44305,1022.830517,23.77037405,15.7049,22.74,35.23362,1024.214328,24.14508498,10.082
Emerald,Ofav,3,4,Eo3-4,8,low pH,high temp,low pH-high temp,15.7007,22.83,33.44305,1022.830517,24.1211132,15.905,22.75,35.23362,1024.211463,24.4526867,11.039
Emerald,Ofav,4,4,Eo4-4,8,low pH,high temp,low pH-high temp,17.1468,22.83,33.44305,1022.830517,26.3427684,17.3875,22.75,35.23362,1024.211463,26.73191386,10.524
Emerald,Ofav,5,4,Eo5-4,8,low pH,high temp,low pH-high temp,14.1319,22.83,33.44305,1022.830517,21.71095299,14.4931,22.76,35.23362,1024.208598,22.28196798,9.882
MacN,Ofav,21,4,CR049,8,low pH,high temp,low pH-high temp,13.9888,22.85,33.44305,1022.824822,21.49104312,14.6006,22.82,35.23362,1024.191386,22.44703781,9.8398
MacN,Ofav,16,4,Mo1-4,8,low pH,high temp,low pH-high temp,12.1362,22.86,33.44305,1022.821973,18.64485931,12.1501,22.82,35.23362,1024.191386,18.67962646,11.625
MacN,Ofav,17,4,Mo2-4,8,low pH,high temp,low pH-high temp,16.1149,22.86,33.44305,1022.821973,24.75734112,16.1903,22.82,35.23362,1024.191386,24.89105079,13.875
MacN,Ofav,18,4,Mo3-4,8,low pH,high temp,low pH-high temp,10.7226,22.86,33.44305,1022.821973,16.47314386,10.9999,22.82,35.23362,1024.191386,16.91130304,13.265
MacN,Ofav,19,4,Mo4-4,8,low pH,high temp,low pH-high temp,14.5917,22.86,33.44305,1022.821973,22.41724705,14.6686,22.83,35.23362,1024.188515,22.55154738,9.2909
MacN,Ofav,20,4,Mo5-4,8,low pH,high temp,low pH-high temp,10.2178,22.86,33.44305,1022.821973,15.69761898,10.2572,22.83,35.23362,1024.188515,15.76944847,9.6864
control,control,,control,A074,8,low pH,high temp,low pH-high temp,18.5089,22.83,33.44305,1022.830517,28.43537372,18.5064,22.78,35.23362,1024.202864,28.45200623,9.196
Rainbow,Ofav,6,4,Ro1-4,8,low pH,high temp,low pH-high temp,19.6836,22.83,33.44305,1022.830517,30.24007489,19.9153,22.78,35.23362,1024.202864,30.61806941,12.249
Rainbow,Ofav,7,4,Ro2-4,8,low pH,high temp,low pH-high temp,19.7572,22.83,33.44305,1022.830517,30.35314717,19.9744,22.79,35.23362,1024.199996,30.70888439,15.154
Rainbow,Ofav,8,4,Ro3-4,8,low pH,high temp,low pH-high temp,19.1405,22.83,33.44305,1022.830517,29.40570594,19.3997,22.79,35.23362,1024.199996,29.82533365,11.899
Rainbow,Ofav,9,4,Ro4-4,8,low pH,high temp,low pH-high temp,16.8466,22.83,33.44305,1022.830517,25.8815687,17.0471,22.77,35.23362,1024.205731,26.2084968,12.865
Rainbow,Ofav,10,4,Ro5-4,8,low pH,high temp,low pH-high temp,17.8172,22.84,33.44305,1022.827669,27.37266851,18.0663,22.79,35.23362,1024.199996,27.77534835,8.1793
Star,Ofav,11,4,So1-4,8,low pH,high temp,low pH-high temp,11.5153,22.85,33.44305,1022.824822,17.69099629,11.5962,22.83,35.23362,1024.188515,17.82803088,8.694
Star,Ofav,12,4,So2-4,8,low pH,high temp,low pH-high temp,11.8738,22.85,33.44305,1022.824822,18.24176111,12.0493,22.81,35.23362,1024.194257,18.52468392,12.43
Star,Ofav,13,4,So3-4,8,low pH,high temp,low pH-high temp,10.4952,22.85,33.44305,1022.824822,16.12381303,10.9649,22.81,35.23362,1024.194257,16.85751925,12.997
Star,Ofav,14,4,So4-4,8,low pH,high temp,low pH-high temp,17.6312,22.85,33.44305,1022.824822,27.08687518,17.8462,22.81,35.23362,1024.194257,27.43688132,14.662
Star,Ofav,15,4,So5-4,8,low pH,high temp,low pH-high temp,13.4765,22.85,33.44305,1022.824822,20.70399481,13.7144,22.81,35.23362,1024.194257,21.08462111,13.05