site,species,genotype,replicate,sampleID,tank,pH,temp,treatment,bw1,temp1,salinity1,density1,mass1,bw2,temp2,salinity2,density2,mass2,deltamonth,deltayear,percentmonth,percentyear,surfacearea,growth,growthadj
Emerald,Ofav,1,1,Eo1-1,1,control pH,control temp,control pH-control temp,11.8126,22.52,33.55391,1023.002461,18.14942982,12.0114,22.91,35.300455,1024.216223,18.46662902,0.317199201,3.80639041,1.747708903,20.97250684,7.1812,0.530049353,0.538074203
Emerald,Ofav,2,1,Eo2-1,1,control pH,control temp,control pH-control temp,11.3499,22.53,33.55391,1022.999638,17.43849013,11.4453,22.94,35.300455,1024.207582,17.59621283,0.157722704,1.892672443,0.904451603,10.85341924,10.959,0.172704849,0.1807297
Emerald,Ofav,3,1,Eo3-1,1,control pH,control temp,control pH-control temp,17.5596,22.54,33.55391,1022.996813,26.97930888,17.6916,22.95,35.300455,1024.2047,27.19934718,0.220038301,2.640459614,0.815581682,9.786980187,7.5853,0.3481022,0.35612705
Emerald,Ofav,4,1,Eo4-1,1,control pH,control temp,control pH-control temp,14.375,22.54,33.55391,1022.996813,22.08635533,14.5712,22.98,35.300455,1024.19605,22.40189291,0.31553758,3.786450963,1.428653916,17.14384699,8.3538,0.453260907,0.461285757
Emerald,Ofav,5,1,Eo5-1,1,control pH,control temp,control pH-control temp,11.861,22.56,33.55391,1022.991162,18.22368587,12.0436,22.99,35.300455,1024.193165,18.51591009,0.292224221,3.506690647,1.603540704,19.24248845,6.2108,0.564611749,0.572636599
MacN,Ofav,21,1,CR043,1,control pH,control temp,control pH-control temp,12.6777,22.65,33.55391,1022.965693,19.47823427,12.6963,23.09,35.300455,1024.16427,19.51907943,0.040845163,0.490141954,0.209696435,2.51635722,9.0023,0.054446303,0.062471153
MacN,Ofav,16,1,Mo1-1,1,control pH,control temp,control pH-control temp,16.547,22.65,33.55391,1022.965693,25.42309271,16.4774,23.09,35.300455,1024.16427,25.33207938,-0.09101333,-1.092159961,-0.357994722,-4.295936666,9.4125,-0.116032931,-0.108008081
MacN,Ofav,17,1,Mo2-1,1,control pH,control temp,control pH-control temp,6.4321,22.67,33.55391,1022.960024,9.882358647,6.5089,23.1,35.300455,1024.161376,10.00665888,0.124300238,1.491602859,1.257799303,15.09359164,11.327,0.131685606,0.139710456
MacN,Ofav,18,1,Mo3-1,1,control pH,control temp,control pH-control temp,12.26,22.67,33.55391,1022.960024,18.83641688,12.4562,23.11,35.300455,1024.158481,19.14989554,0.313478662,3.761743938,1.664215989,19.97059187,12.941,0.290684177,0.298709028
MacN,Ofav,19,1,Mo4-1,1,control pH,control temp,control pH-control temp,15.5857,22.68,33.55391,1022.957188,23.94602822,15.5345,23.11,35.300455,1024.158481,23.88240814,-0.063620083,-0.763440997,-0.26568115,-3.188173797,8.561,-0.089176615,-0.081151764
MacN,Ofav,20,1,Mo5-1,1,control pH,control temp,control pH-control temp,8.4744,22.69,33.55391,1022.954351,13.02013511,8.5974,23.11,35.300455,1024.158481,13.21745893,0.197323822,2.367885866,1.515528222,18.18633867,7.7635,0.305002366,0.313027216
control,control,,control,CR051,1,control pH,control temp,control pH-control temp,16.7958,22.6,33.55391,1022.979851,25.80554485,16.7059,23.02,35.300455,1024.184505,25.68364415,-0.121900699,-1.462808388,-0.472381807,-5.668581681,9.1247,-0.160313039,-0.152288189
Rainbow,Ofav,6,1,Ro1-1,1,control pH,control temp,control pH-control temp,20.3774,22.57,33.55391,1022.988336,31.30855627,20.5507,23.02,35.300455,1024.184505,31.59463818,0.286081907,3.432982879,0.913749916,10.96499899,11.02,0.311522947,0.319547798
Rainbow,Ofav,7,1,Ro2-1,1,control pH,control temp,control pH-control temp,20.6886,22.58,33.55391,1022.985508,31.7866478,20.7686,23.02,35.300455,1024.184505,31.92963755,0.142989753,1.715877034,0.449842191,5.39810629,12.173,0.140957614,0.148982464
Rainbow,Ofav,8,1,Ro3-1,1,control pH,control temp,control pH-control temp,19.7097,22.59,33.55391,1022.98268,30.28258862,19.9155,23.04,35.300455,1024.178727,30.61798913,0.335400506,4.024806076,1.10756881,13.29082572,5.7538,0.699503993,0.707528844
Rainbow,Ofav,9,1,Ro4-1,1,control pH,control temp,control pH-control temp,15.2126,22.59,33.55391,1022.98268,23.37310602,15.4042,23.04,35.300455,1024.178727,23.68233929,0.309233273,3.710799272,1.323030292,15.8763635,8.5001,0.436559484,0.444584335
Rainbow,Ofav,10,1,Ro5-1,1,control pH,control temp,control pH-control temp,17.2435,22.6,33.55391,1022.979851,26.49340387,17.4351,23.07,35.300455,1024.170055,26.80451272,0.311108857,3.73330628,1.174287979,14.09145574,8.4913,0.439662511,0.447687361
Star,Ofav,11,1,So1-1,1,control pH,control temp,control pH-control temp,13.5281,22.62,33.55391,1022.97419,20.78489593,13.6446,23.06,35.300455,1024.172947,20.97707551,0.192179579,2.306154942,0.924611695,11.09534034,14.469,0.159385925,0.167410775
Star,Ofav,12,1,So2-1,1,control pH,control temp,control pH-control temp,12.0205,22.61,33.55391,1022.977021,18.4686107,12.0634,23.06,35.300455,1024.172947,18.54615399,0.077543288,0.930519455,0.419865301,5.038383611,10.352,0.089887892,0.097912742
Star,Ofav,13,1,So3-1,1,control pH,control temp,control pH-control temp,15.0719,22.62,33.55391,1022.97419,23.15682712,15.1964,23.07,35.300455,1024.170055,23.36276231,0.20593519,2.471222275,0.88930659,10.67167908,8.778,0.281524524,0.289549375
Star,Ofav,14,1,So4-1,1,control pH,control temp,control pH-control temp,18.8322,22.63,33.55391,1022.971358,28.93419888,18.9448,23.07,35.300455,1024.170055,29.12550732,0.191308433,2.295701199,0.661184483,7.934213795,8.0444,0.285378798,0.293403648
Star,Ofav,15,1,So5-1,1,control pH,control temp,control pH-control temp,16.4954,22.63,33.55391,1022.971358,25.34388889,16.6156,23.08,35.300455,1024.167163,25.54458453,0.200695642,2.408347702,0.791889685,9.50267622,10.664,0.225839057,0.233863907
control,control,,control,A144,2,low pH,high temp,low pH-high temp,18.3076,22.87,33.44305,1022.819123,28.12594687,18.3283,22.84,35.23362,1024.185643,28.17793811,0.051991243,0.623894919,0.18485153,2.218218365,8.8793,0.070263976,0.044995656
Emerald,Ssid,22,4,Es1-4,2,low pH,high temp,low pH-high temp,21.5294,22.87,33.44305,1022.819123,33.07559486,21.6771,22.84,35.23362,1024.185643,33.326385,0.25079014,3.009481676,0.758233195,9.098798341,11.006,0.273440094,0.248171775
Emerald,Ssid,23,4,Es2-4,2,low pH,high temp,low pH-high temp,24.2917,22.87,33.44305,1022.819123,37.31931348,24.5454,22.84,35.23362,1024.185643,37.73611094,0.416797455,5.001569459,1.116841164,13.40209396,19.859,0.251854044,0.226585725
Emerald,Ssid,24,4,Es3-4,2,low pH,high temp,low pH-high temp,25.5904,22.87,33.44305,1022.819123,39.31450494,25.8631,22.83,35.23362,1024.188515,39.76200353,0.447498593,5.369983119,1.138253156,13.65903787,9.4389,0.568920438,0.543652118
Emerald,Ssid,25,4,Es4-4,2,low pH,high temp,low pH-high temp,24.3113,22.86,33.44305,1022.821973,37.34948074,24.6228,22.83,35.23362,1024.188515,37.85516279,0.505682041,6.068184497,1.353919871,16.24703845,14.601,0.415600609,0.39033229
Emerald,Ssid,26,4,Es5-4,2,low pH,high temp,low pH-high temp,21.9038,22.86,33.44305,1022.821973,33.65083547,22.0864,22.83,35.23362,1024.188515,33.95569421,0.30485874,3.658304876,0.905947016,10.87136419,8.7558,0.417815034,0.392546715
MacN,Ssid,37,4,Ms1-4,2,low pH,high temp,low pH-high temp,19.243,22.88,33.44305,1022.816273,29.56295673,19.4971,22.85,35.23362,1024.18277,29.97480666,0.411849929,4.942199153,1.393128344,16.71754012,11.119,0.444482341,0.419214022
MacN,Ssid,38,4,Ms2-4,2,low pH,high temp,low pH-high temp,18.2554,22.88,33.44305,1022.816273,28.04571014,18.4903,22.85,35.23362,1024.18277,28.42695414,0.381243997,4.574927967,1.359366532,16.31239838,8.5849,0.532904049,0.507635729
MacN,Ssid,39,4,Ms3-4,2,low pH,high temp,low pH-high temp,18.4304,22.88,33.44305,1022.816273,28.31456206,18.6412,22.85,35.23362,1024.18277,28.65894753,0.344385471,4.13262565,1.216283939,14.59540727,8.9728,0.460572581,0.435304261
MacN,Ssid,40,4,Ms4-4,2,low pH,high temp,low pH-high temp,17.9977,22.88,33.44305,1022.816273,27.64980649,18.2801,22.85,35.23362,1024.18277,28.10379304,0.453986544,5.447838527,1.641915809,19.70298971,13.669,0.398554285,0.373285966
MacN,Ssid,41,4,Ms5-4,2,low pH,high temp,low pH-high temp,17.8094,22.88,33.44305,1022.816273,27.36052183,18.0238,22.86,35.23362,1024.179896,27.70971609,0.349194262,4.190331139,1.276270474,15.31524569,11.634,0.360179744,0.334911425
Rainbow,Ssid,27,4,Rs1-4,2,low pH,high temp,low pH-high temp,22.2087,22.87,33.44305,1022.819123,34.11920274,22.4425,22.84,35.23362,1024.185643,34.50311136,0.38390862,4.606903438,1.125198097,13.50237716,8.7612,0.525830187,0.500561868
Rainbow,Ssid,28,4,Rs2-4,2,low pH,high temp,low pH-high temp,22.447,22.87,33.44305,1022.819123,34.48530279,22.6583,22.84,35.23362,1024.185643,34.8348824,0.349579611,4.194955337,1.013706081,12.16447297,11.401,0.367946262,0.342677943
Rainbow,Ssid,29,4,Rs3-4,2,low pH,high temp,low pH-high temp,23.67,22.87,33.44305,1022.819123,36.36419642,23.8055,22.84,35.23362,1024.185643,36.59858828,0.234391868,2.812702417,0.64456771,7.734812518,11.553,0.243460782,0.218192463
Rainbow,Ssid,30,4,Rs4-4,2,low pH,high temp,low pH-high temp,24.8127,22.87,33.44305,1022.819123,38.11972524,25.0838,22.84,35.23362,1024.185643,38.56384738,0.444122141,5.329465687,1.165071726,13.98086071,9.88,0.539419604,0.514151285
Rainbow,Ssid,31,4,Rs5-4,2,low pH,high temp,low pH-high temp,20.2963,22.87,33.44305,1022.819123,31.18118461,20.5287,22.83,35.23362,1024.188515,31.5608818,0.379697185,4.556366225,1.217712509,14.61255011,14.473,0.314818367,0.289550048
Star,Ssid,32,4,Ss1-4,2,low pH,high temp,low pH-high temp,19.3464,22.88,33.44305,1022.816273,29.72180981,19.5071,22.84,35.23362,1024.185643,29.99022585,0.268416045,3.220992545,0.903094553,10.83713463,10.893,0.295693798,0.270425479
Star,Ssid,33,4,Ss2-4,2,low pH,high temp,low pH-high temp,17.4934,22.88,33.44305,1022.816273,26.87505209,17.7178,22.84,35.23362,1024.185643,27.23935509,0.364303,4.371636005,1.355543421,16.26652105,13.851,0.3156188,0.290350481
Star,Ssid,34,4,Ss3-4,2,low pH,high temp,low pH-high temp,18.7429,22.88,33.44305,1022.816273,28.79465477,19.0871,22.84,35.23362,1024.185643,29.34451763,0.549862861,6.598354331,1.909600463,22.91520556,11.865,0.556119202,0.530850883
Star,Ssid,35,4,Ss4-4,2,low pH,high temp,low pH-high temp,18.0251,22.88,33.44305,1022.816273,27.69190102,18.0715,22.85,35.23362,1024.18277,27.78309177,0.091190748,1.094288982,0.329304761,3.951657132,8.2863,0.132060025,0.106791705
Star,Ssid,36,4,Ss5-4,2,low pH,high temp,low pH-high temp,14.8532,22.88,33.44305,1022.816273,22.81892163,15.1114,22.85,35.23362,1024.18277,23.23223933,0.413317697,4.959812361,1.81129373,21.73552476,8.2837,0.5987436,0.573475281
control,control,,control,A126,3,control pH,control temp,control pH-control temp,20.5375,22.72,33.55391,1022.945837,31.55383637,20.5631,23.11,35.300455,1024.158481,31.61327026,0.05943389,0.713206674,0.188357095,2.260285139,9.2552,0.077060104,0.085084954
Emerald,Ssid,22,1,Es1-1,3,control pH,control temp,control pH-control temp,21.8539,22.72,33.55391,1022.945837,33.5763547,21.9796,23.12,35.300455,1024.155586,33.79091573,0.214561035,2.574732414,0.639024208,7.66829049,11.027,0.233493463,0.241518313
Emerald,Ssid,23,1,Es2-1,3,control pH,control temp,control pH-control temp,22.8611,22.73,33.55391,1022.942997,35.12376553,23.0791,23.11,35.300455,1024.158481,35.48131486,0.357549336,4.290592034,1.01796983,12.21563796,10.796,0.397424234,0.405449085
Emerald,Ssid,24,1,Es3-1,3,control pH,control temp,control pH-control temp,25.468,22.73,33.55391,1022.942997,39.12900343,25.6805,23.13,35.300455,1024.15269,39.48053162,0.351528185,4.218338214,0.898382667,10.780592,13.451,0.313607777,0.321632628
Emerald,Ssid,25,1,Es4-1,3,control pH,control temp,control pH-control temp,24.2074,22.74,33.55391,1022.940157,37.19216377,24.4242,23.14,35.300455,1024.149792,37.54907165,0.356907883,4.28289459,0.95963194,11.51558327,14.533,0.294701341,0.302726191
Emerald,Ssid,26,1,Es5-1,3,control pH,control temp,control pH-control temp,21.7456,22.75,33.55391,1022.937316,33.40981318,21.8229,23.14,35.300455,1024.149792,33.54990688,0.14009371,1.681124514,0.419319045,5.03182854,10.797,0.155702928,0.163727778
MacN,Ssid,37,1,Ms1-1,3,control pH,control temp,control pH-control temp,18.4997,22.84,33.55391,1022.911707,28.42244966,18.8108,23.25,35.300455,1024.117872,28.91870551,0.496255852,5.955070219,1.74599958,20.95199496,8.7599,0.679810297,0.687835147
MacN,Ssid,38,1,Ms2-1,3,control pH,control temp,control pH-control temp,18.5923,22.84,33.55391,1022.911707,28.56471785,18.8308,23.25,35.300455,1024.117872,28.94945243,0.384734579,4.616814943,1.346887376,16.16264851,9.6085,0.480492787,0.488517637
MacN,Ssid,39,1,Ms3-1,3,control pH,control temp,control pH-control temp,18.5514,22.85,33.55391,1022.908857,28.50183758,18.6646,23.27,35.300455,1024.112058,28.69385801,0.192020426,2.304245113,0.673712442,8.084549309,13.825,0.166672341,0.174697191
MacN,Ssid,40,1,Ms4-1,3,control pH,control temp,control pH-control temp,19.45,22.85,33.55391,1022.908857,29.88242079,19.6446,23.25,35.300455,1024.117872,30.20054449,0.318123699,3.817484392,1.064584766,12.77501719,12.66,0.301539052,0.309563902
MacN,Ssid,41,1,Ms5-1,3,control pH,control temp,control pH-control temp,19.5918,22.86,33.55391,1022.906007,30.10023324,19.744,23.26,35.300455,1024.114965,30.35331037,0.25307713,3.036925554,0.840781291,10.08937549,9.2912,0.326860422,0.334885272
Rainbow,Ssid,27,1,Rs1-1,3,control pH,control temp,control pH-control temp,23.6648,22.76,33.55391,1022.934473,36.35840669,23.925,23.24,35.300455,1024.120778,36.78105579,0.422649096,5.071789152,1.162452193,13.94942632,9.4175,0.538549419,0.546574269
Rainbow,Ssid,28,1,Rs2-1,3,control pH,control temp,control pH-control temp,16.7865,22.77,33.55391,1022.93163,25.79060394,16.9265,23.18,35.300455,1024.138196,26.0221622,0.231558267,2.778699205,0.897839646,10.77407575,11.704,0.237414491,0.245439342
Rainbow,Ssid,29,1,Rs3-1,3,control pH,control temp,control pH-control temp,22.5068,22.78,33.55391,1022.928787,34.57916177,22.5075,23.24,35.300455,1024.120778,34.60186471,0.022702933,0.272435194,0.065654954,0.78785945,13.157,0.020706483,0.028731333
Rainbow,Ssid,30,1,Rs4-1,3,control pH,control temp,control pH-control temp,23.884,22.79,33.55391,1022.925942,36.69501963,24.0728,23.24,35.300455,1024.120778,37.00827585,0.313256216,3.759074595,0.85367502,10.24410024,12.479,0.301232037,0.309256888
Rainbow,Ssid,31,1,Rs5-1,3,control pH,control temp,control pH-control temp,19.5919,22.8,33.55391,1022.923097,30.10065661,19.8253,23.2,35.300455,1024.132393,30.47857511,0.377918495,4.535021939,1.255515784,15.06618941,15.677,0.289278685,0.297303535
Star,Ssid,32,1,Ss1-1,3,control pH,control temp,control pH-control temp,19.2146,22.81,33.55391,1022.92025,29.52093535,19.2812,23.23,35.300455,1024.123683,29.64196338,0.121028024,1.452336293,0.409973542,4.919682507,10.989,0.132162735,0.140187585
Star,Ssid,33,1,Ss2-1,3,control pH,control temp,control pH-control temp,20.8402,22.81,33.55391,1022.92025,32.01847538,21.0452,23.23,35.300455,1024.123683,32.35384974,0.335374368,4.024492417,1.047440155,12.56928186,13.476,0.298641468,0.306666318
Star,Ssid,34,1,Ss3-1,3,control pH,control temp,control pH-control temp,22.4465,22.81,33.55391,1022.92025,34.48636326,22.6168,23.24,35.300455,1024.120778,34.76989687,0.28353361,3.402403319,0.822161525,9.865938296,11.595,0.293437113,0.301461963
Star,Ssid,35,1,Ss4-1,3,control pH,control temp,control pH-control temp,17.4098,22.82,33.55391,1022.917403,26.74803603,17.68,23.23,35.300455,1024.123683,27.18035768,0.432321654,5.187859845,1.616274381,19.39529257,14.907,0.348015016,0.356039866
Star,Ssid,36,1,Ss5-1,3,control pH,control temp,control pH-control temp,16.8302,22.83,33.55391,1022.914556,25.85751265,17.1013,23.26,35.300455,1024.114965,26.29057266,0.433060016,5.196720192,1.67479379,20.09752548,11.052,0.470206315,0.478231165
Emerald,Ofav,1,3,Eo1-3,4,low pH,control temp,low pH-control temp,14.536,22.61,33.44305,1022.892947,22.33250616,14.6562,22.71,35.23362,1024.222918,22.53289034,0.200384182,2.404610182,0.897275838,10.76731006,9.4374,0.254795832,0.229527512
Emerald,Ofav,2,3,Eo2-3,4,low pH,control temp,low pH-control temp,16.0756,22.62,33.44305,1022.890118,24.69784696,16.1543,22.7,35.23362,1024.22578,24.83615241,0.138305454,1.659665448,0.559989922,6.719879069,12.704,0.130641172,0.105372853
Emerald,Ofav,3,3,Eo3-3,4,low pH,control temp,low pH-control temp,19.9743,22.63,33.44305,1022.887288,30.68759315,20.088,22.71,35.23362,1024.222918,30.88390587,0.196312715,2.355752574,0.639713625,7.676563497,9.0937,0.259053254,0.233784935
Emerald,Ofav,4,3,Eo4-3,4,low pH,control temp,low pH-control temp,17.3411,22.63,33.44305,1022.887288,26.64206614,17.4874,22.71,35.23362,1024.222918,26.88566385,0.243597716,2.923172594,0.914334928,10.97201913,7.0173,0.41656657,0.391298251
Emerald,Ofav,5,3,Eo5-3,4,low pH,control temp,low pH-control temp,14.7733,22.64,33.44305,1022.884457,22.69698297,14.9868,22.71,35.23362,1024.222918,23.0411649,0.344181925,4.1301831,1.51642148,18.19705776,7.0275,0.587717268,0.562448949
MacN,Ofav,21,3,CR047,4,low pH,control temp,low pH-control temp,11.2504,22.73,33.44305,1022.858943,17.28433871,11.2715,22.7,35.23362,1024.22578,17.32917501,0.044836303,0.538035642,0.259404217,3.112850602,7.8732,0.068337606,0.043069287
MacN,Ofav,16,3,Mo1-3,4,low pH,control temp,low pH-control temp,11.7873,22.73,33.44305,1022.858943,18.10919485,11.708,22.7,35.23362,1024.22578,18.00026448,-0.108930367,-1.307164402,-0.601519658,-7.218235893,8.266,-0.158137479,-0.183405798
MacN,Ofav,17,3,Mo2-3,4,low pH,control temp,low pH-control temp,5.7252,22.74,33.44305,1022.856104,8.795789366,5.6656,22.7,35.23362,1024.22578,8.710479879,-0.085309486,-1.023713836,-0.969890055,-11.63868066,9.7329,-0.105180762,-0.130449081
MacN,Ofav,18,3,Mo3-3,4,low pH,control temp,low pH-control temp,12.0963,22.74,33.44305,1022.856104,18.58389347,12.2345,22.7,35.23362,1024.22578,18.8097229,0.225829432,2.709953185,1.215189016,14.58226819,14.946,0.181316284,0.156047965
MacN,Ofav,19,3,Mo4-3,4,low pH,control temp,low pH-control temp,17.8201,22.74,33.44305,1022.856104,27.37753198,17.8088,22.7,35.23362,1024.22578,27.37983516,0.002303182,0.027638179,0.008412671,0.100952048,7.8147,0.003536691,-0.021731628
MacN,Ofav,20,3,Mo5-3,4,low pH,control temp,low pH-control temp,8.3653,22.75,33.44305,1022.853264,12.85183176,8.439,22.7,35.23362,1024.22578,12.9743963,0.12256454,1.470774476,0.953673701,11.44408441,6.6611,0.22080054,0.195532221
control,control,,control,CR056,4,low pH,control temp,low pH-control temp,14.6337,22.65,33.44305,1022.881625,22.48247491,14.6112,22.71,35.23362,1024.222918,22.46370596,-0.018768944,-0.225227327,-0.083482552,-1.001790628,9.6094,-0.02343823,-0.048706549
Rainbow,Ofav,6,3,Ro1-3,4,low pH,control temp,low pH-control temp,21.0582,22.65,33.44305,1022.881625,32.35275105,21.1059,22.71,35.23362,1024.222918,32.44885647,0.096105419,1.153265029,0.297054859,3.56465831,12.901,0.08939346,0.064125141
Rainbow,Ofav,7,3,Ro2-3,4,low pH,control temp,low pH-control temp,20.3365,22.67,33.44305,1022.87596,31.24387494,20.4019,22.69,35.23362,1024.228641,31.36659952,0.122724582,1.472694986,0.392795652,4.713547821,9.3345,0.157769027,0.132500708
Rainbow,Ofav,8,3,Ro3-3,4,low pH,control temp,low pH-control temp,15.5713,22.67,33.44305,1022.87596,23.92288495,15.676,22.7,35.23362,1024.22578,24.10079825,0.177913305,2.134959657,0.743695023,8.924340278,13.113,0.16281245,0.137544131
Rainbow,Ofav,9,3,Ro4-3,4,low pH,control temp,low pH-control temp,13.7036,22.68,33.44305,1022.873126,21.05342258,13.8106,22.69,35.23362,1024.228641,21.23290278,0.179480203,2.153762439,0.852498935,10.22998722,10.421,0.206675217,0.181406898
Rainbow,Ofav,10,3,Ro5-3,4,low pH,control temp,low pH-control temp,20.2481,22.68,33.44305,1022.873126,31.10801583,20.3802,22.71,35.23362,1024.222918,31.33314309,0.225127256,2.701527073,0.723695325,8.684343894,9.0027,0.300079651,0.274811332
Star,Ofav,11,3,So1-3,4,low pH,control temp,low pH-control temp,13.0651,22.7,33.44305,1022.867455,20.07240823,13.076,22.7,35.23362,1024.22578,20.1034727,0.031064461,0.372773538,0.154762005,1.857144062,10.583,0.035223806,0.009955487
Star,Ofav,12,3,So2-3,4,low pH,control temp,low pH-control temp,11.2505,22.71,33.44305,1022.864618,17.28454378,11.3031,22.7,35.23362,1024.22578,17.37775789,0.093214113,1.118569351,0.539291715,6.471500581,9.2221,0.12129226,0.096023941
Star,Ofav,13,3,So3-3,4,low pH,control temp,low pH-control temp,14.8968,22.71,33.44305,1022.864618,22.88648432,15.037,22.7,35.23362,1024.22578,23.11837863,0.23189431,2.782731719,1.013236925,12.1588431,7.7511,0.359011201,0.333742882
Star,Ofav,14,3,So4-3,4,low pH,control temp,low pH-control temp,20.095,22.72,33.44305,1022.861781,30.87261815,20.1229,22.71,35.23362,1024.222918,30.93756219,0.06494404,0.77932848,0.210361297,2.524335564,7.4386,0.104768166,0.079499847
Star,Ofav,15,3,So5-3,4,low pH,control temp,low pH-control temp,13.3192,22.72,33.44305,1022.861781,20.46273081,13.482,22.7,35.23362,1024.22578,20.72767046,0.264939641,3.179275694,1.294742347,15.53690816,8.4698,0.375366088,0.350097769
control,control,,control,A138,5,control pH,high temp,control pH-high temp,18.7971,23.02,33.55391,1022.860293,28.8785886,18.8305,23.3,35.300455,1024.10333,28.94877035,0.070181754,0.842181048,0.243023491,2.916281886,9.3734,0.089847979,0.09787283
Emerald,Ssid,22,2,Es1-2,5,control pH,high temp,control pH-high temp,22.2401,23.02,33.55391,1022.860293,34.16818011,22.401,23.29,35.300455,1024.10624,34.43787444,0.269694339,3.236332062,0.78931432,9.471771843,11.215,0.28857174,0.29659659
Emerald,Ssid,23,2,Es2-2,5,control pH,high temp,control pH-high temp,23.1161,23.02,33.55391,1022.860293,35.51400705,23.3335,23.29,35.300455,1024.10624,35.87144071,0.357433662,4.289203948,1.006458274,12.07749929,12.748,0.336460931,0.344485781
Emerald,Ssid,24,2,Es3-2,5,control pH,high temp,control pH-high temp,24.6334,23.03,33.55391,1022.857429,37.84502695,24.8357,23.28,35.300455,1024.109149,38.18088584,0.335858896,4.030306753,0.887458467,10.64950161,12.275,0.328334562,0.336359413
Emerald,Ssid,25,2,Es4-2,5,control pH,high temp,control pH-high temp,23.6523,23.03,33.55391,1022.857429,36.33773376,23.8927,23.29,35.300455,1024.10624,36.73111927,0.393385505,4.720626057,1.082581284,12.99097541,13.725,0.343943611,0.351968461
Emerald,Ssid,26,2,Es5-2,5,control pH,high temp,control pH-high temp,22.8868,23.03,33.55391,1022.857429,35.16167329,23.0102,23.29,35.300455,1024.10624,35.37441983,0.212746539,2.552958467,0.605052374,7.260628486,8.051,0.317098307,0.325123157
MacN,Ssid,37,2,Ms1-2,5,control pH,high temp,control pH-high temp,18.16,23.07,33.55391,1022.845965,27.89958179,18.5443,23.27,35.300455,1024.112058,28.50891587,0.609334074,7.312008884,2.184025833,26.20831,11.102,0.658620869,0.666645719
MacN,Ssid,38,2,Ms2-2,5,control pH,high temp,control pH-high temp,15.112,23.08,33.55391,1022.843097,23.21684174,15.4629,23.27,35.300455,1024.112058,23.77175278,0.554911044,6.658932522,2.390122867,28.68147441,9.5874,0.694550402,0.702575252
MacN,Ssid,39,2,Ms3-2,5,control pH,high temp,control pH-high temp,17.5855,23.09,33.55391,1022.840228,27.01688435,17.9667,23.24,35.300455,1024.120778,27.62107398,0.604189633,7.250275597,2.236340894,26.83609073,10.38,0.698485125,0.706509975
MacN,Ssid,40,2,Ms4-2,5,control pH,high temp,control pH-high temp,16.158,23.09,33.55391,1022.840228,24.82379331,16.4147,23.26,35.300455,1024.114965,25.23503261,0.411239294,4.934871529,1.656633573,19.87960287,9.5688,0.515725225,0.523750075
MacN,Ssid,41,2,Ms5-2,5,control pH,high temp,control pH-high temp,16.3648,23.09,33.55391,1022.840228,25.14150345,16.6386,23.27,35.300455,1024.112058,25.5792048,0.437701345,5.252416136,1.740951354,20.89141624,9.0339,0.581411809,0.589436659
Rainbow,Ssid,27,2,Rs1-2,5,control pH,high temp,control pH-high temp,22.1049,23.04,33.55391,1022.854564,33.96036599,22.3906,23.29,35.300455,1024.10624,34.42188614,0.461520156,5.538241871,1.358996414,16.30795697,11.75,0.471339734,0.479364584
Rainbow,Ssid,28,2,Rs2-2,5,control pH,high temp,control pH-high temp,21.6597,23.04,33.55391,1022.854564,33.27639298,21.8283,23.28,35.300455,1024.109149,33.55749306,0.281100083,3.37320099,0.844743247,10.13691896,11.996,0.281193814,0.289218664
Rainbow,Ssid,29,2,Rs3-2,5,control pH,high temp,control pH-high temp,23.764,23.05,33.55391,1022.851698,36.5092321,23.9191,23.28,35.300455,1024.109149,36.77176108,0.262528974,3.150347692,0.719075585,8.62890702,12.985,0.242614378,0.250639228
Rainbow,Ssid,30,2,Rs4-2,5,control pH,high temp,control pH-high temp,24.8545,23.05,33.55391,1022.851698,38.18459474,25.137,23.28,35.300455,1024.109149,38.64408603,0.459491296,5.51389555,1.203342078,14.44010494,10.238,0.538571552,0.546596402
Rainbow,Ssid,31,2,Rs5-2,5,control pH,high temp,control pH-high temp,24.6911,23.05,33.55391,1022.851698,37.9335592,24.9629,23.28,35.300455,1024.109149,38.37643534,0.442876145,5.314513734,1.167504853,14.01005823,15.587,0.340958089,0.348982939
Star,Ssid,32,2,Ss1-2,5,control pH,high temp,control pH-high temp,19.0393,23.06,33.55391,1022.848832,29.25051246,19.2093,23.28,35.300455,1024.109149,29.53120268,0.280690225,3.368282695,0.959607887,11.51529465,10.661,0.315944348,0.323969198
Star,Ssid,33,2,Ss2-2,5,control pH,high temp,control pH-high temp,23.393,23.07,33.55391,1022.845965,35.9391474,23.6636,23.27,35.300455,1024.112058,36.37902652,0.439879115,5.278549379,1.223955343,14.68746412,11.929,0.442497224,0.450522074
Star,Ssid,34,2,Ss3-2,5,control pH,high temp,control pH-high temp,21.1104,23.07,33.55391,1022.845965,32.43234204,21.2962,23.27,35.300455,1024.112058,32.73952503,0.307182992,3.686195899,0.947150197,11.36580236,11.306,0.326038908,0.334063759
Star,Ssid,35,2,Ss4-2,5,control pH,high temp,control pH-high temp,21.3088,23.07,33.55391,1022.845965,32.73714805,21.5085,23.27,35.300455,1024.112058,33.06590256,0.328754518,3.94505422,1.004224674,12.05069609,9.2695,0.425595148,0.433619998
Star,Ssid,36,2,Ss5-2,5,control pH,high temp,control pH-high temp,17.1365,23.07,33.55391,1022.845965,26.32715768,17.3998,23.26,35.300455,1024.114965,26.7494697,0.422312028,5.067744335,1.604092751,19.24911302,11.129,0.455363854,0.463388705
Emerald,Ofav,1,2,Eo1-2,6,control pH,high temp,control pH-high temp,10.3816,22.88,33.55391,1022.900304,15.94992022,10.5451,23.26,35.300455,1024.114965,16.21144111,0.261520886,3.138250635,1.639637582,19.67565098,7.6692,0.409201825,0.417226675
Emerald,Ofav,2,2,Eo2-2,6,control pH,high temp,control pH-high temp,10.0059,22.88,33.55391,1022.900304,15.37270813,10.1098,23.26,35.300455,1024.114965,15.54223547,0.169527343,2.034328119,1.102781252,13.23337503,9.4214,0.215926308,0.223951158
Emerald,Ofav,3,2,Eo3-2,6,control pH,high temp,control pH-high temp,20.2553,22.88,33.55391,1022.900304,31.11952098,20.3546,23.26,35.300455,1024.114965,31.29201232,0.17249134,2.069896079,0.554286616,6.651439396,9.0855,0.227824124,0.235848974
Emerald,Ofav,4,2,Eo4-2,6,control pH,high temp,control pH-high temp,19.4235,22.9,33.55391,1022.894598,29.84148382,19.5446,23.27,35.300455,1024.112058,30.04671824,0.205234417,2.462813001,0.687748699,8.252984388,10.303,0.239038436,0.247063286
Emerald,Ofav,5,2,Eo5-2,6,control pH,high temp,control pH-high temp,13.9513,22.91,33.55391,1022.891744,21.43418386,14.1946,23.26,35.300455,1024.114965,21.82197627,0.38779241,4.653508924,1.809224055,21.71068866,11.081,0.419953878,0.427978729
MacN,Ofav,21,2,CR046,6,control pH,high temp,control pH-high temp,13.0562,23.01,33.55391,1022.863156,20.05868961,13.2123,23.3,35.300455,1024.10333,20.31171974,0.253030125,3.036361503,1.261448929,15.13738714,9.6512,0.314609738,0.322634588
MacN,Ofav,16,2,Mo1-2,6,control pH,high temp,control pH-high temp,13.8811,22.98,33.55391,1022.871741,21.32610788,13.8523,23.3,35.300455,1024.10333,21.29561358,-0.030494301,-0.365931617,-0.142990468,-1.715885614,9.2872,-0.039401716,-0.031376866
MacN,Ofav,17,2,Mo2-2,6,control pH,high temp,control pH-high temp,8.8029,22.99,33.55391,1022.86888,13.52423896,8.7705,23.3,35.300455,1024.10333,13.48318899,-0.041049968,-0.492599621,-0.303528861,-3.642346327,7.6508,-0.064385374,-0.056360524
MacN,Ofav,18,2,Mo3-2,6,control pH,high temp,control pH-high temp,13.1087,22.99,33.55391,1022.86888,20.13940762,13.2316,23.3,35.300455,1024.10333,20.34139029,0.201982671,2.423792048,1.002922601,12.03507121,10.015,0.242016181,0.250041031
MacN,Ofav,19,2,Mo4-2,6,control pH,high temp,control pH-high temp,13.8418,23,33.55391,1022.866018,21.26566586,13.9013,23.3,35.300455,1024.10333,21.37094295,0.105277094,1.263325129,0.495056655,5.940679862,8.5181,0.148310671,0.156335522
MacN,Ofav,20,2,Mo5-2,6,control pH,high temp,control pH-high temp,11.036,23,33.55391,1022.866018,16.95501224,11.1466,23.3,35.300455,1024.10333,17.13604862,0.181036383,2.172436598,1.067745517,12.81294621,7.876,0.275829939,0.283854789
control,control,,control,CR052,6,control pH,high temp,control pH-high temp,14.1866,22.91,33.55391,1022.891744,21.79568877,14.1566,23.29,35.300455,1024.10624,21.76345758,-0.032231183,-0.386774197,-0.147878709,-1.774544504,9.9956,-0.038694445,-0.030669595
Rainbow,Ofav,6,2,Ro1-2,6,control pH,high temp,control pH-high temp,18.5806,22.92,33.55391,1022.888889,28.54640072,18.5622,23.28,35.300455,1024.109149,28.53639073,-0.01000999,-0.120119874,-0.03506568,-0.42078816,9.2778,-0.012947021,-0.004922171
Rainbow,Ofav,7,2,Ro2-2,6,control pH,high temp,control pH-high temp,16.1647,22.93,33.55391,1022.886033,24.83468309,16.1964,23.29,35.300455,1024.10624,24.89931653,0.06463344,0.775601279,0.26025474,3.123056882,10.69,0.072553908,0.080578759
Rainbow,Ofav,8,2,Ro3-2,6,control pH,high temp,control pH-high temp,19.2397,22.94,33.55391,1022.883176,29.55892386,19.3962,23.3,35.300455,1024.10333,29.81844027,0.259516406,3.114196876,0.877962972,10.53555566,11.079,0.281090069,0.28911492
Rainbow,Ofav,9,2,Ro4-2,6,control pH,high temp,control pH-high temp,13.9164,22.94,33.55391,1022.883176,21.38046893,14.078,23.3,35.300455,1024.10333,21.64258989,0.262120966,3.14545159,1.225983241,14.71179889,9.1677,0.343101497,0.351126347
Rainbow,Ofav,10,2,Ro5-2,6,control pH,high temp,control pH-high temp,20.5001,22.95,33.55391,1022.880318,31.49529292,20.7106,23.3,35.300455,1024.10333,31.83911225,0.343819334,4.125832008,1.091653076,13.09983691,11.777,0.350329626,0.358354477
Star,Ofav,11,2,So1-2,6,control pH,high temp,control pH-high temp,12.7516,22.96,33.55391,1022.87746,19.59086908,12.8077,23.28,35.300455,1024.109149,19.68977446,0.098905383,1.186864598,0.504854495,6.058253941,13.058,0.09089176,0.09891661
Star,Ofav,12,2,So2-2,6,control pH,high temp,control pH-high temp,11.3744,22.97,33.55391,1022.874601,17.47498723,11.3627,23.29,35.300455,1024.10624,17.4682932,-0.006694033,-0.080328398,-0.038306369,-0.459676434,8.0685,-0.009955803,-0.001930953
Star,Ofav,13,2,So3-2,6,control pH,high temp,control pH-high temp,16.5503,22.97,33.55391,1022.874601,25.42694834,16.7441,23.29,35.300455,1024.10624,25.74131572,0.314367383,3.772408593,1.23635514,14.83626168,12.234,0.308354471,0.316379321
Star,Ofav,14,2,So4-2,6,control pH,high temp,control pH-high temp,17.1561,22.98,33.55391,1022.871741,26.3576258,17.2517,23.3,35.300455,1024.10333,26.52162723,0.164001429,1.968017149,0.622216244,7.466594922,12.482,0.157668415,0.165693265
Star,Ofav,15,2,So5-2,6,control pH,high temp,control pH-high temp,12.5248,22.97,33.55391,1022.874601,19.24239697,12.79,23.3,35.300455,1024.10333,19.66250353,0.420106565,5.041278779,2.183234062,26.19880874,11.437,0.440786813,0.448811663
control,control,,control,A140,7,low pH,control temp,low pH-control temp,20.7866,22.76,33.44305,1022.850424,31.9349561,20.7877,22.7,35.23362,1024.22578,31.95969405,0.024737947,0.29685536,0.077463537,0.929562449,9.1218,0.032543507,0.007275188
Emerald,Ssid,22,3,Es1-3,7,low pH,control temp,low pH-control temp,22.5024,22.77,33.44305,1022.847582,34.57092961,22.6037,22.7,35.23362,1024.22578,34.75167221,0.180742593,2.168911114,0.522816699,6.273800383,10.15,0.213685824,0.188417505
Emerald,Ssid,23,3,Es2-3,7,low pH,control temp,low pH-control temp,24.7575,22.77,33.44305,1022.847582,38.0354891,24.8772,22.7,35.23362,1024.22578,38.24702592,0.211536822,2.538441862,0.556156439,6.673877272,9.1088,0.278680162,0.253411843
Emerald,Ssid,24,3,Es3-3,7,low pH,control temp,low pH-control temp,23.0223,22.77,33.44305,1022.847582,35.36966336,23.0989,22.7,35.23362,1024.22578,35.51300898,0.14334562,1.720147439,0.40527844,4.863341279,9.1102,0.188815552,0.163547232
Emerald,Ssid,25,3,Es4-3,7,low pH,control temp,low pH-control temp,24.2174,22.77,33.44305,1022.847582,37.20572165,24.3466,22.7,35.23362,1024.22578,37.43126402,0.225542372,2.706508464,0.60620346,7.274441522,9.5036,0.284787708,0.259519389
Emerald,Ssid,26,3,Es5-3,7,low pH,control temp,low pH-control temp,22.4853,22.78,33.44305,1022.84474,34.54460703,22.5953,22.7,35.23362,1024.22578,34.73875777,0.194150743,2.32980891,0.562029096,6.744349148,11.414,0.204118531,0.178850212
MacN,Ssid,37,3,Ms1-3,7,low pH,control temp,low pH-control temp,16.4777,22.8,33.44305,1022.839053,25.31493793,16.5952,22.71,35.23362,1024.222918,25.51396827,0.199030339,2.388364067,0.786216974,9.434603685,8.041,0.297023264,0.271754945
MacN,Ssid,38,3,Ms2-3,7,low pH,control temp,low pH-control temp,17.0424,22.81,33.44305,1022.836208,26.18245597,17.0856,22.72,35.23362,1024.220056,26.26788478,0.085428814,1.025145762,0.326282659,3.915391908,6.9998,0.146453579,0.12118526
MacN,Ssid,39,3,Ms3-3,7,low pH,control temp,low pH-control temp,19.1224,22.81,33.44305,1022.836208,29.37798643,19.2888,22.72,35.23362,1024.220056,29.65514679,0.277160355,3.325924257,0.943428698,11.32114437,10.31,0.322592072,0.297323752
MacN,Ssid,40,3,Ms4-3,7,low pH,control temp,low pH-control temp,19.2497,22.81,33.44305,1022.836208,29.57355904,19.4027,22.73,35.23362,1024.217192,29.83021505,0.256656009,3.079872113,0.867856348,10.41427617,9.0632,0.339821709,0.31455339
MacN,Ssid,41,3,Ms5-3,7,low pH,control temp,low pH-control temp,19.6822,22.81,33.44305,1022.836208,30.2380143,19.8247,22.72,35.23362,1024.220056,30.47905461,0.241040312,2.892483746,0.797143324,9.565719883,9.6283,0.300414792,0.275146473
Rainbow,Ssid,27,3,Rs1-3,7,low pH,control temp,low pH-control temp,23.0993,22.78,33.44305,1022.84474,35.48790726,23.2046,22.7,35.23362,1024.22578,35.67551564,0.187608381,2.251300566,0.528654393,6.34385271,10.099,0.222923118,0.197654799
Rainbow,Ssid,28,3,Rs2-3,7,low pH,control temp,low pH-control temp,13.818,22.78,33.44305,1022.84474,21.22886419,13.9074,22.7,35.23362,1024.22578,21.38169441,0.152830228,1.833962732,0.71991712,8.639005441,9.7178,0.188722008,0.163453689
Rainbow,Ssid,29,3,Rs3-3,7,low pH,control temp,low pH-control temp,12.6235,22.78,33.44305,1022.84474,19.39373043,12.6913,22.7,35.23362,1024.22578,19.51202226,0.118291827,1.419501929,0.609948807,7.319385684,8.9034,0.159433692,0.134165372
Rainbow,Ssid,30,3,Rs4-3,7,low pH,control temp,low pH-control temp,23.4107,22.79,33.44305,1022.841897,35.96626357,23.49,22.7,35.23362,1024.22578,36.11429899,0.148035426,1.776425107,0.411595231,4.93914277,9.3246,0.190509524,0.165241205
Rainbow,Ssid,31,3,Rs5-3,7,low pH,control temp,low pH-control temp,18.4917,22.79,33.44305,1022.841897,28.40911874,18.6648,22.7,35.23362,1024.22578,28.69587773,0.286758992,3.441107902,1.009390663,12.11268795,9.9851,0.34462428,0.319355961
Star,Ssid,32,3,Ss1-3,7,low pH,control temp,low pH-control temp,17.2606,22.78,33.44305,1022.84474,26.51779803,17.2838,22.7,35.23362,1024.22578,26.57268288,0.054884852,0.658618227,0.206973642,2.4836837,9.6177,0.068479806,0.043211486
Star,Ssid,33,3,Ss2-3,7,low pH,control temp,low pH-control temp,22.1476,22.78,33.44305,1022.84474,34.0257919,22.2686,22.7,35.23362,1024.22578,34.23647844,0.21068654,2.528238474,0.619196579,7.43035895,9.7335,0.25974608,0.234477761
Star,Ssid,34,3,Ss3-3,7,low pH,control temp,low pH-control temp,21.2142,22.79,33.44305,1022.841897,32.5917426,21.3693,22.7,35.23362,1024.22578,32.85386503,0.262122423,3.145469073,0.804260226,9.651122713,10.527,0.29880014,0.273531821
Star,Ssid,35,3,Ss4-3,7,low pH,control temp,low pH-control temp,16.9436,22.79,33.44305,1022.841897,26.03074591,17.062,22.71,35.23362,1024.222918,26.23164087,0.200894961,2.410739533,0.771760293,9.261123521,9.4094,0.256205447,0.230937128
Star,Ssid,36,3,Ss5-3,7,low pH,control temp,low pH-control temp,18.8415,22.8,33.44305,1022.839053,28.94647937,19.0074,22.71,35.23362,1024.222918,29.22255836,0.276078995,3.312947942,0.953756731,11.44508077,10.273,0.322490796,0.297222476
Emerald,Ofav,1,4,Eo1-4,8,low pH,high temp,low pH-high temp,15.4856,22.83,33.44305,1022.830517,23.79065332,15.7297,22.74,35.23362,1024.214328,24.18321309,0.392559768,4.710717221,1.650058799,19.80070559,10.487,0.449195883,0.423927563
Emerald,Ofav,2,4,Eo2-4,8,low pH,high temp,low pH-high temp,15.4724,22.83,33.44305,1022.830517,23.77037405,15.7049,22.74,35.23362,1024.214328,24.14508498,0.374710929,4.496531146,1.576377923,18.91653508,10.082,0.445995948,0.420727629
Emerald,Ofav,3,4,Eo3-4,8,low pH,high temp,low pH-high temp,15.7007,22.83,33.44305,1022.830517,24.1211132,15.905,22.75,35.23362,1024.211463,24.4526867,0.331573498,3.978881975,1.374619385,16.49543262,11.039,0.360438624,0.335170305
Emerald,Ofav,4,4,Eo4-4,8,low pH,high temp,low pH-high temp,17.1468,22.83,33.44305,1022.830517,26.3427684,17.3875,22.75,35.23362,1024.211463,26.73191386,0.389145461,4.669745533,1.477238289,17.72685946,10.524,0.443723445,0.418455126
Emerald,Ofav,5,4,Eo5-4,8,low pH,high temp,low pH-high temp,14.1319,22.83,33.44305,1022.830517,21.71095299,14.4931,22.76,35.23362,1024.208598,22.28196798,0.571014986,6.852179834,2.630077945,31.56093534,9.882,0.693400105,0.668131786
MacN,Ofav,21,4,CR049,8,low pH,high temp,low pH-high temp,13.9888,22.85,33.44305,1022.824822,21.49104312,14.6006,22.82,35.23362,1024.191386,22.44703781,0.955994684,11.47193621,4.448340078,53.38008093,9.8398,1.165870873,1.140602553
MacN,Ofav,16,4,Mo1-4,8,low pH,high temp,low pH-high temp,12.1362,22.86,33.44305,1022.821973,18.64485931,12.1501,22.82,35.23362,1024.191386,18.67962646,0.034767144,0.417205731,0.186470403,2.237644834,11.625,0.035888665,0.010620346
MacN,Ofav,17,4,Mo2-4,8,low pH,high temp,low pH-high temp,16.1149,22.86,33.44305,1022.821973,24.75734112,16.1903,22.82,35.23362,1024.191386,24.89105079,0.133709669,1.604516025,0.540080892,6.480970703,13.875,0.115640795,0.090372475
MacN,Ofav,18,4,Mo3-4,8,low pH,high temp,low pH-high temp,10.7226,22.86,33.44305,1022.821973,16.47314386,10.9999,22.82,35.23362,1024.191386,16.91130304,0.438159184,5.257910205,2.659839479,31.91807375,13.265,0.396374686,0.371106366
MacN,Ofav,19,4,Mo4-4,8,low pH,high temp,low pH-high temp,14.5917,22.86,33.44305,1022.821973,22.41724705,14.6686,22.83,35.23362,1024.188515,22.55154738,0.134300332,1.61160398,0.599093775,7.189125303,9.2909,0.173460481,0.148192161
MacN,Ofav,20,4,Mo5-4,8,low pH,high temp,low pH-high temp,10.2178,22.86,33.44305,1022.821973,15.69761898,10.2572,22.83,35.23362,1024.188515,15.76944847,0.071829486,0.86195383,0.457582044,5.49098453,9.6864,0.088985983,0.063717664
control,control,,control,A074,8,low pH,high temp,low pH-high temp,18.5089,22.83,33.44305,1022.830517,28.43537372,18.5064,22.78,35.23362,1024.202864,28.45200623,0.016632517,0.199590208,0.058492347,0.70190816,9.196,0.021704024,-0.003564295
Rainbow,Ofav,6,4,Ro1-4,8,low pH,high temp,low pH-high temp,19.6836,22.83,33.44305,1022.830517,30.24007489,19.9153,22.78,35.23362,1024.202864,30.61806941,0.377994524,4.535934282,1.249978794,14.99974553,12.249,0.370310579,0.34504226
Rainbow,Ofav,7,4,Ro2-4,8,low pH,high temp,low pH-high temp,19.7572,22.83,33.44305,1022.830517,30.35314717,19.9744,22.79,35.23362,1024.199996,30.70888439,0.355737222,4.268846658,1.17199452,14.06393424,15.154,0.281697681,0.256429362
Rainbow,Ofav,8,4,Ro3-4,8,low pH,high temp,low pH-high temp,19.1405,22.83,33.44305,1022.830517,29.40570594,19.3997,22.79,35.23362,1024.199996,29.82533365,0.419627713,5.035532557,1.42702819,17.12433828,11.899,0.423189559,0.397921239
Rainbow,Ofav,9,4,Ro4-4,8,low pH,high temp,low pH-high temp,16.8466,22.83,33.44305,1022.830517,25.8815687,17.0471,22.77,35.23362,1024.205731,26.2084968,0.326928104,3.923137252,1.263169587,15.15803504,12.865,0.304946541,0.279678222
Rainbow,Ofav,10,4,Ro5-4,8,low pH,high temp,low pH-high temp,17.8172,22.84,33.44305,1022.827669,27.37266851,18.0663,22.79,35.23362,1024.199996,27.77534835,0.402679833,4.832157999,1.471101851,17.65322221,8.1793,0.590778917,0.565510598
Star,Ofav,11,4,So1-4,8,low pH,high temp,low pH-high temp,11.5153,22.85,33.44305,1022.824822,17.69099629,11.5962,22.83,35.23362,1024.188515,17.82803088,0.137034591,1.644415088,0.774600754,9.295209048,8.694,0.189143672,0.163875353
Star,Ofav,12,4,So2-4,8,low pH,high temp,low pH-high temp,11.8738,22.85,33.44305,1022.824822,18.24176111,12.0493,22.81,35.23362,1024.194257,18.52468392,0.282922808,3.395073699,1.550962139,18.61154567,12.43,0.273135455,0.247867135
Star,Ofav,13,4,So3-4,8,low pH,high temp,low pH-high temp,10.4952,22.85,33.44305,1022.824822,16.12381303,10.9649,22.81,35.23362,1024.194257,16.85751925,0.733706216,8.80447459,4.550451027,54.60541233,12.997,0.677423605,0.652155286
Star,Ofav,14,4,So4-4,8,low pH,high temp,low pH-high temp,17.6312,22.85,33.44305,1022.824822,27.08687518,17.8462,22.81,35.23362,1024.194257,27.43688132,0.350006147,4.200073763,1.292161405,15.50593686,14.662,0.286459812,0.261191493
Star,Ofav,15,4,So5-4,8,low pH,high temp,low pH-high temp,13.4765,22.85,33.44305,1022.824822,20.70399481,13.7144,22.81,35.23362,1024.194257,21.08462111,0.380626297,4.567515564,1.838419592,22.06103511,13.05,0.350001193,0.324732873