"species","site","mean_control pH","mean_low pH","sd_control pH","sd_low pH","n_control pH","n_low pH","pct_change"
"Ofav","Emerald",0.326715599009185,0.415873862850505,0.109903646094895,0.100517957626565,9,5,27.29
"Ofav","Rainbow",0.282415886207476,0.354997121591796,0.18802577818058,0.173675302012581,8,2,25.7
"Ofav","Star",0.194823699810226,0.200090523623198,0.118643619897096,0.11532888344554,8,5,2.7
"Ofav","MacN",0.0939086778534833,0.00842232404256106,0.146989359422488,0.104755685920974,10,5,-91.03
"Ofav","reef sites",0.305868675337793,0.398480508205159,0.148412002295443,0.112452066456967,17,7,30.28
"Ofav","urban sites",0.138759798723147,0.10425642383288,0.14105662699372,0.144890674182097,18,10,-24.87
"Ofav","all sites",0.219926967364546,0.225407517397936,0.165814749732385,0.197051431489968,35,17,2.49
"Ssid","Emerald",0.261041528181584,0.240379102327854,0.0559222758387541,0.102060240522449,10,10,-7.92
"Ssid","Rainbow",0.282377114450367,0.240376550551608,0.133200675758562,0.115251244383798,10,10,-14.87
"Ssid","Star",0.303165504998624,0.24090629821263,0.0867343202745203,0.13793761698769,10,10,-20.54
"Ssid","MacN",0.470305474500124,0.283070619159995,0.130240260928529,0.090631848197842,9,10,-39.81
"Ssid","reef sites",0.271709321315976,0.240377826439731,0.10002723966497,0.105952392059677,20,20,-11.53
"Ssid","urban sites",0.382337069499334,0.261988458686312,0.136571738193105,0.115634954785525,19,20,-31.48
"Ssid","all sites",0.325604890943766,0.251183142563022,0.130291530305984,0.11001397173948,39,40,-22.86
