"","sampleID","site","species","treatment","genotype","calcificationavg"
"1","A074",NA,"control","low pH",NA,-0.00143151415056381
"2","A144",NA,"control","low pH",NA,0.00139241964462082
"3","CR046","MacArthur North","Ofav","control pH","21",0.0140530944029057
"4","CR049","MacArthur North","Ofav","low pH","21",0.0570356127511107
"5","CR052",NA,"control","control pH",NA,-0.00236556682528899
"6","Eo1-2","Emerald","Ofav","control pH","1",0.0339528371436199
"7","Eo1-4","Emerald","Ofav","low pH","1",0.0389867963078331
"8","Eo2-2","Emerald","Ofav","control pH","2",0.00891622174457344
"9","Eo2-4","Emerald","Ofav","low pH","2",0.0432363457166137
"10","Eo3-2","Emerald","Ofav","control pH","3",0.0250164576234952
"11","Eo3-4","Emerald","Ofav","low pH","3",0.0187494546643987
"12","Eo4-2","Emerald","Ofav","control pH","4",0.0359624130566336
"13","Eo4-4","Emerald","Ofav","low pH","4",0.0259470225790929
"14","Eo5-2","Emerald","Ofav","control pH","5",0.0213321827448661
"15","Eo5-4","Emerald","Ofav","low pH","5",0.0459466337221664
"16","Es1-2","Emerald","Ssid","control pH","22",0.0296645600822078
"17","Es1-4","Emerald","Ssid","low pH","22",0.0215268414837329
"18","Es2-2","Emerald","Ssid","control pH","23",0.0319515043955742
"19","Es2-4","Emerald","Ssid","low pH","23",0.0208818712202963
"20","Es3-2","Emerald","Ssid","control pH","24",0.0259461608828492
"21","Es3-4","Emerald","Ssid","low pH","24",0.046854612215788
"22","Es4-2","Emerald","Ssid","control pH","25",0.0239217741985946
"23","Es4-4","Emerald","Ssid","low pH","25",0.0326548392331272
"24","Es5-2","Emerald","Ssid","control pH","26",0.0279621422045946
"25","Es5-4","Emerald","Ssid","low pH","26",0.00741521911262495
"26","Mo1-2","MacArthur North","Ofav","control pH","16",0.0037914839663591
"27","Mo1-4","MacArthur North","Ofav","low pH","16",0.0108826725179507
"28","Mo2-2","MacArthur North","Ofav","control pH","17",0.0179783342581214
"29","Mo2-4","MacArthur North","Ofav","low pH","17",0.000850387563451986
"30","Mo3-2","MacArthur North","Ofav","control pH","18",0.0277760464394775
"31","Mo3-4","MacArthur North","Ofav","low pH","18",0.0279838136338549
"32","Mo4-2","MacArthur North","Ofav","control pH","19",0.03490920919518
"33","Mo4-4","MacArthur North","Ofav","low pH","19",0.0299352727647241
"34","Mo5-2","MacArthur North","Ofav","control pH","20",0.018269883574121
"35","Mo5-4","MacArthur North","Ofav","low pH","20",0.0107196523337731
"36","Ms1-2","MacArthur North","Ssid","control pH","37",0.0480997297564168
"37","Ms1-4","MacArthur North","Ssid","low pH","37",0.0270918962667362
"38","Ms2-2","MacArthur North","Ssid","control pH","38",0.0453962745661829
"39","Ms2-4","MacArthur North","Ssid","low pH","38",0.056786773066632
"40","Ms3-2","MacArthur North","Ssid","control pH","39",0.0373973212826043
"41","Ms3-4","MacArthur North","Ssid","low pH","39",0.0437262866072932
"42","Ms4-2","MacArthur North","Ssid","control pH","40",0.0558713381337415
"43","Ms4-4","MacArthur North","Ssid","low pH","40",0.0610596328764712
"44","Ms5-2","MacArthur North","Ssid","control pH","41",0.060430665220811
"45","Ms5-4","MacArthur North","Ssid","low pH","41",0.034829978045533
"46","Ro1-2","Rainbow","Ofav","control pH","6",0.00391698753787512
"47","Ro1-4","Rainbow","Ofav","low pH","6",0.0226563276617737
"48","Ro2-2","Rainbow","Ofav","control pH","7",0.00663662665764885
"49","Ro2-4","Rainbow","Ofav","low pH","7",0.00966510475917267
"50","Ro3-2","Rainbow","Ofav","control pH","8",0.0358636593676836
"51","Ro3-4","Rainbow","Ofav","low pH","8",0.0403474485889854
"52","Ro4-2","Rainbow","Ofav","control pH","9",0.0455953766354373
"53","Ro4-4","Rainbow","Ofav","low pH","9",0.0334521906772886
"54","Ro5-2","Rainbow","Ofav","control pH","10",0.0223483462241858
"55","Ro5-4","Rainbow","Ofav","low pH","10",0.0554900638086112
"56","Rs1-2","Rainbow","Ssid","control pH","27",0.0296811605598576
"57","Rs1-4","Rainbow","Ssid","low pH","27",0.0253349876081124
"58","Rs2-2","Rainbow","Ssid","control pH","28",0.0186583596399578
"59","Rs2-4","Rainbow","Ssid","low pH","28",0.0194954177908809
"60","Rs3-2","Rainbow","Ssid","control pH","29",0.0113050000572177
"61","Rs3-4","Rainbow","Ssid","low pH","29",0.0146560399710235
"62","Rs4-2","Rainbow","Ssid","control pH","30",0.046873341008044
"63","Rs4-4","Rainbow","Ssid","low pH","30",0.0410839175870522
"64","Rs5-2","Rainbow","Ssid","control pH","31",0.0361518732042428
"65","Rs5-4","Rainbow","Ssid","low pH","31",0.00998512461029833
"66","So1-2","Star Island","Ofav","control pH","11",0.0132611102549388
"67","So1-4","Star Island","Ofav","low pH","11",0.0323265491244352
"68","So2-2","Star Island","Ofav","control pH","12",0.0125819099706661
"69","So2-4","Star Island","Ofav","low pH","12",0.0085902963842353
"70","So3-2","Star Island","Ofav","control pH","13",0.0299660298745799
"71","So3-4","Star Island","Ofav","low pH","13",0.0271323397695325
"72","So4-2","Star Island","Ofav","control pH","14",0.021992708656661
"73","So4-4","Star Island","Ofav","low pH","14",0.00983648789619053
"74","So5-2","Star Island","Ofav","control pH","15",0.0305289316402884
"75","So5-4","Star Island","Ofav","low pH","15",0.0385059403969178
"76","Ss1-2","Star Island","Ssid","control pH","32",0.0366503417435731
"77","Ss1-4","Star Island","Ssid","low pH","32",0.0148671392154902
"78","Ss2-2","Star Island","Ssid","control pH","33",0.0521136868596806
"79","Ss2-4","Star Island","Ssid","low pH","33",0.0206900345953775
"80","Ss3-2","Star Island","Ssid","control pH","34",0.0263609941822606
"81","Ss3-4","Star Island","Ssid","low pH","34",0.0264649832625757
"82","Ss4-2","Star Island","Ssid","control pH","35",0.052568328773615
"83","Ss4-4","Star Island","Ssid","low pH","35",0.0420366636431822
"84","Ss5-2","Star Island","Ssid","control pH","36",0.043553913060464
"85","Ss5-4","Star Island","Ssid","low pH","36",0.0367688734688354
