"bottle","sample","sampleID","tank","date","incubation","site","genotype","species","treatment","temp","salinity","initialpH","finalpH","area","volume","density","time","initialO2","finalO2","netO2","finalTA","initialTA","surv_excluded","initialTA_mol","finalTA_mol","NO2NO3","NH4","PO4","netTA","netpH","seawater_kg","calcification","blank","calcificationadj","initialpCO2","initialDIC","initialAr","finalpCO2","finalDIC","finalAr","netDIC","netpCO2","netAr","pH_excluded"
6405,"D Eo 4-2","Eo4-2","T6","3/29/21","day","Emerald","4","Ofav","control pH",22.585143,34.6149616,8.05770314,8.09679491,10.303,18.398,1.024469,2,110.9,130.9,20,2428.11409663865,2469.55652056428,FALSE,0.00246955652056428,0.00242811409663865,-0.304938460802621,-0.924186090550324,-0.0218649856657449,-41.4424239256305,0.0390917700000006,0.700329057338,0.0694717891147492,0.0128139661891945,0.0566578229255547,416.992525193213,2172.00588648916,3.42350547519375,367.026885093577,2110.49614925192,3.60764882456699,-61.5097372372434,-49.9656400996361,0.184143349373245,FALSE
6406,"D Es 4-2","Es4-2","T5","3/29/21","day","Emerald","25","Ssid","control pH",22.581406,34.8313529,8.0244069,8.06425638,13.725,18.829,1.024634,2.233333333,111.3,120.7,9.4,2399.32641584346,2436.4654417281,FALSE,0.0024364654417281,0.00239932641584346,-0.474071717315646,-1.3868366655801,-0.0656331919495156,-37.1390258846404,0.0398494799999991,0.700000234414,0.041476548897983,0.0128139661891945,0.0286625827087885,450.293251953087,2159.66122564224,3.18456657163173,396.566978837203,2102.4047605926,3.36953901563836,-57.2564650496479,-53.7262731158842,0.184972444006624,FALSE
6407,"D Mo 4-2","Mo4-2","T6","3/29/21","day","MacArthur North","19","Ofav","control pH",22.615647,34.6818185,8.05770314,8.10361889,8.5181,14.318,1.02452,2.133333333,110.9,124.8,13.9,2435.92515121345,2469.55652056428,FALSE,0.00246955652056428,0.00243592515121345,-0.304923281146293,-0.924140085113028,-0.021863897239683,-33.6313693508282,0.0459157500000007,0.70454396264,0.064095673962589,0.0128139661891945,0.0512817077733945,416.730112732625,2171.22933205531,3.42959332225523,360.951584055472,2112.51815761757,3.67001875922636,-58.7111744377398,-55.7785286771539,0.240425436971127,FALSE
6408,"D Ms 4-2","Ms4-2","T5","3/29/21","day","MacArthur North","40","Ssid","control pH",22.547033,34.6044741,8.0244069,8.02378073,9.5688,16.529,1.024461,2.366666667,111.3,116.2,4.9,2392.85937683505,2436.4654417281,FALSE,0.0024364654417281,0.00239285937683505,-0.474151773469171,-1.38707085970086,-0.0656442753799315,-43.6060648930479,-0.000626170000000315,0.702238306131,0.0663553655224265,0.0128139661891945,0.053541399333232,451.157642423604,2161.56150982425,3.17252266063597,443.552356165523,2121.79593567998,3.11006150129635,-39.7655741442691,-7.60528625808098,-0.0624611593396223,FALSE
6409,"D Ro 4-2","Ro4-2","T6","3/29/21","day","Rainbow","9","Ofav","control pH",22.615647,34.7368754,8.05770314,8.11065304,9.1677,16.442,1.024562,2.033333333,110.9,128.5,17.6,2428.37138718342,2469.55652056428,FALSE,0.00246955652056428,0.00242837138718342,-0.304910781387559,-0.924102201721321,-0.0218630009701707,-41.1851333808604,0.0529499000000015,0.702396675596,0.0765366998875038,0.0128139661891945,0.0637227336983093,416.532866741345,2170.8181704678,3.43171450251359,352.478288326865,2100.84611922914,3.70590387040244,-69.9720512386521,-64.05457841448,0.274189367888849,FALSE
6410,"D Rs 4-2","Rs4-2","T5","3/29/21","day","Rainbow","30","Ssid","control pH",22.547033,34.7932414,8.0244069,8.08052883,10.238,20.054,1.024605,2.266666667,111.3,128.9,17.6,2390.51598188905,2436.4654417281,FALSE,0.0024364654417281,0.00239051598188905,-0.474085135247242,-1.38687591803671,-0.0656350496044817,-45.9494598390474,0.0561219299999998,0.69872528133,0.067961522015316,0.0128139661891945,0.0551475558261215,450.454191075857,2160.2277170622,3.17946850712726,377.52380192696,2085.26285142886,3.45058088600326,-74.9648656333425,-72.9303891488968,0.271112378876001,FALSE
6411,"D So 4-2","So4-2","T6","3/29/21","day","Star Island","14","Ofav","control pH",22.615647,34.7801331,8.05770314,8.12971332,12.482,13.004,1.024595,2.083333333,110.9,144,33.1,2433.93058528734,2469.55652056428,FALSE,0.00246955652056428,0.00243393058528734,-0.304900960867465,-0.924072438378091,-0.0218622968099591,-35.6259352769357,0.0720101800000013,0.70594185662,0.0475893517728398,0.0128139661891945,0.0347753855836453,416.378428798374,2170.49518469184,3.4333746941396,334.456410533101,2093.39337171318,3.84231527642942,-77.1018129786576,-81.9220182652732,0.40894058228982,FALSE
6412,"D Ss 4-2","Ss4-2","T5","3/29/21","day","Star Island","35","Ssid","control pH",22.547033,34.8194575,8.0244069,8.08201418,9.2695,19.97,1.024625,2.316666667,111.3,128.4,17.1,2385.94518473938,2436.4654417281,FALSE,0.0024364654417281,0.00238594518473938,-0.474075881420032,-1.3868488471392,-0.0656337684518726,-50.5202569887188,0.0576072799999992,0.69882498875,0.0808966767188586,0.0128139661891945,0.068082710529664,450.357255249398,2160.04254783403,3.18042534933513,375.108638028791,2080.01669965,3.45382071817822,-80.0258481840356,-75.2486172206076,0.273395368843092,FALSE
6413,"D Eo 4-4","Eo4-4","T8","3/29/21","day","Emerald","4","Ofav","low pH",22.608632,34.7719231,7.78184965,7.9872563,10.524,18.012,1.024589,2.116666667,113.1,149.7,36.6,2417.14770521247,2444.61479220369,FALSE,0.00244461479220369,0.00241714770521247,-0.290457929960208,-0.0318176361448347,0.172752196246495,-27.4670869912175,0.20540665,0.700806580932,0.0433804501725486,0.0128139661891945,0.0305664839833541,865.184775814348,2288.84744846565,2.00196536208262,494.930366105601,2162.80726934759,2.94920996469231,-126.040179118063,-370.254409708748,0.947244602609684,FALSE
6414,"D Es 4-4","Es4-4","T2","3/29/21","day","Emerald","25","Ssid","low pH",22.557819,34.6687095,7.78354549,7.83566485,14.601,20.197,1.02451,2.383333333,110.9,124.7,13.8,2400.02092252835,2444.9026137073,FALSE,0.0024449026137073,0.00240002092252835,-0.653239109427922,-0.874564425920684,-0.025622004665645,-44.8816911789486,0.0521193599999998,0.69851399153,0.044888984273808,0.0128139661891945,0.0320750180846134,861.979191019423,2289.21417542623,2.0024933738727,738.193081288738,2223.26979916717,2.18013404929577,-65.9443762590581,-123.786109730685,0.177640675423068,FALSE
6415,"D Mo 4-4","Mo4-4","T8","3/29/21","day","MacArthur North","19","Ofav","low pH",22.557802,34.8313529,7.78184965,7.9105555,9.2909,14.719,1.024634,2.233333333,113.1,129.1,16,2414.17233041098,2444.61479220369,FALSE,0.00244461479220369,0.00241417233041098,-0.290445173593693,-0.0318162387740403,0.172744609294636,-30.4424617927039,0.12870585,0.704211480154,0.0518508329697887,0.0128139661891945,0.0390368667805941,864.801977462618,2288.87388343032,1.99984190151332,608.175426218134,2200.09423498788,2.54401680113522,-88.7796484424439,-256.626551244484,0.544174899621892,FALSE
6416,"D Ms 4-4","Ms4-4","T2","3/29/21","day","MacArthur North","40","Ssid","low pH",22.557819,33.5604646,7.78354549,7.765861,13.669,16.805,1.023665,2.45,110.9,113.9,3,2347.06928447336,2444.9026137073,FALSE,0.0024449026137073,0.00234706928447336,-0.653778335685991,-0.875286348561297,-0.0256431547430067,-97.8333292339362,-0.0176844899999997,0.701410139675,0.102340232168602,0.0128139661891945,0.0895262659794072,868.254326633419,2294.69066734196,1.97123024185919,871.680778509261,2208.09090255441,1.82422700714143,-86.5997647875524,3.42645187584185,-0.147003234717764,FALSE
6417,"D Ro 4-4","Ro4-4","T8","3/29/21","day","Rainbow","9","Ofav","low pH",22.608632,34.9702834,7.78184965,8.05023477,12.865,17.191,1.02474,2.166666667,113.1,165.9,52.8,2397.98583709906,2444.61479220369,TRUE,0.00244461479220369,0.00239798583709906,-0.290415129691434,-0.0318129476745321,0.172726740441478,-46.628955104628,0.26838512,0.70175117466,0.0588568109778145,0.0128139661891945,0.04604284478862,864.131023741648,2287.87071948254,2.00730870027477,411.7024572119,2108.17773890668,3.29146320263556,-179.692980575861,-452.428566529748,1.28415450236079,FALSE
6418,"D Rs 4-4","Rs4-4","T2","3/29/21","day","Rainbow","30","Ssid","low pH",22.557819,34.8037279,7.78354549,7.85062247,9.88,18.562,1.024613,2.533333333,110.9,127.8,16.9,2393.55146125587,2444.9026137073,FALSE,0.0024449026137073,0.00239355146125587,-0.653173442070323,-0.874476509667553,-0.0256194289941666,-51.3511524514229,0.0670769800000004,0.700259459494,0.071624642093128,0.0128139661891945,0.0588106759039335,861.255730612209,2288.54807930102,2.00616701655052,707.090271968755,2209.56115085563,2.24317953570814,-78.9869284453962,-154.165458643454,0.237012519157623,FALSE
6419,"D So 4-4","So4-4","T8","3/29/21","day","Star Island","14","Ofav","low pH",22.608632,34.9217425,7.78184965,8.0566335,14.662,15.849,1.024703,2.216666667,113.1,153.6,40.5,2418.97738051778,2444.61479220369,TRUE,0.00244461479220369,0.00241897738051778,-0.29042561600776,-0.0318140963771942,0.17273297726268,-25.637411685906,0.27478385,0.703100988153,0.0278491095682213,0.0128139661891945,0.0150351433790268,864.387114869662,2288.1096808717,2.00600718417436,408.248538461036,2123.94905377845,3.35828291336397,-164.160627093248,-456.138576408626,1.35227572918961,FALSE
6420,"D Ss 4-4","Ss4-4","T2","3/29/21","day","Star Island","35","Ssid","low pH",22.557819,34.7172124,7.78354549,7.84995052,8.2863,16.102,1.024547,2.416666667,110.9,127.5,16.6,2400.5460597314,2444.9026137073,FALSE,0.0024449026137073,0.0024005460597314,-0.65321551866337,-0.874532842319581,-0.0256210793648315,-44.356553975897,0.0664050300000003,0.702734738206,0.0775554302750787,0.0128139661891945,0.0647414640858841,861.718280148908,2288.97486209951,2.00381652878119,710.882506127846,2216.97045326042,2.24440269160231,-72.004408839091,-150.835774021062,0.240586162821125,FALSE
6445,"D CRo46","CR046","T6","3/30/21","day","MacArthur North","21","Ofav","control pH",22.48909,34.8732733,8.04546366,8.14129143,9.6512,12.527,1.024666,2.15,113.1,138.2,25.1,2440.71204681033,2452.96479337225,FALSE,0.00245296479337225,0.00244071204681033,-0.304879834014206,-0.924008408593629,-0.021860781952363,-12.2527465619169,0.0958277700000014,0.706479541018,0.0198596058734112,0.0128139661891945,0.00704563968421668,427.600862258901,2163.06457633283,3.32394342483256,324.295635552353,2092.48147962971,3.91933028181896,-70.5830967031229,-103.305226706548,0.595386856986398,FALSE
6446,"D CRo49","CR049","T8","3/30/21","day","MacArthur North","21","Ofav","low pH",22.501793,33.6732817,7.78163173,8.04272673,9.8398,14.756,1.023751,2.383333333,113.4,182.4,69,2374.0208912326,2443.94505748384,FALSE,0.00244394505748384,0.0023740208912326,-0.29069568674414,-0.0318436807387734,0.172893604011132,-69.9241662512463,0.261095,0.703566732244,0.105112842879292,0.0128139661891945,0.0922988766900978,871.463279079918,2294.37286593116,1.96203384390767,420.840774303314,2100.7929383592,3.15330476226932,-193.579927571962,-450.622504776604,1.19127091836165,FALSE
6447,"D Eo 5-2","Eo5-2","T6","3/30/21","day","Emerald","5","Ofav","control pH",22.473682,34.7775115,8.04546366,8.11148163,11.081,15.961,1.024593,2,113.1,138.1,25,2429.43961425146,2452.96479337225,FALSE,0.00245296479337225,0.00242943961425146,-0.304901556032493,-0.924074242162498,-0.0218623394850443,-23.5251791207929,0.0660179700000008,0.702910757127,0.0363928125177878,0.0128139661891945,0.0235788463285933,427.954905959896,2163.90015323166,3.31863775343764,351.805106997883,2102.32779573876,3.69743070712535,-61.5723574929052,-76.1497989620136,0.378792953687715,FALSE
6448,"D Es 5-2","Es5-2","T5","3/30/21","day","Emerald","26","Ssid","control pH",22.521561,34.837903,8.02841773,8.07278181,8.051,19.854,1.024639,2.416666667,112.2,128.8,16.6,2405.97638298059,2438.75327256846,FALSE,0.00243875327256846,0.00240597638298059,-0.47406940395593,-1.38682989813973,-0.0656328716748045,-32.7768895878644,0.0443640800000011,0.698953395294,0.0574034526638789,0.0128139661891945,0.0445894864746844,445.76146920853,2159.93148093499,3.20494405819918,388.321146230317,2103.87708941832,3.42481582530459,-56.0543915166672,-57.4403229782127,0.219871767105409,FALSE
6449,"D Mo 5-2","Mo5-2","T6","3/30/21","day","MacArthur North","20","Ofav","control pH",22.473682,34.6857512,8.04546366,8.12524796,7.876,7.1451,1.024523,2.116666667,113.1,141.1,28,2443.21703625492,2452.96479337225,FALSE,0.00245296479337225,0.00244321703625492,-0.304922388272396,-0.924137379053472,-0.0218638332179951,-9.74775711733037,0.0797843,0.7118948267127,0.019555040264007,0.0128139661891945,0.00674107407481252,428.2864689359,2164.56931232417,3.31517748889442,340.546970417979,2106.76942644754,3.80643304430928,-57.7998858766227,-87.7394985179218,0.491255555414861,FALSE
6450,"D Ms 5-2","Ms5-2","T5","3/30/21","day","MacArthur North","41","Ssid","control pH",22.570833,34.5258154,8.02841773,8.08598451,9.0339,16.282,1.024401,2.566666667,112.2,134.9,22.7,2376.39642532374,2438.75327256846,FALSE,0.00243875327256846,0.00237639642532374,-0.474179544924302,-1.3871521015696,-0.0656481202185472,-62.356847244715,0.0575667800000002,0.702450204918,0.0932553691370407,0.0128139661891945,0.0804414029478462,446.890667487649,2161.72293434284,3.19873469372356,370.333245791367,2070.95919630381,3.45543972339177,-90.7637380390302,-76.5574216962817,0.25670502966821,FALSE
6451,"D Ro 5-2","Ro5-2","T6","3/30/21","day","Rainbow","10","Ofav","control pH",22.473682,35.1601407,8.04546366,8.11967166,11.777,19.556,1.024885,2.05,113.1,128.6,15.5,2431.93613036002,2452.96479337225,FALSE,0.00245296479337225,0.00243193613036002,-0.304814686525805,-0.923810964156954,-0.0218561106855891,-21.0286630122259,0.0742080000000005,0.69942661894,0.0296220459873605,0.0128139661891945,0.016808079798166,426.595684775735,2161.11231024584,3.33280147983509,342.852690486069,2096.35155503321,3.76978589899451,-64.7607552126306,-83.7429942896663,0.436984419159415,FALSE
6452,"D Rs 5-2","Rs5-2","T5","3/30/21","day","Rainbow","31","Ssid","control pH",22.570833,35.1165715,8.02841773,8.04261591,15.587,19.943,1.024852,2.45,112.2,129.7,17.5,2380.14169010854,2438.75327256846,FALSE,0.00243875327256846,0.00238014169010854,-0.473970875794749,-1.38654166650404,-0.0656192308743116,-58.6115824599201,0.0141981800000011,0.699007480564,0.0529146465976722,0.0128139661891945,0.0401006804084777,444.719128541374,2157.52267965467,3.22038044061298,416.819002632439,2095.55767382209,3.22229491302416,-61.9650058325833,-27.9001259089351,0.0019144724111877,FALSE
6453,"D So 5-2","So5-2","T6","3/30/21","day","Star Island","15","Ofav","control pH",22.473682,34.6320038,8.04546366,8.12491985,11.437,17.683,1.024482,2.1,113.1,139.1,26,2420.18201304295,2452.96479337225,FALSE,0.00245296479337225,0.00242018201304295,-0.304934591334938,-0.924174363239178,-0.0218647082135167,-32.7827803293021,0.0794561900000001,0.701070448794,0.0470164593758805,0.0128139661891945,0.034202493186686,428.481686621336,2164.96136634764,3.31313936220324,337.679109903656,2086.65736792374,3.76464614751489,-78.3039984238903,-90.80257671768,0.45150678531165,FALSE
6454,"D Ss 5-2","Ss5-2","T5","3/30/21","day","Star Island","36","Ssid","control pH",22.570833,34.8220791,8.02841773,8.14871125,11.129,16.608,1.024627,2.5,112.2,153.4,41.2,2384.34133200559,2438.75327256846,FALSE,0.00243875327256846,0.00238434133200559,-0.47407495605718,-1.38684614010757,-0.0656336403393625,-54.411940562868,0.120293520000001,0.702271148784,0.0676626310806499,0.0128139661891945,0.0548486648914554,445.789995501538,2159.61541083617,3.20971252166461,309.830107147015,2036.75319900027,3.88192103753046,-122.862211835901,-135.959888354523,0.672208515865848,FALSE
6455,"D Eo 5-4","Eo5-4","T8","3/30/21","day","Emerald","5","Ofav","low pH",22.592077,34.9282923,7.78163173,8.05857369,9.882,16.501,1.024708,2.183333333,113.4,200.2,86.8,2395.85606023351,2443.94505748384,FALSE,0.00244394505748384,0.00239585606023351,-0.290424198893734,-0.0318139411422571,0.172732134422684,-48.0889972503287,0.276941959999999,0.702436309292,0.0784916305536722,0.0128139661891945,0.0656776643644777,864.578138624805,2287.63520812154,2.00352658471786,401.98788394195,2101.78751339207,3.33494361161478,-185.847694729471,-462.590254682855,1.33141702689692,FALSE
6456,"D Es 5-4","Es5-4","T2","3/30/21","day","Emerald","26","Ssid","low pH",22.570014,34.721145,7.81432981,7.95327863,8.7558,19.786,1.02455,2.566666667,111.7,146.2,34.5,2429.86810805119,2442.96614705294,FALSE,0.00244296614705294,0.00242986810805119,-0.653213605973354,-0.874530281587038,-0.0256210043433703,-13.0980390017467,0.13894882,0.6989623537,0.020082499722735,0.0128139661891945,0.00726853353354047,794.692848060668,2273.42385662415,2.13049724517712,546.114491352649,2193.47761694374,2.77628097815266,-79.9462396804079,-248.578356708019,0.645783732975542,FALSE
6457,"D Mo 5-4","Mo5-4","T8","3/30/21","day","MacArthur North","20","Ofav","low pH",22.593355,34.7526056,7.78163173,7.96460281,9.6864,7.5615,1.024574,2.333333333,113.4,148.6,35.2,2428.01269933008,2443.94505748384,FALSE,0.00244394505748384,0.00242801269933008,-0.290462182331388,-0.0318181019623766,0.172754725378548,-15.9323581537615,0.18297108,0.711503631699,0.0252355997245956,0.0128139661891945,0.0124216335354011,865.51540592051,2288.4915817769,1.9988832073997,529.028988594034,2185.36555636623,2.83749296969652,-103.126025410673,-336.486417326475,0.838609762296818,FALSE
6458,"D Ms 5-4","Ms5-4","T2","3/30/21","day","MacArthur North","41","Ssid","low pH",22.570014,34.8089711,7.81432981,7.87297146,11.634,18.341,1.024617,2.75,111.7,140.6,28.9,2392.30075410373,2442.96614705294,FALSE,0.00244296614705294,0.00239230075410373,-0.653170892147993,-0.874473095800675,-0.0256193289785354,-50.6653929492022,0.0586416499999993,0.700488633603,0.0553007272740859,0.0128139661891945,0.0424867610848913,794.244745413003,2272.96940947101,2.13299219229716,666.118078965677,2197.8110194053,2.34352529083449,-75.1583900657142,-128.126666447326,0.21053309853733,FALSE
6459,"D Ro 5-4","Ro5-4","T8","3/30/21","day","Rainbow","10","Ofav","low pH",22.592077,34.6818185,7.78163173,8.10850147,8.1793,17.766,1.02452,2.25,113.4,207.7,94.3,2396.90703909443,2443.94505748384,FALSE,0.00244394505748384,0.00239690703909443,-0.290477491898645,-0.0318197790184672,0.172763830867138,-47.0380183894135,0.32686974,0.70101141768,0.0898314621015216,0.0128139661891945,0.0770174959123271,865.894992364658,2288.84799335995,1.99686640127995,350.045493861125,2074.4171735097,3.63704430730077,-214.430819850248,-515.849498503533,1.64017790602082,FALSE
6460,"D Rs 5-4","Rs5-4","T2","3/30/21","day","Rainbow","31","Ssid","low pH",22.570014,34.6372475,7.81432981,7.87725703,14.473,16.813,1.024486,2.65,111.7,134.9,23.2,2414.11246734146,2442.96614705294,FALSE,0.00244296614705294,0.00241411246734146,-0.653254412456588,-0.874584913800677,-0.0256226048965042,-28.853679711473,0.0629272199999997,0.701964488882,0.0262492471058182,0.0128139661891945,0.0134352809166236,795.124156231665,2273.85808039703,2.12810116904082,665.549837651396,2217.33610051016,2.38008548117629,-56.5219798868707,-129.574318580269,0.251984312135469,FALSE
6461,"D So 5-4","So5-4","T8","3/30/21","day","Star Island","15","Ofav","low pH",22.592077,34.8654133,7.78163173,8.06152288,13.05,19.473,1.02466,2.35,113.4,169.3,55.9,2384.53370061609,2443.94505748384,FALSE,0.00244394505748384,0.00238453370061609,-0.290437803759296,-0.0318154314601917,0.172740226026194,-59.4113568677503,0.27989115,0.69935811582,0.0679014035422116,0.0128139661891945,0.0550874373530171,864.911269193578,2287.94452146367,2.00183703827989,396.930644687727,2090.17621237167,3.33391754885245,-197.768309092005,-467.980624505851,1.33208051057256,FALSE
6462,"D Ss 5-4","Ss5-4","T2","3/30/21","day","Star Island","36","Ssid","low pH",22.570014,34.9282923,7.81432981,7.86197247,8.2837,13.747,1.024708,2.7,111.7,135.6,23.9,2404.04094289719,2442.96614705294,FALSE,0.00244296614705294,0.00240404094289719,-0.653112886793116,-0.874395437529521,-0.0256170538338727,-38.9252041557438,0.0476426600000002,0.705258355124,0.0611171551693041,0.0128139661891945,0.0483031889801096,793.641518376387,2272.3521781543,2.13635987059453,688.720004998027,2213.44036151687,2.30875697673762,-58.911816637426,-104.92151337836,0.172397106143081,FALSE
6485,"D Eo 1-2","Eo1-2","T6","3/31/21","day","Emerald","1","Ofav","control pH",22.5619,34.6149616,8.02843443,8.10539488,7.6692,13.964,1.024469,2,113.6,139.3,25.7,2434.61246791825,2457.50504867938,FALSE,0.00245750504867938,0.00243461246791825,-0.304938460802621,-0.924186090550324,-0.0218649856657449,-22.8925807611322,0.0769604499999996,0.704871552884,0.0512745613768333,0.0128139661891945,0.0384605951876388,450.103137333736,2178.39354210271,3.22672451581987,359.20005764521,2111.25923440022,3.67034842984136,-67.1343077024835,-90.9030796885261,0.443623914021488,FALSE
6486,"D Es 1-2","Es1-2","T5","3/31/21","day","Emerald","22","Ssid","control pH",22.5163,34.8011062,8.02174627,8.08694959,11.215,19.645,1.024611,2.283333333,112.8,137.5,24.7,2406.8486303302,2447.68377967488,FALSE,0.00244768377967488,0.0024068486303302,-0.474082359061146,-1.38686779665649,-0.0656346652534474,-40.8351493446776,0.0652033200000002,0.699148438905,0.0546375427323964,0.0128139661891945,0.0418235765432019,455.93844188194,2172.28234230834,3.17604377788664,373.38177525232,2096.44455782216,3.51188397924116,-75.8377844861752,-82.5566666296205,0.335840201354521,FALSE
6487,"D Mo 1-2","Mo1-2","T6","3/31/21","day","MacArthur North","16","Ofav","control pH",22.51212,34.7093471,8.02843443,8.10212931,9.2872,14.564,1.024541,2.116666667,113.6,137.2,23.6,2449.05843695059,2457.50504867938,FALSE,0.00245750504867938,0.00244905843695059,-0.304917031138822,-0.924121143028927,-0.0218634490957414,-8.44661172879296,0.0736948799999997,0.704306366876,0.0140738969375056,0.0128139661891945,0.00125993074831104,449.779318653007,2178.15373900763,3.22481203092133,364.519491148351,2126.10449371163,3.66957338511843,-52.0492452960052,-85.259827504656,0.444761354197103,FALSE
6488,"D Ms 1-2","Ms1-2","T5","3/31/21","day","MacArthur North","37","Ssid","control pH",22.552442,34.7027928,8.02174627,8.039269,11.102,16.969,1.024536,2.383333333,112.8,121.9,9.1,2389.72660325464,2447.68377967488,FALSE,0.00244768377967488,0.00238972660325464,-0.474117063724457,-1.38696932074617,-0.0656394699649402,-57.9571764202392,0.0175227300000014,0.701838920616,0.0758095669161585,0.0128139661891945,0.062995600726964,456.285939356117,2172.66389500739,3.17632949854763,423.961683022969,2109.38086936534,3.1993413713943,-63.2830256420475,-32.3242563331485,0.0230118728466704,FALSE
6489,"D Ro 1-2","Ro1-2","T6","3/31/21","day","Rainbow","6","Ofav","control pH",22.5619,34.6306929,8.02843443,8.11027648,9.2778,18.487,1.024481,2.05,113.6,130.7,17.1,2450.93188466479,2457.50504867938,FALSE,0.00245750504867938,0.00245093188466479,-0.304934888982812,-0.924175265329469,-0.0218647295557458,-6.57316401458957,0.0818420499999988,0.700246081753,0.0110105172643617,0.0128139661891945,-0.0018034489248328,450.044102638875,2178.28112483199,3.22731487587192,356.675588943915,2122.82653291569,3.72858375961488,-55.4545919163047,-93.3685136949599,0.501268883742957,FALSE
6490,"D Rs 1-2","Rs1-2","T5","3/31/21","day","Rainbow","27","Ssid","control pH",22.5163,34.8536232,8.02174627,8.06515675,11.75,17.835,1.024651,2.316666667,112.8,130.2,17.4,2401.36345550742,2447.68377967488,FALSE,0.00244768377967488,0.00240136345550742,-0.474063851984725,-1.38681365655233,-0.0656321030282506,-46.3203241674582,0.0434104800000004,0.701030351415,0.0586072950111072,0.0128139661891945,0.0457933288219127,455.743127440253,2171.91205055613,3.177962363929,395.888257957405,2104.14925866347,3.37149328894838,-67.7627918926582,-59.8548694828481,0.193530925019376,FALSE
6491,"D So 1-2","So1-2","T6","3/31/21","day","Star Island","11","Ofav","control pH",22.5619,34.7919305,8.02843443,8.14084037,13.058,18.081,1.024604,2.083333333,113.6,149.7,36.1,2441.79769069315,2457.50504867938,FALSE,0.00245750504867938,0.00244179769069315,-0.304898282653591,-0.924064321435403,-0.0218621047741371,-15.7073579862345,0.112405939999999,0.700746143076,0.0194783426215696,0.0128139661891945,0.00666437643237511,449.442874869341,2177.12925996741,3.2333257016417,325.046634521889,2093.69537513724,3.92403353996161,-83.43388483017,-124.396240347452,0.690707838319911,FALSE
6492,"D Ss 1-2","Ss1-2","T5","3/31/21","day","Star Island","32","Ssid","control pH",22.552442,34.839213,8.02174627,8.119342,10.661,18.674,1.02464,2.35,112.8,138.8,26,2395.37176414841,2447.68377967488,FALSE,0.00244768377967488,0.00239537176414841,-0.474068941286696,-1.38682854465959,-0.0656328076202374,-52.312015526471,0.0975957300000001,0.70016315264,0.071978895398891,0.0128139661891945,0.0591649292096965,455.776067178139,2171.70108077121,3.18133608559798,338.703317571051,2065.40049298207,3.70569043094047,-106.300587789147,-117.072749607088,0.524354345342492,FALSE
6493,"D Eo 1-4","Eo1-4","T8","3/31/21","day","Emerald","1","Ofav","low pH",22.544837,34.8129035,7.7791087,7.98900329,10.487,17.676,1.02462,2.133333333,113.5,174.1,60.6,2416.07649096002,2450.67546308803,TRUE,0.00245067546308803,0.00241607649096002,-0.290449142120981,-0.0318166734984677,0.172746969608245,-34.5989721280084,0.20989459,0.70117205688,0.0544020446812154,0.0128139661891945,0.0415880784920209,873.261260857433,2296.04119631514,1.99244158196787,492.208250498289,2161.11019664501,2.95243327335811,-134.930999670126,-381.053010359145,0.959991691390236,FALSE
6494,"D Es 1-4","Es1-4","T2","3/31/21","day","Emerald","22","Ssid","low pH",22.587503,34.646424,7.78877926,7.82627061,11.006,17.646,1.024493,2.383333333,112.1,125.1,13,2415.84194648986,2449.30241530745,FALSE,0.00244930241530745,0.00241584194648986,-0.653249948999163,-0.874578938069855,-0.0256224298262653,-33.4604688175873,0.0374913499999998,0.701115882522,0.0444959647415592,0.0128139661891945,0.0316819985523646,852.070194410543,2291.06928509198,2.02898289123537,761.866566354409,2242.48670706898,2.15607951451056,-48.582578023003,-90.2036280561343,0.127096623275193,FALSE
6495,"D Mo 1-4","Mo1-4","T8","3/31/21","day","MacArthur North","16","Ofav","low pH",22.58375,34.7945522,7.7791087,7.96575834,11.625,13.218,1.024606,2.25,113.5,154.2,40.7,2442.19226880201,2450.67546308803,TRUE,0.00245067546308803,0.00244219226880201,-0.29045311075672,-0.0318171082347751,0.172749329986356,-8.48319428601872,0.18664964,0.705730169892,0.0115706603082695,0.0128139661891945,-0.00124330588092507,873.411364711152,2295.8875487552,1.99479395375401,530.383287883018,2197.73740214769,2.86133609578542,-98.1501466075078,-343.028076828134,0.866542142031408,FALSE
6496,"D Ms 1-4","Ms1-4","T2","3/31/21","day","MacArthur North","37","Ssid","low pH",22.575751,34.710658,7.78877926,7.8180424,11.119,18.315,1.024542,2.533333333,112.1,123.7,11.6,2399.28104616407,2449.30241530745,FALSE,0.00244930241530745,0.00239928104616407,-0.653218706504955,-0.874537110240478,-0.0256212044015765,-50.0213691433814,0.0292631400000003,0.70046399727,0.0620071268269886,0.0128139661891945,0.0491931606377941,851.711760195412,2290.82358224145,2.02988084311607,772.655731859816,2230.14821749188,2.10712519639373,-60.6753647495689,-79.0560283355964,0.0772443532776568,FALSE
6497,"D Ro 1-4","Ro1-4","T8","3/31/21","day","Rainbow","6","Ofav","low pH",22.544837,34.9165027,7.7791087,8.05781637,12.249,18.17,1.024699,2.183333333,113.5,162.1,48.6,2431.2123308552,2450.67546308803,TRUE,0.00245067546308803,0.0024312123308552,-0.290426749708939,-0.0318142205662346,0.172733651540599,-19.4631322328269,0.278707669999999,0.70071991717,0.0256335802918635,0.0128139661891945,0.0128196141026689,872.708032622472,2295.53326549873,1.9952261223366,409.104451927283,2135.03390096634,3.37577465669214,-160.499364532392,-463.60358069519,1.38054853435553,FALSE
6498,"D Rs 1-4","Rs1-4","T2","3/31/21","day","Rainbow","27","Ssid","low pH",22.587503,34.8011062,7.78877926,7.81408516,8.7612,18.787,1.024611,2.45,112.1,121.4,9.3,2415.62735013343,2449.30241530745,FALSE,0.00244930241530745,0.00241562735013343,-0.653174717038954,-0.874478216610987,-0.025619479002275,-33.6750651740158,0.0253059000000002,0.700027555143,0.0546416206543096,0.0128139661891945,0.0418276544651151,851.245001869098,2290.29851104395,2.03323867935704,785.697259845839,2246.94742798703,2.10863268020969,-43.3510830569198,-65.5477420232586,0.0753940008526448,FALSE
6499,"D So 1-4","So1-4","T8","3/31/21","day","Star Island","11","Ofav","low pH",22.544837,34.7709573,7.7791087,8.05842768,8.694,19.506438,1.024588,2.233333333,113.5,169.3,55.8,2435.70343759161,2450.67546308803,TRUE,0.00245067546308803,0.00243570343759161,-0.290458213447747,-0.0318176671989131,0.172752364852995,-14.9720254964195,0.279318979999999,0.699274713702456,0.0271393934417767,0.0128139661891945,0.0143254272525822,873.486760018293,2296.2468975927,1.99130911696849,409.698517568502,2139.84849253678,3.3805352007564,-156.398405055925,-463.788242449791,1.38922608378791,FALSE
6500,"D Ss 1-4","Ss1-4","T2","3/31/21","day","Star Island","32","Ssid","low pH",22.575751,34.8220791,7.78877926,7.82220992,10.893,17.14,1.024627,2.5,112.1,122.2,10.1,2424.26718556051,2449.30241530745,FALSE,0.00244930241530745,0.00242426718556051,-0.653164517429269,-0.874464561250094,-0.0256190789428738,-25.0352297469321,0.0334306599999996,0.70172604722,0.0320320313671214,0.0128139661891945,0.0192180651779268,851.119814921774,2290.26860230512,2.03293776558442,771.874081817624,2251.49828909242,2.15050912401732,-38.7703132126976,-79.2457331041495,0.117571358432905,FALSE
6527,"D Eo 2-2","Eo2-2","T6","4/1/21","day","Emerald","2","Ofav","control pH",22.514169,35.0093871,8.01253275,8.14169128,9.4214,8.9602,1.02477,2,111.9,146.1,34.2,2461.07198654258,2469.49670449317,FALSE,0.00246949670449317,0.00246107198654258,-0.304848892922314,-0.923914634503352,-0.0218585633849547,-8.42471795059146,0.12915853,0.710206395846,0.0147646619597442,0.0128139661891945,0.00195069577054966,471.222736115826,2196.20300916025,3.15874244660161,326.30811570132,2109.10671525043,3.96490833224054,-87.0962939098181,-144.914620414506,0.806165885638928,FALSE
6528,"D Es 2-2","Es2-2","T5","4/1/21","day","Emerald","23","Ssid","control pH",22.562621,35.0422553,8.0276,8.08625638,12.748,19.71,1.024795,2.35,110.9,132.1,21.2,2408.34395787169,2457.92254322407,FALSE,0.00245792254322407,0.00240834395787169,-0.473997238472085,-1.38661878717207,-0.0656228806736957,-49.5785853523807,0.0586563800000004,0.69920738055,0.0569203199370127,0.0128139661891945,0.0441063537478182,449.641540635975,2176.20480992712,3.23821094119851,373.522561139169,2095.95585536827,3.524263980464,-80.2489545588546,-76.1189794968066,0.286053039265491,FALSE
6529,"D Mo 2-2","Mo2-2","T6","4/1/21","day","MacArthur North","17","Ofav","control pH",22.585815,35.2074132,8.01253275,8.11125168,7.6508,5.8258,1.024921,2.1,111.9,141.1,29.2,2455.63667971229,2469.49670449317,FALSE,0.00246949670449317,0.00245563667971229,-0.304803980014069,-0.923778515612423,-0.0218553429971676,-13.8600247808799,0.0987189300000004,0.7135235572382,0.0294768820648704,0.0128139661891945,0.0166629158756759,470.445544160579,2194.19810274044,3.17354358189254,354.51729989925,2121.62982503758,3.76799735123271,-72.5682777028615,-115.928244261329,0.594453769340166,FALSE
6530,"D Ms 2-2","Ms2-2","T5","4/1/21","day","MacArthur North","38","Ssid","control pH",22.607124,34.9138827,8.0276,8.04071068,9.5874,15.313,1.024697,2.416666667,110.9,121.9,11,2410.91087859835,2457.92254322407,FALSE,0.00245792254322407,0.00241091087859835,-0.474042570633075,-1.38675140065795,-0.0656291567165709,-47.0116646257211,0.0131106800000005,0.703646108839,0.0701627043705193,0.0128139661891945,0.0573487381813248,450.084543117149,2176.73018736704,3.23839657838533,425.363369757584,2125.98166792549,3.25100338288332,-50.7485194415558,-24.7211733595647,0.0126068044979886,FALSE
6531,"D Ro 2-2","Ro2-2","T6","4/1/21","day","Rainbow","7","Ofav","control pH",22.514169,35.0107915,8.01253275,8.16661487,10.69,17.759,1.024771,2.033333333,111.9,153.3,41.4,2458.97621776679,2469.49670449317,FALSE,0.00246949670449317,0.00245897621776679,-0.304848595442299,-0.923913732921794,-0.0218585420547615,-10.5204867263801,0.15408212,0.701190333811,0.0160201131882788,0.0128139661891945,0.00320614699908425,471.217470448321,2196.19318977076,3.15879310855077,303.340680118373,2090.63026420421,4.13423317474273,-105.562925566555,-167.876790329948,0.97544006619196,FALSE
6532,"D Rs 2-2","Rs2-2","T5","4/1/21","day","Rainbow","28","Ssid","control pH",22.562621,34.902093,8.0276,8.09356175,11.996,18.927,1.024688,2.366666667,110.9,131.1,20.2,2425.07939925742,2457.92254322407,FALSE,0.00245792254322407,0.00242507939925742,-0.474046734225442,-1.3867635807192,-0.0656297331480412,-32.8431439666479,0.0659617499999996,0.699936706224,0.0394768391155276,0.0128139661891945,0.0266628729263331,450.155085722047,2177.20413235101,3.23309225824004,368.986121905893,2107.72524999086,3.59078664003056,-69.4788823601507,-81.1689638161537,0.357694381790522,FALSE
6533,"D So 2-2","So2-2","T6","4/1/21","day","Star Island","12","Ofav","control pH",22.585815,34.9047129,8.01253275,8.16307825,8.0685,15.161,1.02469,2.066666667,111.9,151.6,39.7,2454.5250463486,2469.49670449317,FALSE,0.00246949670449317,0.0024545250463486,-0.304872693204774,-0.92398676672945,-0.0218602699352975,-14.97165814457,0.1505455,0.70379705491,0.0303623063308675,0.0128139661891945,0.017548340141673,471.57849330012,2196.31744304042,3.16265644751004,306.12815745866,2089.20290302643,4.10669617870742,-107.114540013983,-165.45033584146,0.944039731197376,FALSE
6534,"D Ss 2-2","Ss2-2","T5","4/1/21","day","Star Island","33","Ssid","control pH",22.607124,34.9269824,8.0276,8.13932761,11.929,19.016,1.024707,2.383333333,110.9,146.8,35.9,2388.1418403993,2457.92254322407,FALSE,0.00245792254322407,0.0023881418403993,-0.474037944505112,-1.38673786750749,-0.0656285162490351,-69.7807028247676,0.111727610000001,0.699858485688,0.0849206399732457,0.0128139661891945,0.0721066737840512,450.036315085664,2176.6366839193,3.23887706568033,318.506138960599,2044.97972786854,3.83460068596701,-131.656956050764,-131.530176125066,0.595723620286686,FALSE
6535,"D Eo 2-4","Eo2-4","T8","4/1/21","day","Emerald","2","Ofav","low pH",22.591568,34.9689767,7.76871444,7.91047489,10.082,2.8521,1.024739,2.15,111.2,146.5,35.3,2423.19048870409,2462.8111307434,FALSE,0.0024628111307434,0.00242319048870409,-0.290415413095432,-0.0318129787194593,0.172726908998291,-39.6206420393096,0.14176045,0.7164441198981,0.0656779611413816,0.0128139661891945,0.052863994952187,900.841693144304,2311.12345409976,1.9685245246491,610.05256797626,2207.52865029917,2.56083138580484,-103.594803800591,-290.789125168045,0.592306861155741,FALSE
6536,"D Es 2-4","Es2-4","T2","4/1/21","day","Emerald","23","Ssid","low pH",22.601239,34.9269824,7.788521,7.80430957,19.859,20.97,1.024707,2.433333333,110.4,120.9,10.5,2411.90263071431,2467.75914371329,FALSE,0.00246775914371329,0.00241190263071431,-0.653113524158613,-0.874396290842163,-0.0256170788332665,-55.8565129989747,0.0157885699999998,0.69785620821,0.0402269839319477,0.0128139661891945,0.0274130177427532,857.732537536029,2307.35260760394,2.05234421116782,804.113604905164,2247.00582118536,2.06915465729747,-60.3467864185777,-53.618932630865,0.0168104461296519,FALSE
6537,"D Mo 2-4","Mo2-4","T8","4/1/21","day","MacArthur North","17","Ofav","low pH",22.591568,35.1195365,7.76871444,7.90248215,13.875,12.876,1.024854,2.266666667,111.2,141.7,30.5,2458.4332223025,2462.8111307434,TRUE,0.0024628111307434,0.0024584332223025,-0.290382825260964,-0.0318094089499578,0.172707527120936,-4.37790844089841,0.13376771,0.706251487896,0.00501650962532426,0.0128139661891945,-0.00779745656387026,900.034342977301,2310.39460386257,1.9724886093224,631.921849376354,2243.74386325338,2.56421626320086,-66.6507406091869,-268.112493600947,0.591727653878455,FALSE
6538,"D Ms 2-4","Ms2-4","T2","4/1/21","day","MacArthur North","38","Ssid","low pH",22.549787,34.9558013,7.788521,7.85434202,8.5849,15.929,1.024729,2.583333333,110.4,129.3,18.9,2411.2346904243,2467.75914371329,FALSE,0.00246775914371329,0.0024112346904243,-0.653099502405026,-0.874377518348754,-0.0256165288578736,-56.5244532889874,0.0658210199999996,0.703036849759,0.0893621338267809,0.0128139661891945,0.0765481676375863,857.518611489161,2307.53756516816,2.04927170849882,704.776117104462,2223.81783779372,2.28060176821184,-83.7197273744332,-152.742494384699,0.231330059713017,FALSE
6539,"D Ro 2-4","Ro2-4","T8","4/1/21","day","Rainbow","7","Ofav","low pH",22.591568,34.9833506,7.76871444,7.97133035,15.154,18.88,1.02475,2.2,111.2,150.5,39.3,2448.24320226194,2462.8111307434,TRUE,0.0024628111307434,0.00244824320226194,-0.290412295681874,-0.0318126372285923,0.172725054891437,-14.5679284814514,0.20261591,0.70002722,0.0153984145964487,0.0128139661891945,0.00258444840725418,900.764119925565,2311.0538555684,1.96890458201343,522.976319330161,2199.05370297036,2.90621707074528,-112.000152598042,-377.787800595404,0.937312488731849,FALSE
6541,"D Rs 2-4","Rs2-4","T2","4/1/21","day","Rainbow","28","Ssid","low pH",22.601239,34.9309123,7.788521,7.83125646,11.401,19.913,1.02471,2.483333333,110.4,124.4,14,2430.76475239675,2467.75914371329,FALSE,0.00246775914371329,0.00243076475239675,-0.653111612065853,-0.874393730909233,-0.0256170038352314,-36.9943913165384,0.0427354599999994,0.69894136977,0.0454628086387659,0.0128139661891945,0.0326488424495713,857.711809473452,2307.33294987774,2.05245183940742,755.33630770323,2252.82154823337,2.20060975037583,-54.5114016443713,-102.375501770222,0.148157910968418,FALSE
6542,"D So 2-4","So2-4","T8","4/1/21","day","Star Island","12","Ofav","low pH",22.591568,35.0225517,7.76871444,7.99426199,12.43,17.226,1.02478,2.25,111.2,159.2,48,2449.9978931857,2462.8111307434,TRUE,0.0024628111307434,0.0024499978931857,-0.29040379398505,-0.0318117059271258,0.172719998438689,-12.8132375577002,0.22554755,0.70174269972,0.016197376773611,0.0128139661891945,0.0033834105844165,900.553091079034,2310.86405997371,1.96993936929063,491.385262025566,2187.78872219151,3.03711635373804,-123.075337782202,-409.167829053468,1.06717698444742,FALSE
6543,"D Ss 2-4","Ss2-4","T2","4/1/21","day","Star Island","33","Ssid","low pH",22.601239,35.0186316,7.788521,7.78112768,13.851,14.801,1.024777,2.55,110.4,110.7,0.3,2433.59800115467,2467.75914371329,FALSE,0.00246775914371329,0.00243359800115467,-0.653068911577836,-0.874336562979068,-0.0256153289935274,-34.1611425586152,-0.00739332000000026,0.704225729623,0.0338913727168072,0.0128139661891945,0.0210774065276127,857.251084037872,2306.89423229855,2.05484732300305,861.498099222406,2277.44600341418,1.99590190480146,-29.4482288843706,4.24701518453367,-0.0589454182015912,FALSE
6548,"D Ao74","A074","T8","4/1/21","day",NA,NA,"control","low pH",22.591568,34.8758933,7.76871444,7.90786636,9.196,19.641,1.024668,2.316666667,111.2,143.8,32.6,2456.88774788769,2462.8111307434,FALSE,0.0024628111307434,0.00245688774788769,-0.290435536193186,-0.031815183064173,0.172738877372964,-5.92338285570531,0.13915192,0.699191431812,0.00986996440812162,0.0128139661891945,-0.00294400178107291,901.346582213267,2311.57424204386,1.96605515396239,623.541498287511,2241.0317713353,2.58150835222801,-70.5424707085563,-277.805083925756,0.615453198265625,FALSE
6549,"D CRo52","CR052","T6","4/1/21","day",NA,NA,"control","control pH",22.585815,34.9413919,8.01253275,8.09636933,9.9956,13.931,1.024718,2.15,111.9,127.8,15.9,2464.17560742443,2469.49670449317,FALSE,0.00246949670449317,0.00246417560742443,-0.304864362683197,-0.923961519169176,-0.0218596726123675,-5.32109706873916,0.0838365799999998,0.705076689542,0.00775615897252561,0.0128139661891945,-0.00505780721666891,471.439843359237,2196.06051369777,3.16398923905446,372.06745887805,2140.87804599631,3.67370030022596,-55.1824677014579,-99.3723844811873,0.509711061171501,FALSE
6570,"D Eo 3-2","Eo3-2","T6","4/2/21","day","Emerald","3","Ofav","control pH",22.439867,35.0147116,8.02507612,8.17327171,9.0855,17.188,1.024774,2,123.7,135.9,12.2,2456.02154530627,2471.37930667563,FALSE,0.00247137930667563,0.00245602154530627,-0.304847703005736,-0.923911028187678,-0.0218584780644318,-15.3577613693556,0.14819559,0.701777532488,0.0285288363286742,0.0128139661891945,0.0157148701394796,455.545358424634,2191.31145790198,3.22713132747624,297.21692107304,2084.23865559875,4.16629466043854,-107.072802303231,-158.328437351594,0.939163332962301,FALSE
6571,"D Es 3-2","Es3-2","T5","4/2/21","day","Emerald","24","Ssid","control pH",22.587225,35.09203,8.02818112,8.09018712,12.275,20.641,1.024833,2.316666667,110.5,130.8,20.3,2414.32688272135,2457.57578404085,FALSE,0.00245757578404085,0.00241432688272135,-0.473979663028025,-1.38656737244019,-0.0656204474289957,-43.2489013195031,0.0620060000000002,0.698279188047,0.0521063206147845,0.0128139661891945,0.03929235442559,448.655264059468,2174.97698549568,3.24568472050467,370.164572887922,2098.36286026207,3.56287464576215,-76.6141252336065,-78.4906911715465,0.317189925257476,FALSE
6572,"D Mo 3-2","Mo3-2","T6","4/2/21","day","MacArthur North","18","Ofav","control pH",22.439867,35.1011989,8.02507612,8.10840448,10.015,14.088,1.02484,2.1,123.7,127.3,3.6,2452.04417827225,2471.37930667563,FALSE,0.00247137930667563,0.00245204417827225,-0.304828070723235,-0.923851528043402,-0.0218570703719605,-19.3351284033756,0.0833283600000012,0.70499973408,0.0314341522744392,0.0128139661891945,0.0186201860852447,455.228676739468,2190.69680251418,3.23027837289336,357.333094674597,2122.45570823601,3.72169224489751,-68.2410942781758,-97.895582064871,0.491413872004145,FALSE
6573,"D Ms 3-2","Ms3-2","T5","4/2/21","day","MacArthur North","39","Ssid","control pH",22.609812,35.1182267,8.02818112,8.03421745,10.38,17.556,1.024853,2.4,110.5,118.1,7.6,2411.44750881379,2457.57578404085,FALSE,0.00245757578404085,0.00241144750881379,-0.473970413317812,-1.38654031358644,-0.0656191668463672,-46.1282752270595,0.00603633000000059,0.701454486732,0.0638073513580554,0.0128139661891945,0.0509933851688609,448.545995441477,2174.59132858243,3.24910841159947,432.490851378729,2128.75228096648,3.22111944851768,-45.8390476159561,-16.0551440627473,-0.02798896308179,FALSE
6574,"D Ro 3-2","Ro3-2","T6","4/2/21","day","Rainbow","8","Ofav","control pH",22.439867,35.1260857,8.02507612,8.15822801,11.079,18.871,1.024859,2.033333333,123.7,136.8,13.1,2445.40213322041,2471.37930667563,FALSE,0.00247137930667563,0.00244540213322041,-0.304822419474289,-0.923834400634624,-0.0218566651607685,-25.9771734552119,0.133151890000001,0.700110903811,0.0394739258273149,0.0128139661891945,0.0266599596381204,455.137927734491,2190.51997161602,3.23117998971514,308.749559786957,2083.91787298512,4.04695605266417,-106.602098630899,-146.388367947534,0.81577606294903,FALSE
6575,"D Rs 3-2","Rs3-2","T5","4/2/21","day","Rainbow","29","Ssid","control pH",22.609812,34.9689767,8.02818112,8.07281502,12.985,18.956,1.024739,2.35,110.5,122.9,12.4,2436.41481866149,2457.57578404085,FALSE,0.00245757578404085,0.00243641481866149,-0.474023141502373,-1.38669456320097,-0.0656264668369214,-21.1609653793603,0.0446339000000009,0.699941825516,0.0233188199995102,0.0128139661891945,0.0105048538103157,449.090015703689,2175.65699942873,3.2436843619771,392.884917683284,2129.77755360651,3.48528611242386,-45.8794458222233,-56.2050980204049,0.241601750446757,FALSE
6576,"D So 3-2","So3-2","T6","4/2/21","day","Star Island","13","Ofav","control pH",22.439867,35.0881005,8.02507612,8.14872664,12.234,17.399,1.02483,2.066666667,123.7,140.6,16.9,2441.30873303592,2471.37930667563,FALSE,0.00247137930667563,0.00244130873303592,-0.304831045148952,-0.923860542724159,-0.0218572836470439,-30.070573639709,0.12365052,0.70159964283,0.0409299676175402,0.0128139661891945,0.0281160014283456,455.276507230125,2190.7898786346,3.22980312503575,316.907608417361,2086.86320241803,3.97314798221182,-103.926676216572,-138.368898812764,0.743344857176069,FALSE
6577,"D Ss 3-2","Ss3-2","T5","4/2/21","day","Star Island","34","Ssid","control pH",22.609812,35.0763118,8.02818112,8.1097171,11.306,19.385,1.024821,2.366666667,110.5,133.1,22.6,2417.37686876008,2457.57578404085,FALSE,0.00245757578404085,0.00241737686876008,-0.473985213027446,-1.38658360825939,-0.0656212158025646,-40.1989152807719,0.08153598,0.699558186915,0.0514878299805446,0.0128139661891945,0.0386738637913501,448.698172684751,2174.89054811593,3.24759158625574,350.668980121716,2088.87723314563,3.69467784499013,-86.0133149703065,-98.0291925630351,0.447086258734388,FALSE
6578,"D Eo 3-4","Eo3-4","T8","4/2/21","day","Emerald","3","Ofav","low pH",22.586176,34.8680333,7.79177364,7.91808541,11.039,16.551,1.024662,2.166666667,109.1,129.5,20.4,2444.29456621972,2470.96236002214,TRUE,0.00247096236002214,0.00244429456621972,-0.290437236864449,-0.0318153693608234,0.172739888860912,-26.6677938024195,0.12631177,0.702353543238,0.0393167938741479,0.0128139661891945,0.0265028276849533,851.932715458591,2309.36832595985,2.06575309545138,603.521101344449,2224.12772203519,2.61811982465119,-85.2406039246584,-248.411614114142,0.552366729199808,FALSE
6579,"D Es 3-4","Es3-4","T2","4/2/21","day","Emerald","24","Ssid","low pH",22.571817,35.0907202,7.79362501,7.83170659,9.4389,21.348,1.024832,2.416666667,109.9,121.5,11.6,2415.78771423098,2468.07498515492,FALSE,0.00246807498515492,0.00241578771423098,-0.653033863111222,-0.87428963966777,-0.0256139542871417,-52.2872709239446,0.0380815799999992,0.697553950464,0.0797201851993899,0.0128139661891945,0.0669062190101954,845.650776010013,2304.75673104875,2.07599111596617,748.884953440375,2237.73324285484,2.1908510955833,-67.0234881939073,-96.7658225696382,0.114859979617122,FALSE
6580,"D Mo 3-4","Mo3-4","T8","4/2/21","day","MacArthur North","18","Ofav","low pH",22.532838,35.0776217,7.79177364,7.87624186,13.265,12.149,1.024822,2.266666667,109.1,137.3,28.2,2432.67930130804,2470.96236002214,TRUE,0.00247096236002214,0.00243267930130804,-0.290391892445713,-0.0318104021966742,0.172712919902188,-38.2830587141088,0.0844682200000006,0.706974481522,0.045149108229391,0.0128139661891945,0.0323351420401964,850.774299814962,2308.65801814467,2.06747971805349,670.583332967452,2233.11920129988,2.40445350587355,-75.5388168447967,-180.19096684751,0.336973787820052,FALSE
6581,"D Ms 3-4","Ms3-4","T2","4/2/21","day","MacArthur North","39","Ssid","low pH",22.571817,35.2624543,7.79362501,7.85115279,8.9728,16.767,1.024963,2.533333333,109.9,123.3,13.4,2418.98318160377,2468.07498515492,FALSE,0.00246807498515492,0.00241898318160377,-0.652950399185141,-0.874177897153361,-0.0256106805806649,-49.0918035511486,0.05752778,0.702338471379,0.0756069671904257,0.0128139661891945,0.0627930010012312,844.772669986004,2303.89205694599,2.08065433117433,711.667314610641,2230.82994212875,2.28450901478722,-73.06211481724,-133.105355375364,0.203854683612888,FALSE
6582,"D Ro 3-4","Ro3-4","T8","4/2/21","day","Rainbow","8","Ofav","low pH",22.586176,35.2441074,7.79177364,7.93056621,11.899,17.096,1.024949,2.2,109.1,145.9,36.8,2426.64871350368,2470.96236002214,TRUE,0.00247096236002214,0.00242664871350368,-0.290355910391639,-0.0318064606141379,0.17269151928535,-44.3136465184643,0.138792570000001,0.701991669896,0.0595850941345748,0.0128139661891945,0.0467711279453803,849.980141966075,2307.47756448505,2.07603152862625,577.68765928345,2198.91370172644,2.67364559120971,-108.56386275861,-272.292482682625,0.597614062583459,FALSE
6583,"D Rs 3-4","Rs3-4","T2","4/2/21","day","Rainbow","29","Ssid","low pH",22.571817,34.9413919,7.79362501,7.80795384,11.553,20.222,1.024718,2.466666667,109.9,113.5,3.6,2447.04314462197,2468.07498515492,FALSE,0.00246807498515492,0.00244704314462197,-0.65310651320656,-0.8743869044947,-0.0256168038426182,-21.0318405329481,0.0143288299999993,0.698630188604,0.0255635309383666,0.0128139661891945,0.0127495647491721,846.42575751833,2305.50897751946,2.07189445518585,808.28767961901,2279.02830102274,2.11350090615304,-26.4806764967207,-38.1380778993199,0.0416064509671812,FALSE
6584,"D So 3-4","So3-4","T8","4/2/21","day","Star Island","13","Ofav","low pH",22.586176,35.0316985,7.79177364,7.94628716,12.997,13.506,1.024787,2.233333333,109.1,133.6,24.5,2433.37886124379,2470.96236002214,TRUE,0.00247096236002214,0.00243337886124379,-0.290401810327414,-0.0318114886312961,0.172718818642313,-37.5834987783537,0.15451352,0.705559700778,0.0458232780794612,0.0128139661891945,0.0330093118902667,851.074618735344,2308.54520140768,2.07025638634969,556.093018382077,2198.33053601796,2.75569695513276,-110.214665389714,-294.981600353267,0.685440568783077,FALSE
6585,"D Ss 3-4","Ss3-4","T2","4/2/21","day","Star Island","34","Ssid","low pH",22.571817,33.5316034,7.79362501,7.79878165,11.865,14.94,1.023643,2.5,109.9,115.4,5.5,2429.50988102622,2468.07498515492,FALSE,0.00246807498515492,0.00242950988102622,-0.653792386603533,-0.875305160099761,-0.0256437058622977,-38.5651041287033,0.00515663999999916,0.70330415958,0.0455280730496576,0.0128139661891945,0.0327141068604631,854.270591804083,2312.62628755641,2.03136886177119,829.45839135031,2273.48131009972,2.0197669450985,-39.14497745669,-24.8122004537727,-0.0116019166726868,FALSE
6590,"D A138","A138","T6","4/2/21","day",NA,NA,"control","control pH",22.439867,35.0651423,8.02507612,8.09758631,9.3734,15.194,1.024813,2.133333333,123.7,124.1,0.4,2460.77743932872,2471.37930667563,FALSE,0.00247137930667563,0.00246077743932872,-0.30483610180589,-0.923875868085202,-0.021857646224238,-10.6018673469052,0.0725101900000009,0.703847717278,0.0176232888516585,0.0128139661891945,0.00480932266246395,455.360454466366,2190.95302864374,3.22896895564781,369.974589061914,2137.46145941993,3.6635402999207,-53.4915692238078,-85.3858654044524,0.434571344272888,FALSE
6591,"D A144","A144","T8","4/2/21","day",NA,NA,"control","low pH",22.586176,35.3633588,7.79177364,7.86455261,8.8793,15.005,1.02504,2.316666667,109.1,128.9,19.8,2461.70529770623,2470.96236002214,FALSE,0.00247096236002214,0.00246170529770623,-0.290330133458207,-0.0318036369312417,0.172676188246312,-9.25706231591448,0.0727789699999999,0.7041973548,0.0160064525244724,0.0128139661891945,0.00319248633527786,849.375155875143,2306.87849357383,2.07923914976618,698.892712224824,2264.19946210825,2.39206835946455,-42.6790314655736,-150.482443650319,0.312829209698373,FALSE
6425,"N Eo 1-2","Eo1-2","T6","3/29/21","night","Emerald","1","Ofav","control pH",22.50717,34.8824432,NA,8.01151853,7.6692,13.964,1.024673,2.166666667,109.8,96.4,-13.4,2443.17453810919,2455.5313455125,FALSE,0.0024555313455125,0.00244317453810919,-0.375485642736756,-0.277893532863655,-0.0444044099922609,-12.3568074033128,NA,0.705011912228,0.0265389317856083,-0.00290614731399279,0.0294450790996011,NA,NA,NA,467.80259035815,2173.4626119254,3.11273054640865,NA,NA,NA,TRUE
6426,"N Es 1-2","Es1-2","T5","3/29/21","night","Emerald","22","Ssid","control pH",22.596207,35.2572124,8.02132593,7.9789425,11.215,19.645,1.024959,2.416666667,110.2,100.2,-10,2428.67437697911,2439.89017789583,FALSE,0.00243989017789583,0.00242867437697911,-0.334159707851729,-0.340989249326071,-0.096101405031811,-11.2158009167215,-0.0423834300000001,0.699385898445,0.014599396307221,-0.00290614731399279,0.0175055436212138,453.245610463877,2161.45061803945,3.18805099072047,506.926854854422,2174.90908704891,2.93339132891955,13.4584690094653,53.6812443905454,-0.254659661800919,FALSE
6427,"N Mo 1-2","Mo1-2","T6","3/29/21","night","MacArthur North","16","Ofav","control pH",22.557491,34.8313529,NA,8.01392227,9.2872,14.564,1.024634,2.333333333,109.8,101.3,-8.5,2453.57280801511,2455.5313455125,FALSE,0.0024555313455125,0.00245357280801511,-0.375499934610798,-0.277904110150551,-0.0444061001294121,-1.95853749738944,NA,0.704370298424,0.00341688987041438,-0.00290614731399279,0.00632303718440716,NA,NA,NA,466.925993471443,2181.60729548422,3.14389603191259,NA,NA,NA,TRUE
6428,"N Ms 1-2","Ms1-2","T5","3/29/21","night","MacArthur North","37","Ssid","control pH",22.553655,34.9112628,8.02132593,7.96700805,11.102,16.969,1.024695,2.516666667,110.2,101.6,-8.6,2415.88201600782,2439.89017789583,FALSE,0.00243989017789583,0.00241588201600782,-0.334245799969747,-0.341077100991027,-0.0961261643708616,-24.0081618880126,-0.0543178800000002,0.701947840545,0.0302977114718769,-0.00290614731399279,0.0332038587858697,454.532394978337,2164.25333866166,3.1711254678016,522.241192152423,2172.09342482494,2.83716006524715,7.84008616327628,67.7087971740859,-0.333965402554453,FALSE
6429,"N Ro 1-2","Ro1-2","T6","3/29/21","night","Rainbow","6","Ofav","control pH",22.50717,34.607096,NA,8.02005585,9.2778,18.487,1.024463,2.233333333,109.8,97.2,-12.6,2451.69328706431,2455.5313455125,FALSE,0.0024555313455125,0.00245169328706431,-0.375562611826879,-0.277950496992083,-0.0444135122498324,-3.83805844818744,NA,0.700233778519,0.00673127668659025,-0.00290614731399279,0.00963742400058304,NA,NA,NA,459.588482597718,2178.38582603874,3.1634189555588,NA,NA,NA,TRUE
6430,"N Rs 1-2","Rs1-2","T5","3/29/21","night","Rainbow","27","Ssid","control pH",22.553655,34.8129035,8.02132593,7.99688794,11.75,17.835,1.02462,2.466666667,110.2,101,-9.2,2431.17026749919,2439.89017789583,FALSE,0.00243989017789583,0.00243117026749919,-0.334270266049853,-0.341102067107806,-0.0961332006011985,-8.7199103966359,-0.02443799,0.7010091423,0.0106628449838097,-0.00290614731399279,0.0135689922978025,454.896819691281,2164.94561221462,3.16755526684495,484.78957798089,2170.66158789558,3.01639732302495,5.71597568095831,29.8927582896094,-0.151157943820002,FALSE
6431,"N So 1-2","So1-2","T6","3/29/21","night","Star Island","11","Ofav","control pH",22.557491,34.8076603,NA,7.99205635,13.058,18.081,1.024616,2.3,109.8,99.8,-10,2441.15587184157,2455.5313455125,FALSE,0.0024555313455125,0.00244115587184157,-0.375506531227309,-0.277908992246852,-0.044406880236108,-14.3754736709334,NA,0.700754350104,0.0169516967635098,-0.00290614731399279,0.0198578440775025,NA,NA,NA,493.367109521877,2182.5762864392,3.00231379891238,NA,NA,NA,TRUE
6432,"N Ss 1-2","Ss1-2","T5","3/29/21","night","Star Island","32","Ssid","control pH",22.553655,34.7604706,8.02132593,7.96966056,10.661,18.674,1.02458,2.516666667,110.2,105.3,-4.9,2431.38036924243,2439.89017789583,FALSE,0.00243989017789583,0.00243138036924243,-0.334283316090496,-0.341115383864608,-0.0961369536785805,-8.50980865340034,-0.0516653699999994,0.70012215308,0.0112296069634569,-0.00290614731399279,0.0141357542774496,455.09215957885,2165.31474320779,3.16564113907052,522.52400013538,2186.05724437658,2.86508638521873,20.742501168791,67.4318405565293,-0.300554753851789,FALSE
6433,"N Eo 1-4","Eo1-4","T8","3/29/21","night","Emerald","1","Ofav","low pH",22.60119,34.5218823,7.77461054,7.70159717,10.487,17.676,1.024398,2.333333333,109.9,100.5,-9.4,2417.17572140279,2440.90521168306,TRUE,0.00244090521168306,0.00241717572140279,-0.0707732736690232,-0.354354459887661,0.0944457134824551,-23.729490280266,-0.07301337,0.701020136952,0.0334793668096525,-0.00290614731399279,0.0363855141236453,881.563402933053,2289.6871205176,1.96266150396039,1052.839398189,2296.8310287978,1.67466121208135,7.14390828019486,171.275995255944,-0.288000291879043,FALSE
6434,"N Es 1-4","Es1-4","T2","3/29/21","night","Emerald","22","Ssid","low pH",22.597174,34.8181467,NA,7.70773986,11.006,17.646,1.024624,2.533333333,109.8,103,-6.8,2434.02593496266,2440.49278018305,FALSE,0.00244049278018305,0.00243402593496266,-0.162742625587533,0.0668537922203657,-0.0297670169740314,-6.4668452203955,NA,0.701205532896,0.00846553710110843,-0.00290614731399279,0.0113716844151012,NA,NA,NA,1042.04389492986,2309.43317788678,1.7148815842538,NA,NA,NA,TRUE
6435,"N Mo 1-4","Mo1-4","T8","3/29/21","night","MacArthur North","16","Ofav","low pH",22.548345,34.6660877,7.77461054,7.71644491,11.625,13.218,1.024508,2.416666667,109.9,99.5,-10.4,2424.5352531998,2440.90521168306,TRUE,0.00244090521168306,0.0024245352531998,-0.0707656748409969,-0.354316413341819,0.0944355729774682,-16.3699584832607,-0.0581656300000004,0.705662669256,0.0201025036028337,-0.00290614731399279,0.0230086509168264,880.697209037323,2289.31233057372,1.96274325123655,1015.85336472526,2297.70628306014,1.7319542520256,8.39395248641995,135.15615568794,-0.230788999210952,FALSE
6436,"N Ms 1-4","Ms1-4","T2","3/29/21","night","MacArthur North","37","Ssid","low pH",22.597174,34.7801331,NA,7.70521052,11.119,18.315,1.024595,2.633333333,109.8,101.1,-8.7,2439.01114091532,2440.49278018305,FALSE,0.00244049278018305,0.00243901114091532,-0.162747231833066,0.0668556844411694,-0.0297678594957032,-1.48163926773486,NA,0.700500232575,0.00208448458168546,-0.00290614731399279,0.00499063189567825,NA,NA,NA,1051.21236674488,2315.4369863422,1.70865654067196,NA,NA,NA,TRUE
6437,"N Ro 1-4","Ro1-4","T8","3/29/21","night","Rainbow","6","Ofav","low pH",22.60119,34.7499839,7.77461054,7.67877149,12.249,18.17,1.024572,2.366666667,109.9,102.5,-7.4,2416.06559735562,2440.90521168306,TRUE,0.00244090521168306,0.00241606559735562,-0.070761254455519,-0.354294280929012,0.0944296740492615,-24.8396143274394,-0.0958390500000004,0.70063307076,0.0295868939068857,-0.00290614731399279,0.0324930412208785,880.313771925513,2288.57700609878,1.96881532720266,1113.81703460991,2303.71331047812,1.6021488474764,15.1363043793472,233.503262684402,-0.366666479726251,FALSE
6438,"N Rs 1-4","Rs1-4","T2","3/29/21","night","Rainbow","27","Ssid","low pH",22.597174,34.6487011,NA,7.72206156,8.7612,18.787,1.024495,2.55,109.8,102.6,-7.2,2436.96614935269,2440.49278018305,FALSE,0.00244049278018305,0.00243696614935269,-0.162763117438348,0.0668622101620799,-0.0297707651086633,-3.52663083035895,NA,0.699948302435,0.00593617343711686,-0.00290614731399279,0.00884232075110965,NA,NA,NA,1006.7996994393,2307.24523121378,1.76391652841263,NA,NA,NA,TRUE
6439,"N So 1-4","So1-4","T8","3/29/21","night","Star Island","11","Ofav","low pH",22.60119,34.7303211,7.77461054,7.68266375,8.694,19.506438,1.024557,2.4,109.9,98.5,-11.4,2412.25169717364,2440.90521168306,TRUE,0.00244090521168306,0.00241225169717364,-0.0707622904338168,-0.354299467965179,0.0944310565444382,-28.6535145094176,-0.0919467900000006,0.699253556402034,0.0474215236822954,-0.00290614731399279,0.0503276709962882,880.420474187432,2288.67267082585,1.96828816127917,1101.20729241231,2298.58206200036,1.61203210424047,9.90939117450398,220.786818224874,-0.356256057038704,FALSE
6440,"N Ss 1-4","Ss1-4","T2","3/29/21","night","Star Island","32","Ssid","low pH",22.597174,34.6634659,NA,7.69873667,10.893,17.14,1.024506,2.6,109.8,101.8,-8,2434.61409736756,2440.49278018305,FALSE,0.00244049278018305,0.00243461409736756,-0.162761369869967,0.0668614922704211,-0.0297704454634722,-5.87868281549527,NA,0.70164317916,0.00761006593906073,-0.00290614731399279,0.0105162132530535,NA,NA,NA,1067.45901114074,2314.26604240908,1.68021155523378,NA,NA,NA,TRUE
6463,"N Eo 2-2","Eo2-2","T6","3/30/21","night","Emerald","2","Ofav","control pH",22.528216,34.6962383,8.06247423,8.02055473,9.4214,8.9602,1.024531,2,109.8,102.9,-6.9,2450.94722201528,2457.68584727022,FALSE,0.00245768584727022,0.00245094722201528,-0.375537685048085,-0.277932048908232,-0.0444105644436332,-6.73862525493814,-0.0419194999999988,0.7100407593338,0.0129756004046044,-0.00290614731399279,0.0158817477185972,409.160414863844,2158.21084041291,3.4325053996938,458.462489483291,2176.60452471968,3.17089854652794,18.3936843067659,49.3020746194462,-0.261606853165862,FALSE
6464,"N Es 2-2","Es2-2","T5","3/30/21","night","Emerald","23","Ssid","control pH",22.562015,34.8863732,8.01930204,7.93382163,12.748,19.71,1.024676,2.35,110.2,100.8,-9.4,2426.49919798718,2440.87216789119,FALSE,0.00244087216789119,0.00242649919798718,-0.33425199770464,-0.341083425394954,-0.0961279467851301,-14.3729699040091,-0.0854804099999997,0.69912618804,0.0168905077293373,-0.00290614731399279,0.0197966550433301,457.362842793622,2166.41754123529,3.16066271014257,574.082171357453,2199.48557102738,2.67627245247886,33.0680297920876,116.719328563831,-0.484390257663714,FALSE
6465,"N Mo 2-2","Mo2-2","T6","3/30/21","night","MacArthur North","17","Ofav","control pH",22.528216,34.8129035,8.06247423,8.01162435,7.6508,5.8258,1.02462,2.133333333,109.8,102.2,-7.6,2450.33512916662,2457.68584727022,FALSE,0.00245768584727022,0.00245033512916662,-0.375505065292499,-0.277907907321739,-0.0444067068766957,-7.35071810359477,-0.0508498799999995,0.713314008804,0.0163876053265741,-0.00290614731399279,0.0192937526405669,408.749391601993,2157.33815624682,3.43697477807719,469.338172139788,2180.3081145866,3.12252011619252,22.9699583397769,60.5887805377954,-0.314454661884669,FALSE
6466,"N Ms 2-2","Ms2-2","T5","3/30/21","night","MacArthur North","38","Ssid","control pH",22.581766,34.9361521,8.01930204,7.97099234,9.5874,15.313,1.024714,2.45,110.2,98.8,-11.4,2420.59195260967,2440.87216789119,FALSE,0.00244087216789119,0.00242059195260967,-0.334239602464688,-0.34107077682163,-0.0961243820226912,-20.2802152815184,-0.0483096999999999,0.703657782518,0.0305376636370481,-0.00290614731399279,0.0334438109510409,457.167133478996,2165.89778780776,3.16458033709013,517.536511502119,2173.94769428347,2.86789086442957,8.04990647571003,60.3693780231232,-0.296689472660562,FALSE
6467,"N Ro 2-2","Ro2-2","T6","3/30/21","night","Rainbow","7","Ofav","control pH",22.528216,34.9138827,8.06247423,8.01465601,10.69,17.759,1.024697,2.05,109.8,101.1,-8.7,2453.35547277196,2457.68584727022,FALSE,0.00245768584727022,0.00245335547277196,-0.375476848278076,-0.277887024164216,-0.0444033699718063,-4.33037449825633,-0.0478182199999999,0.701139699977,0.00716095900222066,-0.00290614731399279,0.0100671063162134,408.396353958429,2156.5831238019,3.44080998201463,465.64426685416,2180.66337252172,3.14772338341815,24.0802487198175,57.2479128957307,-0.293086598596477,FALSE
6468,"N Rs 2-2","Rs2-2","T5","3/30/21","night","Rainbow","28","Ssid","control pH",22.562015,34.8667233,8.01930204,7.97857684,11.996,18.927,1.024661,2.4,110.2,101.7,-8.5,2434.59332837271,2440.87216789119,FALSE,0.00244087216789119,0.00243459332837271,-0.334256890815597,-0.341088418511098,-0.0961293540009818,-6.27883951848253,-0.0407251999999998,0.699918263253,0.00774769903958969,-0.00290614731399279,0.0106538463535825,457.435834188846,2166.55549945501,3.15995125907872,510.245513041234,2183.45715337548,2.92199123818689,16.9016539204749,52.8096788523879,-0.237960020891833,FALSE
6469,"N So 2-2","So2-2","T6","3/30/21","night","Star Island","12","Ofav","control pH",22.528216,34.8063495,8.06247423,7.99361036,8.0685,15.161,1.024615,2.066666667,109.8,98.4,-11.4,2455.59815281712,2457.68584727022,FALSE,0.00245768584727022,0.00245559815281712,-0.375506897712799,-0.277909263479453,-0.0444069235761725,-2.08769445309599,-0.0688638699999995,0.703745541985,0.0047093324856665,-0.00290614731399279,0.00761547979965929,408.772392565367,2157.38717143778,3.43672478795338,494.295026980204,2195.32994091189,3.02636677440774,37.9427694741071,85.5226344148375,-0.410358013545646,FALSE
6470,"N Ss 2-2","Ss2-2","T5","3/30/21","night","Star Island","33","Ssid","control pH",22.562015,34.8942331,8.01930204,7.9572173,11.929,19.016,1.024682,2.433333333,110.2,99.3,-10.9,2416.74868960647,2440.87216789119,FALSE,0.00244087216789119,0.00241674868960647,-0.33425004050037,-0.341081428189428,-0.0961273839103253,-24.1234782847182,-0.0620847399999995,0.699841411088,0.0292145526213173,-0.00290614731399279,0.0321206999353101,457.333675967858,2166.36236103836,3.16094698933744,536.597240621628,2178.13983323145,2.78652444093693,11.7774721930869,79.2635646537703,-0.374422548400504,FALSE
6471,"N Eo 2-4","Eo2-4","T8","3/30/21","night","Emerald","2","Ofav","low pH",22.547869,34.8614833,7.76111883,7.69860419,10.082,2.8521,1.024657,2.166666667,109.7,96.9,-12.8,2428.05302318761,2447.13798993965,FALSE,0.00244713798993965,0.00242805302318761,-0.0707553844847593,-0.354264890592657,0.0944218406744891,-19.0849667520351,-0.0625146399999998,0.7163867897703,0.0307025491670475,-0.00290614731399279,0.0336086964810403,913.251594799,2300.12163630086,1.92005082905555,1063.57486685659,2307.38552443792,1.67672109463454,7.26388813705353,150.32327205759,-0.243329734421016,FALSE
6472,"N Es 2-4","Es2-4","T2","3/30/21","night","Emerald","23","Ssid","low pH",22.581307,35.297837,7.77484361,7.70719278,19.859,20.97,1.02499,2.483333333,109.9,98.9,-11,2433.05242629161,2448.94959235757,FALSE,0.00244894959235757,0.00243305242629161,-0.162684513995258,0.0668299202919053,-0.0297563878671987,-15.8971660659599,-0.0676508299999998,0.6980489397,0.0114445773838466,-0.00290614731399279,0.0143507246978394,879.818115203321,2293.64406131402,1.98941890633782,1040.25686987058,2306.70743185459,1.72255069824322,13.0633705405717,160.438754667257,-0.266868208094604,FALSE
6473,"N Mo 2-4","Mo2-4","T8","3/30/21","night","MacArthur North","17","Ofav","low pH",22.585897,34.8063495,7.76111883,7.71721137,13.875,12.876,1.024615,2.316666667,109.7,100.3,-9.4,2440.76350605675,2447.13798993965,TRUE,0.00244713798993965,0.00244076350605675,-0.070758284819176,-0.354279412267047,0.0944257111207624,-6.37448388289567,-0.0439074599999998,0.70608678726,0.00659208437678145,-0.00290614731399279,0.00949823169077423,913.612795680752,2300.15202929066,1.92130044373482,1020.03565961706,2312.24356075593,1.7524005111831,12.0915314652661,106.422863936312,-0.168899932551716,FALSE
6474,"N Ms 2-4","Ms2-4","T2","3/30/21","night","MacArthur North","38","Ssid","low pH",22.531593,34.7067254,7.77484361,7.67961746,8.5849,15.929,1.024539,2.616666667,109.9,93.9,-16,2427.42061298,2448.94959235757,FALSE,0.00244894959235757,0.00242742061298,-0.162756127389977,0.0668593386879367,-0.0297694865690813,-21.5289793775737,-0.0952261499999993,0.702906496269,0.0341192311816849,-0.00290614731399279,0.0370253784956777,882.886504548705,2296.83174838711,1.97016460275762,1116.83380570244,2314.9724227003,1.60743531105391,18.1406743131879,233.947301153732,-0.362729291703709,FALSE
6475,"N Ro 2-4","Ro2-4","T8","3/30/21","night","Rainbow","7","Ofav","low pH",22.585897,34.8483832,7.76111883,7.69097092,15.154,18.88,1.024647,2.2,109.7,97.8,-11.9,2433.58835074417,2447.13798993965,TRUE,0.00244713798993965,0.00243358835074417,-0.0707560750190065,-0.354268348026198,0.0944227621805363,-13.5496391954803,-0.0701479100000002,0.69995685864,0.0138396137970984,-0.00290614731399279,0.0167457611110912,913.381484589029,2299.95160992307,1.92240125397309,1087.14789916952,2315.6150639821,1.65647301730579,15.6634540590339,173.766414580489,-0.265928236667303,FALSE
6476,"N Rs 2-4","Rs2-4","T2","3/30/21","night","Rainbow","28","Ssid","low pH",22.581307,34.8641033,7.77484361,7.72723624,11.401,19.913,1.024659,2.533333333,109.9,99.5,-10.4,2446.37175232957,2448.94959235757,FALSE,0.00244894959235757,0.00244637175232958,-0.162737066672913,0.066851508648243,-0.0297660002010425,-2.57784002799735,-0.0476073699999997,0.698906583333,0.00343584581819767,-0.00290614731399279,0.00634199313219045,882.103203773785,2295.75597685136,1.97799213420665,996.168663588958,2313.33444282539,1.79400277886842,17.5784659740339,114.065459815172,-0.183989355338227,FALSE
6477,"N So 2-4","So2-4","T8","3/30/21","night","Star Island","12","Ofav","low pH",22.585897,34.8641033,7.76111883,7.68676232,12.43,17.226,1.024659,2.25,109.7,96.4,-13.3,2438.08573851387,2447.13798993965,TRUE,0.00244713798993965,0.00243808573851387,-0.0707552463795273,-0.354264199114047,0.0944216563754381,-9.05225142577638,-0.0743565100000003,0.701659842066,0.0108910348700613,-0.00290614731399279,0.0137971821840541,913.29521021759,2299.87666229619,1.92281222403428,1100.82408970957,2321.56972035524,1.64562279469779,21.693058059047,187.528879491984,-0.277189429336488,FALSE
6478,"N Ss 2-4","Ss2-4","T2","3/30/21","night","Star Island","33","Ssid","low pH",22.581307,34.6805076,7.77484361,7.70060681,13.851,14.801,1.024519,2.566666667,109.9,99.8,-10.1,2431.65605180312,2448.94959235757,FALSE,0.00244894959235757,0.00243165605180312,-0.162759304610261,0.0668606438728808,-0.0297700677098229,-17.2935405544563,-0.0742367999999995,0.704048432281,0.0173965153491496,-0.00290614731399279,0.0203026626631424,883.098601814835,2296.65079961694,1.97306195220788,1060.92683406353,2310.67371169584,1.68400381041011,14.0229120788922,177.828232248693,-0.289058141797766,FALSE
6483,"N Ao74","A074","T8","3/30/21","night",NA,NA,"control","low pH",22.585897,34.7840656,7.76111883,7.74085863,9.196,19.641,1.024598,2.35,109.7,104.7,-5,2448.5049944303,2447.13798993965,FALSE,0.00244713798993965,0.0024485049944303,-0.0707594588316589,-0.354285290426099,0.0944272778201792,1.36700449064756,-0.0202602000000001,0.699143666682,-0.00282517383404749,-0.00290614731399279,8.09734799452938e-05,913.73579205976,2300.25829104629,1.92071572183053,963.24733300137,2310.09616444316,1.84441985609679,9.83787339687888,49.5115409416094,-0.0762958657337394,FALSE
6484,"N CRo52","CR052","T6","3/30/21","night",NA,NA,"control","control pH",22.566113,34.9686323,8.06247423,8.02334964,9.9956,13.931,1.024739,2.15,109.8,107.1,-2.7,2459.39882127882,2457.68584727022,FALSE,0.00245768584727022,0.00245939882127882,-0.375461458966625,-0.277875634673805,-0.0444015500532331,1.71297400859885,-0.0391245900000001,0.705091138991,-0.00257947374790186,-0.00290614731399279,0.000326673566090926,408.177379597684,2155.82709109214,3.44722695892452,455.522624764516,2180.51895836676,3.21278482216037,24.6918672746206,47.3452451668316,-0.234442136764147,FALSE
6505,"N Eo 3-2","Eo3-2","T6","3/31/21","night","Emerald","3","Ofav","control pH",22.535346,34.8523132,8.06336479,7.99926311,9.0855,17.188,1.02465,2,110.1,101.9,-8.2,2455.76872919525,2471.88092218867,FALSE,0.00247188092218867,0.00245576872919525,-0.375494071146245,-0.277899770653394,-0.0444054067242473,-16.1121929934179,-0.0641016799999994,0.7016926158,0.031411897793518,-0.00290614731399279,0.0343180451075107,410.035516054795,2169.39399441688,3.46550918956848,486.539862509117,2191.95868017661,3.06098021697968,22.5646857597276,76.5043464543227,-0.404528972588793,FALSE
6506,"N Es 3-2","Es3-2","T5","3/31/21","night","Emerald","24","Ssid","control pH",22.506416,34.8510032,8.02169522,7.96949521,12.275,20.641,1.024649,2.433333333,110.4,99.6,-10.8,2438.73060025009,2446.92847137206,FALSE,0.00244692847137206,0.00243873060025009,-0.33426080540751,-0.34109241310927,-0.0961304798033278,-8.19787112197719,-0.05220001,0.698153817991,0.00969382002611558,-0.00290614731399279,0.0125999673401084,455.676968513457,2171.35022148925,3.17548646238546,524.042313133614,2192.76562400576,2.87157002260906,21.4154025165144,68.3653446201566,-0.303916439776405,FALSE
6507,"N Mo 3-2","Mo3-2","T6","3/31/21","night","MacArthur North","18","Ofav","control pH",22.551459,34.7617815,8.06336479,8.004623,10.015,14.088,1.024581,2.133333333,110.1,99,-11.1,2451.41294893035,2471.88092218867,FALSE,0.00247188092218867,0.00245141294893035,-0.375519358645144,-0.277918485702936,-0.0444083971887045,-20.4679732583154,-0.0587417899999991,0.704821564872,0.0340257594797175,-0.00290614731399279,0.0369319067937103,410.34248684924,2169.92653167222,3.46389157214676,478.880224408631,2185.41246564253,3.08433125295029,15.4859339703144,68.5377375593907,-0.379560319196471,FALSE
6508,"N Ms 3-2","Ms3-2","T5","3/31/21","night","MacArthur North","39","Ssid","control pH",22.506416,34.7080363,8.02169522,7.98657682,10.38,17.556,1.02454,2.583333333,110.4,102.1,-8.3,2431.05182361229,2446.92847137206,FALSE,0.00244692847137206,0.00243105182361229,-0.334296367150136,-0.341128701661233,-0.0961407070490171,-15.8766477597742,-0.0351184,0.70124025576,0.0208951100823549,-0.00290614731399279,0.0238012573963477,456.210315633569,2172.35796450295,3.17024712792426,499.09473187291,2177.32277608534,2.95035403000474,4.96481158238839,42.8844162393404,-0.21989309791952,FALSE
6509,"N Ro 3-2","Ro3-2","T6","3/31/21","night","Rainbow","8","Ofav","control pH",22.551459,34.5913645,8.06336479,8.0034048,11.079,18.871,1.024451,2.05,110.1,100,-10.1,2444.68204349032,2471.88092218867,FALSE,0.00247188092218867,0.00244468204349032,-0.375567011013704,-0.277953752790519,-0.0444140324915491,-27.1988786983457,-0.0599599899999994,0.699832187179,0.0421612117832541,-0.00290614731399279,0.0450673590972469,410.948644094274,2171.20818720261,3.45727228906399,479.780503866628,2181.05283066534,3.06244669138096,9.84464346272853,68.8318597723542,-0.394825597683031,FALSE
6510,"N Rs 3-2","Rs3-2","T5","3/31/21","night","Rainbow","29","Ssid","control pH",22.506416,34.8313529,8.02169522,7.97083034,12.985,18.956,1.024634,2.483333333,110.4,100.4,-10,2438.54862972016,2446.92847137206,FALSE,0.00244692847137206,0.00243854862972016,-0.334265698776344,-0.341097406488561,-0.0961318870933426,-8.37984165190437,-0.0508648799999998,0.699870105896,0.00919899899012691,-0.00290614731399279,0.0121051463041197,455.7499452555,2171.48870256334,3.17476968822844,522.178355914891,2192.00600871968,2.87789270553369,20.5173061563401,66.4284106593904,-0.296876982694743,FALSE
6511,"N So 3-2","So3-2","T6","3/31/21","night","Star Island","13","Ofav","control pH",22.551459,34.7578489,8.06336479,7.99186038,12.234,17.399,1.024578,2.083333333,110.1,98.3,-11.8,2451.03204711364,2471.88092218867,FALSE,0.00247188092218867,0.00245103204711364,-0.375520458178879,-0.277919299457923,-0.0444085272180351,-20.8488750750303,-0.0715044099999993,0.701427123378,0.0289099110068214,-0.00290614731399279,0.0318160583208141,410.356393196153,2169.95609820763,3.46373981701689,495.896637859756,2192.21128110347,3.01138486078067,22.2551828958403,85.5402446636026,-0.45235495623622,FALSE
6512,"N Ss 3-2","Ss3-2","T5","3/31/21","night","Star Island","34","Ssid","control pH",22.506416,35.0160183,8.02169522,7.95850084,11.306,19.385,1.024775,2.516666667,110.4,100.6,-9.8,2437.96185332787,2446.92847137206,FALSE,0.00244692847137206,0.00243796185332787,-0.3342197067649,-0.341050474494401,-0.0961186601937011,-8.96661804419409,-0.0631943799999997,0.699526786625,0.0111419772591783,-0.00290614731399279,0.014048124573171,455.068282915228,2170.1876956523,3.18146323176695,539.100644544118,2196.86926193768,2.81728832426805,26.6815662853883,84.0323616288906,-0.364174907498897,FALSE
6513,"N Eo 3-4","Eo3-4","T8","3/31/21","night","Emerald","3","Ofav","low pH",22.570817,34.5782549,7.7671292,7.71070138,11.039,16.551,1.024441,2.216666667,110,95.4,-14.6,2448.37540436343,2454.38657852543,TRUE,0.00245438657852543,0.00244837540436343,-0.0707703030237954,-0.354339586174314,0.0944417492076167,-6.01117416200123,-0.0564278200000006,0.702202059009,0.00808993432985129,-0.00290614731399279,0.0109960816438441,903.497348696281,2305.73692455918,1.94349289124703,1041.79218835842,2323.32907124708,1.72814948322398,17.5921466878976,138.294839662141,-0.215343408023054,FALSE
6514,"N Es 3-4","Es3-4","T2","3/31/21","night","Emerald","24","Ssid","low pH",22.53038,34.6424912,7.7678198,7.71747391,9.4389,21.348,1.02449,2.566666667,110.3,101.4,-8.9,2438.69626948204,2455.02655629616,FALSE,0.00245502655629616,0.00243869626948204,-0.162763911800018,0.0668625364815665,-0.0297709104042011,-16.3302868141209,-0.05034589,0.69732116748,0.0238968581073878,-0.00290614731399279,0.0268030054213806,901.708816461084,2305.99488042292,1.94555212230193,1019.32202886467,2311.18639278949,1.74419883855721,5.19151236657035,117.613212403583,-0.201353283744726,FALSE
6515,"N Mo 3-4","Mo3-4","T8","3/31/21","night","MacArthur North","18","Ofav","low pH",22.570817,34.7159015,7.7671292,7.68244439,13.265,12.149,1.024546,2.366666667,110,94,-16,2435.61277278378,2454.38657852543,TRUE,0.00245438657852543,0.00243561277278378,-0.0707630501705146,-0.354303271888231,0.0944320703999625,-18.7738057416536,-0.0846848100000006,0.706784082646,0.0207263379135205,-0.00290614731399279,0.0236324852275133,902.732367973104,2305.07311644992,1.94718149531355,1112.70252681409,2321.57285501796,1.62501184889192,16.4997385680399,209.970158840988,-0.322169646421633,FALSE
6516,"N Ms 3-4","Ms3-4","T2","3/31/21","night","MacArthur North","39","Ssid","low pH",22.574423,34.8233899,7.7678198,7.68762605,8.9728,16.767,1.024628,2.7,110.3,96.7,-13.6,2440.28719824373,2455.02655629616,FALSE,0.00245502655629616,0.00244028719824373,-0.162741990263784,0.0668535312327986,-0.0297669007678884,-14.7393580524276,-0.0801937499999994,0.702108918324,0.0217534248993624,-0.00290614731399279,0.0246595722133552,900.77744018976,2304.85039028559,1.95354211199846,1099.63924472631,2323.60116925643,1.648419276263,18.7507789708411,198.861804536549,-0.305122835735457,FALSE
6517,"N Ro 3-4","Ro3-4","T8","3/31/21","night","Rainbow","8","Ofav","low pH",22.570817,34.646424,7.7671292,7.68351428,11.899,17.096,1.024493,2.266666667,110,92.4,-17.6,2430.18499543786,2454.38657852543,TRUE,0.00245438657852543,0.00243018499543786,-0.0707667109487327,-0.354321601026068,0.0944369556453778,-24.2015830875703,-0.0836149200000005,0.701679353672,0.0310176219185978,-0.00290614731399279,0.0339237692325906,903.117288792752,2305.40814125741,1.94532342924706,1107.59661277825,2316.17796260729,1.62330119249368,10.7698213498797,204.479323985494,-0.322022236753378,FALSE
6518,"N Rs 3-4","Rs3-4","T2","3/31/21","night","Rainbow","29","Ssid","low pH",22.53038,34.7617815,7.7678198,7.72092922,11.553,20.222,1.024581,2.616666667,110.3,101.8,-8.5,2443.4765149746,2455.02655629616,FALSE,0.00245502655629616,0.0024434765149746,-0.162749455631131,0.0668565979654122,-0.0297682662473733,-11.55004132156,-0.0468905799999995,0.698536785018,0.0136563678788822,-0.00290614731399279,0.016562515192875,901.050396192623,2305.41954266981,1.94874017546186,1011.66855406255,2313.87328970685,1.76303838456953,8.4537470370401,110.618157869923,-0.185701790892327,FALSE
6519,"N So 3-4","So3-4","T8","3/31/21","night","Star Island","13","Ofav","low pH",22.570817,34.7539164,7.7671292,7.68252171,12.997,13.506,1.024575,2.316666667,110,98.6,-11.4,2438.35842470123,2454.38657852543,TRUE,0.00245438657852543,0.00243835842470123,-0.0707610472634995,-0.354293243540004,0.0944293975550838,-16.0281538241979,-0.0846074900000007,0.70541374005,0.0183492203348055,-0.00290614731399279,0.0212553676487983,902.522796114144,2304.88983610949,1.948194881318,1113.52456230691,2324.04817985091,1.62801610182095,19.1583437414238,211.001766192765,-0.320178779497047,FALSE
6520,"N Ss 3-4","Ss3-4","T2","3/31/21","night","Star Island","34","Ssid","low pH",22.574423,35.1588309,7.7678198,7.71379855,11.865,14.94,1.024884,2.666666667,110.3,103.1,-7.2,2439.74423508156,2455.02655629616,FALSE,0.00245502655629616,0.00243974423508156,-0.16270133985895,0.0668368322658955,-0.0297594654614571,-15.2823212145977,-0.0540212499999999,0.70415680104,0.0173097123506956,-0.00290614731399279,0.0202158596646884,898.973070813842,2303.23230042366,1.96235775017668,1026.47018581374,2311.14906993431,1.74716988283225,7.91676951065119,127.497114999897,-0.215187867344434,FALSE
6525,"N A138","A138","T6","3/31/21","night",NA,NA,"control","control pH",22.535346,34.9151927,8.06336479,8.0369357,9.3734,15.194,1.024698,2.183333333,110.1,107.5,-2.6,2459.84806068799,2471.88092218867,FALSE,0.00247188092218867,0.00245984806068799,-0.375476481851238,-0.277886752975023,-0.0444033266386779,-12.0328615006783,-0.0264290899999988,0.703768734588,0.0209525675137734,-0.00290614731399279,0.0238587148277662,409.815180308466,2168.92163093102,3.46791163106797,438.96417351687,2173.67338660419,3.28890121883286,4.75175567317092,29.1489932084039,-0.179010412235108,FALSE
6526,"N A144","A144","T8","3/31/21","night",NA,NA,"control","low pH",22.552311,35.0776217,7.7671292,7.76201176,8.8793,15.005,1.024822,2.4,110,106.6,-3.4,2456.01296228965,2454.38657852543,FALSE,0.00245438657852543,0.00245601296228965,-0.070743992615303,-0.354207852680758,0.0944066384211112,1.62638376421728,-0.00511744000000025,0.70404758989,-0.00331379436002901,-0.00290614731399279,-0.000407647046036219,900.741508081504,2303.44481382644,1.95539937298438,913.356917793624,2307.20464140495,1.93660441292482,3.75982757850807,12.6154097121201,-0.0187949600595523,FALSE
6550,"N Eo 4-2","Eo4-2","T6","4/1/21","night","Emerald","4","Ofav","control pH",22.564654,34.9112628,8.06329702,8.0202363,10.303,18.398,1.024695,2,110.1,99.5,-10.6,2461.13700215016,2468.26081141591,FALSE,0.00246826081141591,0.00246113700215016,-0.375477581133898,-0.277887566544191,-0.0444034566383168,-7.1238092657577,-0.0430607199999997,0.70048355139,0.0123608558737197,-0.00290614731399279,0.0152670031877125,409.260453468727,2165.42025925682,3.46544226160517,460.015958557883,2184.33312350831,3.19455420703003,18.9128642514979,50.755505089156,-0.270888054575142,FALSE
6551,"N Es 4-2","Es4-2","T5","4/1/21","night","Emerald","25","Ssid","control pH",22.618958,35.0474948,8.01932953,7.96541019,13.725,18.829,1.024799,2.3,109.8,101.6,-8.2,2441.4601330687,2456.03400581656,FALSE,0.00245603400581656,0.0024414601330687,-0.334211879597853,-0.341042487356057,-0.0961164091690175,-14.5738727478592,-0.0539193400000002,0.700112957629,0.016274818374408,-0.00290614731399279,0.0191809656884008,459.643055826818,2178.72718275476,3.19317660169526,529.693983182219,2195.31485845149,2.87070443926304,16.5876756967282,70.050927355401,-0.32247216243222,FALSE
6552,"N Mo 4-2","Mo4-2","T6","4/1/21","night","MacArthur North","19","Ofav","control pH",22.598912,35.1785814,8.06329702,8.01806871,8.5181,14.318,1.024899,2.15,110.1,98,-12.1,2460.28706879107,2468.26081141591,FALSE,0.00246826081141591,0.00246028706879107,-0.375402844572977,-0.277832254690462,-0.0443946183965444,-7.97374262484664,-0.0452283100000006,0.704804594118,0.0156305633029726,-0.00290614731399279,0.0185367106169654,408.308148365242,2163.09795806353,3.47946732847071,461.606186279006,2182.61806248517,3.19403469787413,19.5201044216396,53.2980379137643,-0.285432630596584,FALSE
6553,"N Ms 4-2","Ms4-2","T5","4/1/21","night","MacArthur North","40","Ssid","control pH",22.618958,35.0697625,8.01932953,7.96546268,9.5688,16.529,1.024816,2.45,109.8,98.7,-11.1,2419.2497559206,2456.03400581656,FALSE,0.00245603400581656,0.0024192497559206,-0.334206335576338,-0.341036830026073,-0.0961148147569905,-36.7842498959631,-0.0538668500000004,0.702481648336,0.0552951296202583,-0.00290614731399279,0.0582012769342511,459.560906085402,2178.57017818439,3.19397769866948,524.550641923214,2174.50154829149,2.84473895287884,-4.06862989290539,64.9897358378125,-0.349238745790635,FALSE
6554,"N Ro 4-2","Ro4-2","T6","4/1/21","night","Rainbow","9","Ofav","control pH",22.598912,34.962443,8.06329702,8.00894499,9.1677,16.442,1.024734,2.05,110.1,95.1,-15,2455.27295204545,2468.26081141591,FALSE,0.00246826081141591,0.00245527295204545,-0.375463290961362,-0.277876990516563,-0.0444017667023833,-12.9878593704589,-0.0543520300000004,0.702514591572,0.0245618722585725,-0.00290614731399279,0.0274680195725653,409.055720201628,2164.72097608369,3.47134542240061,473.201003108229,2184.73778475444,3.12648862666174,20.0168086707558,64.1452829066007,-0.344856795738873,FALSE
6555,"N Rs 4-2","Rs4-2","T5","4/1/21","night","Rainbow","30","Ssid","control pH",22.618958,35.0409454,8.01932953,7.94948866,10.238,20.054,1.024794,2.333333333,109.8,103.5,-6.3,2431.74364289792,2456.03400581656,FALSE,0.00245603400581656,0.00243174364289792,-0.334213510227421,-0.341044151312361,-0.0961168781237985,-24.290362918638,-0.0698408700000002,0.698854169124,0.0356929788759736,-0.00290614731399279,0.0385991261899664,459.667243660081,2178.77336355078,3.19294071665257,550.863913459165,2194.80459598952,2.77402092879967,16.0312324387414,91.196669799084,-0.418919787852894,FALSE
6556,"N So 4-2","So4-2","T6","4/1/21","night","Star Island","14","Ofav","control pH",22.598912,34.9689767,8.06329702,8.01548232,12.482,13.004,1.024739,2.1,110.1,93.2,-16.9,2463.72629753475,2468.26081141591,FALSE,0.00246826081141591,0.00246372629753475,-0.375461458966625,-0.277875634673805,-0.0444015500532331,-4.534513881159,-0.0478147,0.706041072044,0.00630388441568385,-0.00290614731399279,0.00921003172967664,409.032952166268,2164.67189264505,3.47159305510933,466.373051700855,2188.74678621666,3.17595593927633,24.074893571616,57.3400995345868,-0.295637115832996,FALSE
6557,"N Ss 4-2","Ss4-2","T5","4/1/21","night","Star Island","35","Ssid","control pH",22.618958,34.9191226,8.01932953,7.96361586,9.2695,19.97,1.024701,2.383333333,109.8,98.3,-11.5,2434.55368038479,2456.03400581656,FALSE,0.00245603400581656,0.00243455368038479,-0.334243842838057,-0.341075103859565,-0.0961256015169303,-21.4803254317735,-0.0557136700000003,0.69887682303,0.0341477997035732,-0.00290614731399279,0.037053947017566,460.119296539458,2179.63255466289,3.188531166166,531.245969915895,2190.69219637744,2.84831759090765,11.0596417145534,71.1266733764371,-0.340213575258349,FALSE
6558,"N Eo 4-4","Eo4-4","T8","4/1/21","night","Emerald","4","Ofav","low pH",22.558769,34.9781237,7.76761367,7.69357215,10.524,18.012,1.024746,2.166666667,109.5,100.3,-9.2,2445.92991478964,2458.28267465123,FALSE,0.00245828267465123,0.00244592991478964,-0.0707492393236958,-0.354234122406918,0.094413640063001,-12.3527598615929,-0.0740415200000006,0.700913967048,0.0184214138608388,-0.00290614731399279,0.0213275611748316,901.616271727965,2307.41358980136,1.95834255741498,1084.70493995991,2326.14486002165,1.67531007875084,18.7312702202926,183.088668231948,-0.283032478664146,FALSE
6559,"N Es 4-4","Es4-4","T2","4/1/21","night","Emerald","25","Ssid","low pH",22.597732,34.9637498,7.76923287,7.70317243,14.601,20.197,1.024735,2.45,109.5,103.3,-6.2,2435.07400710499,2465.84373271486,FALSE,0.00246584373271486,0.00243507400710499,-0.162724997194397,0.0668465505716112,-0.0297637925902794,-30.7697256098691,-0.0660604399999993,0.698667397205,0.0303285130676482,-0.00290614731399279,0.033234660381641,900.803467501337,2313.7950793206,1.97337360688258,1053.86274274193,2311.640337116,1.70310799825993,-2.15474220459873,153.059275240591,-0.270265608622646,FALSE
6560,"N Mo 4-4","Mo4-4","T8","4/1/21","night","MacArthur North","19","Ofav","low pH",22.605288,35.0029209,7.76761367,7.70408523,9.2909,14.719,1.024765,2.3,109.5,97.5,-12,2447.03585295657,2458.28267465123,FALSE,0.00245828267465123,0.00244703585295657,-0.0707479275736388,-0.354227554610081,0.0944118895551663,-11.24682169466,-0.0635284400000007,0.704301513965,0.0179275314348613,-0.00290614731399279,0.0208336787488541,901.549422897731,2307.00521676107,1.96234804187119,1056.46210617265,2322.63716781069,1.71626082294037,15.6319510496223,154.912683274921,-0.246087218930817,FALSE
6561,"N Ms 4-4","Ms4-4","T2","4/1/21","night","MacArthur North","40","Ssid","low pH",22.574587,34.9978464,7.76923287,7.7008514,13.669,16.805,1.024761,2.55,109.5,101.3,-8.2,2436.65588829624,2465.84373271486,FALSE,0.00246584373271486,0.00243665588829624,-0.162720868573258,0.0668448545563307,-0.029763037430191,-29.1878444186204,-0.0683814699999994,0.702161113395,0.0296868524595425,-0.00290614731399279,0.0325929997735353,900.586574683562,2313.77402463289,1.97259824196954,1060.5702152251,2314.08352349936,1.69546722745159,0.309498866470221,159.983640541538,-0.277131014517954,FALSE
6562,"N Ro 4-4","Ro4-4","T8","4/1/21","night","Rainbow","9","Ofav","low pH",22.605288,34.8667233,7.76761367,7.68816425,12.865,17.191,1.024661,2.2,109.5,99.9,-9.6,2443.43313190607,2458.28267465123,TRUE,0.00245828267465123,0.00244343313190607,-0.0707551082748343,-0.354263507638136,0.0944214720771065,-14.8495427451594,-0.0794494200000004,0.701697074749,0.0179553892519643,-0.00290614731399279,0.0208615365659571,902.287583843136,2307.66312693038,1.95875000967792,1099.38935314895,2326.08487488816,1.6553369025526,18.4217479577846,197.101769305817,-0.303413107125315,FALSE
6563,"N Rs 4-4","Rs4-4","T2","4/1/21","night","Rainbow","30","Ssid","low pH",22.574587,35.0002583,7.76923287,7.71018496,9.88,18.562,1.024763,2.483333333,109.5,101.1,-8.4,2451.78700087603,2465.84373271486,FALSE,0.00246584373271486,0.00245178700087603,-0.162720550995694,0.0668447240971815,-0.0297629793425407,-14.0567318388335,-0.0590479099999994,0.700361975194,0.0204510119561782,-0.00290614731399279,0.023357159270171,900.573587702869,2313.76233370347,1.972662039484,1042.13746781951,2324.95567057105,1.73925172149812,11.193336867585,141.563880116645,-0.233410317985885,FALSE
6564,"N So 4-4","So4-4","T8","4/1/21","night","Star Island","14","Ofav","low pH",22.605288,34.8929231,7.76761367,7.7063831,14.662,15.849,1.024681,2.216666667,109.5,99.6,-9.9,2456.30521825872,2458.28267465123,TRUE,0.00245828267465123,0.00245630521825872,-0.0707537272575563,-0.354256593027489,0.0944196291333596,-1.97745639251025,-0.0612305700000002,0.703085892831,0.0017316850993615,-0.00290614731399279,0.00463783241335429,902.144855328665,2307.53654518337,1.95944449153619,1054.99010607708,2331.16083131273,1.72839772716465,23.6242861293663,152.845250748414,-0.231046764371539,FALSE
6565,"N Ss 4-4","Ss4-4","T2","4/1/21","night","Star Island","35","Ssid","low pH",22.574587,34.976817,7.76923287,7.7128954,8.2863,16.102,1.024745,2.55,109.5,108.8,-0.7,2456.23597525016,2465.84373271486,FALSE,0.00246584373271486,0.00245623597525016,-0.162723409238396,0.0668458982478568,-0.0297635021395567,-9.60775746469881,-0.0563374699999999,0.70287054601,0.0164257158864875,-0.00290614731399279,0.0193318632004803,900.699933281119,2313.87596192194,1.9720415856547,1036.9939607451,2328.25957547822,1.75160833841418,14.3836135562856,136.294027463979,-0.220433247240521,FALSE
6592,"N Eo 5-2","Eo5-2","T6","4/2/21","night","Emerald","5","Ofav","control pH",22.540542,34.962443,8.05757212,8.00942857,11.081,15.961,1.024734,2,111.1,102.3,-8.8,2466.87624272668,2476.92603282224,FALSE,0.00247692603282224,0.00246687624272668,-0.375463290961362,-0.277876990516563,-0.0444017667023833,-10.0497900955561,-0.0481435499999989,0.703007488626,0.0161793718471461,-0.00290614731399279,0.0190855191611389,417.231124267149,2176.63042238149,3.44152184177578,474.91531299815,2195.66169822784,3.13836037146083,19.0312758463515,57.6841887310014,-0.30316147031495,FALSE
6593,"N Es 5-2","Es5-2","T5","4/2/21","night","Emerald","26","Ssid","control pH",22.570391,35.0488047,8.00943433,7.96187084,8.051,19.854,1.0248,2.416666667,109.6,99.6,-10,2455.21032806564,2459.80860930035,FALSE,0.00245980860930035,0.00245521032806564,-0.334211553473849,-0.341042154566745,-0.0961163153786105,-4.59828123470788,-0.0475634899999999,0.6990632208,0.008428650620512,-0.00290614731399279,0.0113347979345048,473.157763970683,2188.28513047494,3.13535643317122,537.942074937936,2210.38889804,2.8634485029764,22.1037675650637,64.7843109672525,-0.271907930194823,FALSE
6594,"N Mo 5-2","Mo5-2","T6","4/2/21","night","MacArthur North","20","Ofav","control pH",22.578537,34.9781237,8.05757212,8.022489,7.876,7.1451,1.024746,2.133333333,111.1,101.9,-9.2,2464.38784288826,2476.92603282224,FALSE,0.00247692603282224,0.00246438784288826,-0.375458894204027,-0.277873736516171,-0.0444012467479746,-12.5381899339804,-0.0350831199999995,0.7120497793554,0.0268925457594367,-0.00290614731399279,0.0297986930734295,417.147762624825,2176.16556420246,3.44648591174202,457.527570586107,2185.42889147347,3.21615931000296,9.2633272710068,40.3798079612825,-0.230326601739065,FALSE
6595,"N Ms 5-2","Ms5-2","T5","4/2/21","night","MacArthur North","41","Ssid","control pH",22.570391,34.9060229,8.00943433,7.94508359,9.0339,16.282,1.024691,2.533333333,109.6,99.5,-10.1,2435.48276105213,2459.80860930035,FALSE,0.00245980860930035,0.00243548276105213,-0.33424710473694,-0.341078432424994,-0.0961265396104777,-24.3258482482183,-0.0643507399999992,0.702649063138,0.037513780179783,-0.00290614731399279,0.0404199274937758,473.695838505617,2189.27808190726,3.13022956129764,558.926325208672,2201.84022374431,2.74618357759626,12.5621418370515,85.2304867030546,-0.384045983701378,FALSE
6596,"N Ro 5-2","Ro5-2","T6","4/2/21","night","Rainbow","10","Ofav","control pH",22.578537,33.0251478,8.05757212,8.0136813,11.777,19.556,1.023257,2.05,111.1,97.9,-13.2,2459.80939421246,2476.92603282224,FALSE,0.00247692603282224,0.00245980939421246,-0.376005245993919,-0.278278086541309,-0.0444658575509378,-17.1166386097789,-0.0438908199999997,0.698315600108,0.0249824653362127,-0.00290614731399279,0.0278886126502055,424.511276409912,2190.79702595011,3.366971801405,475.753455566383,2199.99057086437,3.08283638592426,9.19354491426157,51.2421791564707,-0.284135415480739,FALSE
6597,"N Rs 5-2","Rs5-2","T5","4/2/21","night","Rainbow","31","Ssid","control pH",22.570391,34.9125728,8.00943433,7.95074976,15.587,19.943,1.024696,2.45,109.6,100.1,-9.5,2427.9108561916,2459.80860930035,FALSE,0.00245980860930035,0.0024279108561916,-0.33424547377954,-0.341076768134159,-0.0961260705614153,-31.897753108748,-0.0586845699999996,0.698901079672,0.0292969186860151,-0.00290614731399279,0.0322030660000079,473.671029547537,2189.23252082176,3.13046597233403,548.622812989967,2191.76371521505,2.76717588769847,2.53119439328975,74.9517834424295,-0.36329008463556,FALSE
6598,"N So 5-2","So5-2","T6","4/2/21","night","Star Island","15","Ofav","control pH",22.578537,34.9453217,8.05757212,8.00059016,11.437,17.683,1.024721,2.1,111.1,100.8,-10.3,2460.67725931418,2476.92603282224,FALSE,0.00247692603282224,0.00246067725931418,-0.375468054231347,-0.277880515769658,-0.0444023300000683,-16.2487735080549,-0.0569819599999999,0.701234000557,0.0239492227798981,-0.00290614731399279,0.0268553700938909,417.263415858214,2176.41049065421,3.44524323380432,485.394236412397,2194.74470752115,3.08276318454957,18.3342168669469,68.1308205541835,-0.362480049254753,FALSE
6599,"N Ss 5-2","Ss5-2","T5","4/2/21","night","Star Island","36","Ssid","control pH",22.570391,35.0527343,8.00943433,7.93566177,11.129,16.608,1.024803,2.5,109.6,95.5,-14.1,2436.66471037996,2459.80860930035,FALSE,0.00245980860930035,0.00243666471037996,-0.334210575105654,-0.341041156202704,-0.0961160340084875,-23.1438989203903,-0.0737725599999992,0.702391777776,0.0293530139154799,-0.00290614731399279,0.0322591612294727,473.143036331118,2188.25780987982,3.13549674105154,573.012242509066,2206.93983257578,2.7035382572063,18.6820226959553,99.8692061779487,-0.431958483845245,FALSE
6600,"N Eo 5-4","Eo5-4","T8","4/2/21","night","Emerald","5","Ofav","low pH",22.528741,34.9256724,7.77517282,7.69598925,9.882,16.501,1.024706,2.2,110.1,97.1,-13,2451.83593568075,2466.62945368777,FALSE,0.00246662945368777,0.00245183593568075,-0.070752001061768,-0.354247950143749,0.0944173255548421,-14.7935180070231,-0.0791835699999996,0.702434938294,0.0233094557658622,-0.00290614731399279,0.026215603079855,887.453600277175,2312.58838322062,1.99172249323096,1080.94194970506,2331.29885739353,1.68468259574695,18.7104741729081,193.488349427886,-0.307039897484011,FALSE
6601,"N Es 5-4","Es5-4","T2","4/2/21","night","Emerald","26","Ssid","low pH",22.605665,34.4930399,7.76809901,7.73099736,8.7558,19.786,1.024376,2.55,109.7,102.7,-7,2468.64866937591,2471.36149521467,FALSE,0.00247136149521467,0.00246864866937591,-0.162782025350067,0.0668699774301624,-0.0297742235272986,-2.71282583876337,-0.0371016500000003,0.698843648464,0.00465575737771664,-0.00290614731399279,0.00756190469170943,908.138678279898,2321.81367900683,1.96126875616545,998.005284948368,2334.82507160963,1.81683016526527,13.0113926028084,89.8666066684704,-0.144438590900187,FALSE
6602,"N Mo 5-4","Mo5-4","T8","4/2/21","night","MacArthur North","20","Ofav","low pH",22.528741,34.8418331,7.77517282,7.7163954,9.6864,7.5615,1.024642,2.35,110.1,98.4,-11.7,2462.34478919065,2466.62945368777,FALSE,0.00246662945368777,0.00246234478919065,-0.0707564202911846,-0.354270076768276,0.094423222940305,-4.28466449712369,-0.0587774200000002,0.711550853517,0.00611152381815236,-0.00290614731399279,0.00901767113214515,887.905522891367,2312.99833291462,1.98946988965881,1031.05384157341,2333.60267730514,1.76236916276909,20.6043443905278,143.148318682045,-0.227100726889723,FALSE
6603,"N Ms 5-4","Ms5-4","T2","4/2/21","night","MacArthur North","41","Ssid","low pH",22.605665,35.179892,7.76809901,7.68012841,11.634,18.341,1.0249,2.7,109.7,95.6,-14.1,2449.88236531074,2471.36149521467,FALSE,0.00247136149521467,0.00244988236531074,-0.162698799882915,0.0668357888574495,-0.0297590008781345,-21.4791299039262,-0.0879706000000002,0.7006821091,0.0242670476921819,-0.00290614731399279,0.0271731950061747,904.366862703508,2318.48159639114,1.97964137441487,1123.18372612483,2334.1920073216,1.63964990386481,15.7104109304551,218.816863421323,-0.339991470550059,FALSE
6604,"N Ro 5-4","Ro5-4","T8","4/2/21","night","Rainbow","10","Ofav","low pH",22.528741,34.9637498,7.77517282,7.6849893,8.1793,17.766,1.024735,2.266666667,110.1,97.2,-12.9,2449.84266225829,2466.62945368777,FALSE,0.00246662945368777,0.0024498426622583,-0.0707499987801724,-0.354237924926932,0.0944146535445749,-16.7867914294798,-0.0901835200000001,0.70115852799,0.0310564843909025,-0.00290614731399279,0.0339626317048953,887.249510379626,2312.40223155265,1.9927417258059,1110.47458764796,2333.57095630326,1.64644211930918,21.1687247506043,223.225077268333,-0.34629960649672,FALSE
6605,"N Rs 5-4","Rs5-4","T2","4/2/21","night","Rainbow","31","Ssid","low pH",22.605665,35.0251651,7.76809901,7.72202008,14.473,16.813,1.024782,2.583333333,109.7,98.9,-10.8,2467.75978793169,2471.36149521467,FALSE,0.00247136149521467,0.00246775978793169,-0.162717534070661,0.0668434847606613,-0.0297624275211704,-3.60170728297635,-0.0460789300000002,0.702167304234,0.00362882098998023,-0.00290614731399279,0.00653496830397302,905.195548726965,2319.23157741572,1.97556983409396,1017.69125073395,2335.25519761749,1.7964203843278,16.0236202017704,112.495702006986,-0.179149449766161,FALSE
6606,"N So 5-4","So5-4","T8","4/2/21","night","Star Island","15","Ofav","low pH",22.528741,33.1261873,7.77517282,7.69160752,13.05,19.473,1.023334,2.3,110.1,99.8,-10.3,2449.92006229074,2466.62945368777,FALSE,0.00246662945368777,0.00244992006229074,-0.0708468593831535,-0.354722895945996,0.0945439123492428,-16.7093913970361,-0.0835653000000001,0.698453085018,0.0190182961268257,-0.00290614731399279,0.0219244434408185,897.931239805475,2321.40796896195,1.94092390468375,1104.07226112852,2338.90115837318,1.62417189504818,17.493189411236,206.141021323048,-0.316752009635565,FALSE
6607,"N Ss 5-4","Ss5-4","T2","4/2/21","night","Star Island","36","Ssid","low pH",22.605665,35.1326347,7.76809901,7.69953673,8.2837,13.747,1.024864,2.633333333,109.7,97.3,-12.4,2457.82289881568,2471.36149521467,FALSE,0.00247136149521467,0.00245782289881568,-0.162704514940519,0.0668381365722672,-0.0297600462110095,-13.5385963989947,-0.0685622800000001,0.705365722592,0.0223284106435684,-0.00290614731399279,0.0252345579575612,904.618671874697,2318.7106175528,1.97840203287352,1072.83072604556,2334.34466884018,1.71102112643787,15.6340512873826,168.212054170866,-0.267380906435648,FALSE
6612,"N CRo46","CR046","T6","4/2/21","night","MacArthur North","21","Ofav","control pH",22.578537,34.7290102,8.05757212,8.01563777,9.6512,12.527,1.024556,2.15,111.1,102.6,-8.5,2466.41219648721,2476.92603282224,FALSE,0.00247692603282224,0.00246641219648721,-0.375528521623025,-0.277925267140108,-0.0444094807897275,-10.5138363350284,-0.04193435,0.706403698988,0.0181544018076019,-0.00290614731399279,0.0210605491215947,418.032889024203,2178.02643275788,3.43696662775475,467.617613468352,2192.99442110466,3.16947218044591,14.967988346782,49.5847244441492,-0.267494447308834,FALSE
6613,"N CRo49","CR049","T8","4/2/21","night","MacArthur North","21","Ofav","low pH",22.528741,35.179892,7.77517282,7.70838872,9.8398,14.756,1.0249,2.4,110.1,97.9,-12.2,2453.61214269151,2466.62945368777,FALSE,0.00246662945368777,0.00245361214269151,-0.0707386086447458,-0.354180895697141,0.0943994536052298,-13.0173109962602,-0.0667840999999996,0.7043563756,0.0188662014981309,-0.00290614731399279,0.0217723488121237,886.104732142268,2311.34599476689,1.99848157111013,1046.58171463549,2326.92316433868,1.73548064137951,15.5771695717876,160.476982493217,-0.263000929730615,FALSE
