"species","incubation","site","mean_control pH","mean_low pH","sd_control pH","sd_low pH","n_control pH","n_low pH","pct_change"
"Ofav","day","Emerald",0.0272725660703632,0.0497027144333396,0.0210777509012268,0.0177677803292387,5,3,82.24
"Ofav","day","Rainbow",0.0217186942417694,0.0770174959123271,0.0260234278735539,NA,5,1,254.61
"Ofav","day","Star Island",0.024261319354545,0.0550874373530171,0.012030664880207,NA,5,1,127.06
"Ofav","day","MacArthur North",0.0169352423736092,0.0479191256686977,0.0180556560982975,0.0406726491111054,6,3,182.96
"Ofav","day","reef sites",0.0244956301560663,0.0565314098030865,0.0225168461776659,0.019924532625968,10,4,130.78
"Ofav","day","urban sites",0.0202652773649437,0.0497112035897775,0.0153471747618697,0.033401932532579,11,4,145.3
"Ofav","day","all sites",0.0222797310750021,0.053121306696432,0.0187245471726768,0.0257211939219858,21,8,138.43
"Ofav","night","Emerald",0.0227994788549121,0.0270506202452423,0.00859110094059519,0.00618300180755432,5,3,18.65
"Ofav","night","Rainbow",0.0240257043273628,0.0339626317048953,0.0147596400668503,NA,5,1,41.36
"Ofav","night","Star Island",0.0190709568043087,0.0219244434408185,0.0106315531701785,NA,5,1,14.96
"Ofav","night","MacArthur North",0.0219907749051123,0.0172078995643743,0.0104856933269179,0.00710845670318045,6,3,-21.75
"Ofav","night","reef sites",0.0234125915911375,0.0287786231101555,0.0114035814713872,0.00611803207788857,10,4,22.92
"Ofav","night","urban sites",0.0206635848592925,0.0183870355334854,0.0101248181963239,0.00626483979592454,11,4,-11.02
"Ofav","night","all sites",0.0219726356839806,0.0235828293218205,0.0105713739723854,0.00798217467012979,21,8,7.33
"Ofav","day/night mean","Emerald",0.0250360224626376,0.038376667339291,0.0108680999040255,0.0108493532948651,5,3,53.29
"Ofav","day/night mean","Rainbow",0.0228721992845661,0.0554900638086112,0.0180851397349111,NA,5,1,142.61
"Ofav","day/night mean","Star Island",0.0216661380794269,0.0385059403969178,0.00867051980734185,NA,5,1,77.72
"Ofav","day/night mean","MacArthur North",0.0194630086393608,0.032563512616536,0.0108275885786141,0.0232695676986936,6,3,67.31
"Ofav","day/night mean","reef sites",0.0239541108736019,0.042655016456621,0.0141124721272649,0.0123162249068821,10,4,78.07
"Ofav","day/night mean","urban sites",0.0204644311121181,0.0340491195616314,0.00948753185526537,0.0192304437261335,11,4,66.38
"Ofav","day/night mean","all sites",0.0221261833794913,0.0383520680091262,0.0117396299957639,0.0156416157747623,21,8,73.33
"Ssid","day","Emerald",0.0396948707800166,0.0330689573846934,0.00651581216161986,0.0214797775161889,5,5,-16.69
"Ssid","day","Rainbow",0.0356418583586321,0.0318944036968831,0.0174348563041669,0.0195639236244334,5,5,-10.51
"Ssid","day","Star Island",0.0585753684412434,0.0372108463263993,0.0130747042647623,0.0192693000572711,5,5,-36.47
"Ssid","day","MacArthur North",0.0610641052716456,0.064109471268182,0.011736958726245,0.0193164802255701,5,5,4.99
"Ssid","day","reef sites",0.0376683645693244,0.0324816805407883,0.012590946324463,0.0193791432554132,10,10,-13.77
"Ssid","day","urban sites",0.0598197368564445,0.0506601587972906,0.0117865313648805,0.0230616791125323,10,10,-15.31
"Ssid","day","all sites",0.0487440507128844,0.0415709196690395,0.0164324850439295,0.0227327904715445,20,20,-14.72
"Ssid","night","Emerald",0.0160835859255116,0.0186643959215343,0.00387586097498728,0.0108810188295831,5,5,16.05
"Ssid","night","Rainbow",0.0214260354290958,0.0123277913300638,0.0129972265554347,0.0074349668322487,5,5,-42.46
"Ssid","night","Star Island",0.0259235374065939,0.0191202313477852,0.0109818968284666,0.005339884140384,5,5,-26.24
"Ssid","night","MacArthur North",0.037814026312257,0.0252883554768842,0.0128368690546729,0.0123193050602195,5,5,-33.12
"Ssid","night","reef sites",0.0187548106773037,0.0154960936257991,0.00947015899472753,0.00939906972132607,10,10,-17.38
"Ssid","night","urban sites",0.0318687818594255,0.0222042934123347,0.0128884460590392,0.00952326360596242,10,10,-30.33
"Ssid","night","all sites",0.0253117962683646,0.0188501935190669,0.0129005197358524,0.0098309802314053,20,20,-25.53
"Ssid","day/night mean","Emerald",0.0278892283527641,0.0258666766531139,0.00312951312049594,0.0147539090605216,5,5,-7.25
"Ssid","day/night mean","Rainbow",0.028533946893864,0.0221110975134735,0.0140538794435071,0.0120397285175753,5,5,-22.51
"Ssid","day/night mean","Star Island",0.0422494529239187,0.0281655388370922,0.0110598043990837,0.0112032133291928,5,5,-33.34
"Ssid","day/night mean","MacArthur North",0.0494390657919513,0.0446989133725331,0.00901846686281943,0.01433647824038,5,5,-9.59
"Ssid","day/night mean","reef sites",0.028211587623314,0.0239888870832937,0.0096047480973911,0.0128486597574199,10,10,-14.97
"Ssid","day/night mean","urban sites",0.045844259357935,0.0364322261048127,0.0102406293458269,0.014935295900681,10,10,-20.53
"Ssid","day/night mean","all sites",0.0370279234906245,0.0302105565940532,0.013236016735092,0.0149869127484227,20,20,-18.41
