"sampleID","species","treatment","site","genotype","Pnet","R","Pgross","PR","Pnet_blankcorr","R_blankcorr","habitat"
"Eo4-2","Ofav","control pH","Emerald","4",1.46824929921991,0.777111846585832,2.24536114580575,2.88936676962336,0.238600060105628,0.533377232462605,"reef"
"Es4-2","Ssid","control pH","Emerald","25",0.46305714872659,0.391488894751221,0.85454604347781,2.18281043200689,-0.766592090387697,0.147754280627994,"reef"
"Mo4-2","Ofav","control pH","MacArthur North","19",1.16295561586656,1.00191013002621,2.16486574589277,2.16073845449206,-0.0666936232477267,0.758175515902982,"urban"
"Ms4-2","Ssid","control pH","MacArthur North","40",0.328446240152611,0.715894113452143,1.04434035360475,1.45879164806761,-0.901202998961675,0.472159499328917,"urban"
"Ro4-2","Ofav","control pH","Rainbow","9",1.43057748638103,1.20809890967668,2.63867639605772,2.18415592872598,0.200928247266746,0.964364295553457,"reef"
"Rs4-2","Ssid","control pH","Rainbow","30",1.14408412461745,0.396763286222116,1.54084741083957,3.88354332254666,-0.0855651144968361,0.15302867209889,"reef"
"So4-2","Ofav","control pH","Star Island","14",1.93783282007772,0.980764566032184,2.91859738610991,2.97583893953009,0.708183580963437,0.737029951908958,"urban"
"Ss4-2","Ssid","control pH","Star Island","35",1.20119015539495,0.783790215838861,1.98498037123382,2.5325403802207,-0.0284590837193317,0.540055601715634,"urban"
"Eo4-4","Ofav","low pH","Emerald","4",2.48361564372831,0.60968744558481,3.09330308931312,5.07358829792867,1.25396640461402,0.365952831461584,"reef"
"Es4-4","Ssid","low pH","Emerald","25",0.598413249411348,0.260908833759549,0.859322083170897,3.29357220600219,-0.631235989702939,0.0171742196363225,"reef"
"Mo4-4","Ofav","low pH","MacArthur North","19",1.17182812578236,0.851846584111219,2.02367470989358,2.37563282830441,-0.057821113331922,0.608111969987992,"urban"
"Ms4-4","Ssid","low pH","MacArthur North","40",0.136727269807143,0.355980525291267,0.492707795098409,1.38408637577932,-1.09292196930714,0.11224591116804,"urban"
"Rs4-4","Ssid","low pH","Rainbow","30",1.020532823795,0.516720347652098,1.5372531714471,2.97501961831415,-0.209116415319285,0.272985733528871,"reef"
"Ss4-4","Ssid","low pH","Star Island","35",1.25805207438787,NA,NA,NA,0.0284028352735881,-0.193548350428949,"urban"
"CR046","Ofav","control pH","MacArthur North","21",1.8458830145739,0.624653332644896,2.4705363472188,3.95505189535785,0.616233775459614,0.38091871852167,"urban"
"CR049","Ofav","low pH","MacArthur North","21",4.50557922907724,0.783853320545247,NA,6.74798767956124,3.27592998996296,0.54011870642202,"urban"
"Eo5-2","Ofav","control pH","Emerald","5",1.7142352344496,0.602064649313152,2.31629988376275,3.84726106474651,0.484585995335313,0.358330035189925,"reef"
"Es5-2","Ssid","control pH","Emerald","26",1.28764531621584,0.774085863728543,2.06173117994439,2.66343990576657,0.0579960771015586,0.530351249605317,"reef"
"Mo5-2","Ofav","control pH","MacArthur North","20",2.58652009416354,0.840257950275499,3.42677804443904,4.0782453094499,1.35687085504925,0.596523336152273,"urban"
"Ms5-2","Ssid","control pH","MacArthur North","41",1.48668577019445,0.66870928831567,2.15539505851012,3.22321686893132,0.257036531080167,0.424974674192443,"urban"
"Ro5-2","Ofav","control pH","Rainbow","10",0.968358438257794,0.833425329766166,1.80178376802396,2.16190185691799,-0.261290800856492,0.589690715642939,"reef"
"Rs5-2","Ssid","control pH","Rainbow","31",0.689818052961685,0.374918788641186,1.06473684160287,2.83991326618168,-0.539831186152602,0.131184174517959,"reef"
"So5-2","Ofav","control pH","Star Island","15",1.64231566203277,0.648247550005188,2.29056321203795,3.53346990978928,0.412666422918479,0.404512935881962,"urban"
"Ss5-2","Ssid","control pH","Star Island","36",2.24381115683459,0.766885403879201,3.01069656071379,3.92587542478254,1.0141619177203,0.523150789755975,"urban"
"Eo5-4","Ofav","low pH","Emerald","5",NA,0.906326754094695,NA,NA,4.86123583029535,0.662592139971468,"reef"
"Es5-4","Ssid","low pH","Emerald","26",2.31676007852897,0.473473142471344,2.79023322100031,NA,1.08711083941468,0.229738528348118,"reef"
"Mo5-4","Ofav","low pH","MacArthur North","20",2.39105145799355,0.789592109953047,3.1806435679466,4.02821093049643,1.16140221887927,0.545857495829821,"urban"
"Ms5-4","Ssid","low pH","MacArthur North","41",1.36540352448965,0.676626005463457,2.04202952995311,3.01795898098007,0.135754285375366,0.432891391340231,"urban"
"Ro5-4","Ofav","low pH","Rainbow","10",NA,1.05243853642278,NA,NA,6.52491243444173,0.808703922299553,"reef"
"Rs5-4","Ssid","low pH","Rainbow","31",0.917298436679299,0.436783714587557,1.35408215126686,3.10012050825997,-0.312350802434988,0.193049100464331,"reef"
"So5-4","Ofav","low pH","Star Island","15",2.74871925621247,0.52330530726684,3.27202456347931,6.25261108198709,1.51907001709818,0.279570693143614,"urban"
"Ss5-4","Ssid","low pH","Star Island","36",1.62496000828479,0.862862325951769,2.48782233423656,2.88322048536817,0.395310769170508,0.619127711828542,"urban"
"Eo1-2","Ofav","control pH","Emerald","1",2.55211055313576,1.22757317815308,3.77968373128884,3.07898852675772,1.32246131402148,0.983838564029855,"reef"
"Es1-2","Ssid","control pH","Emerald","22",1.45662764544895,0.554949631162688,2.01157727661163,3.62479252828249,0.22697840633466,0.311215017039462,"reef"
"Mo1-2","Ofav","control pH","MacArthur North","16",1.82759336605296,0.596228712650132,2.4238220787031,4.06525554250756,0.597944126938678,0.352494098526905,"urban"
"Ms1-2","Ssid","control pH","MacArthur North","37",0.521375763739546,0.466050092847992,0.987425856587538,2.11871185467095,-0.70827347537474,0.222315478724765,"urban"
"Ro1-2","Ofav","control pH","Rainbow","6",1.3603155035342,0.9210566777474,2.2813721812816,2.47690748723638,0.130666264419914,0.677322063624173,"reef"
"Rs1-2","Ssid","control pH","Rainbow","27",0.967578291136728,0.480284999862934,1.44786329099966,3.01459194314388,-0.262070947977559,0.236550385739708,"reef"
"So1-2","Ofav","control pH","Star Island","11",2.00708546550435,0.503597034800779,2.51068250030513,4.98549897399286,0.777436226390061,0.259862420677552,"urban"
"Ss1-2","Ssid","control pH","Star Island","32",1.56811164678935,0.276077594722162,1.84418924151151,NA,0.338462407675059,0.0323429805989353,"urban"
"Es1-4","Ssid","low pH","Emerald","22",0.750365786941911,0.368829549723536,1.11919533666545,3.03445138141552,-0.479283452172375,0.125094935600309,"reef"
"Ms1-4","Ssid","low pH","MacArthur North","37",0.622796020250932,0.449011342517489,1.07180736276842,2.38703850276716,-0.606853218863354,0.205276728394263,"urban"
"Rs1-4","Ssid","low pH","Rainbow","27",0.654309060229664,0.487045523357728,1.14135458358739,2.34342485219617,-0.575340178884623,0.243310909234501,"reef"
"Ss1-4","Ssid","low pH","Star Island","32",0.561493643628328,0.427876418352292,0.98937006198062,2.31227994707112,-0.668155595485958,0.184141804229066,"urban"
"Eo2-2","Ofav","control pH","Emerald","2",2.7806084226484,0.561883285929536,3.34249170857794,5.94872955341318,1.55095918353412,0.318148671806309,"reef"
"Es2-2","Ssid","control pH","Emerald","23",1.06622361632091,0.473192165133566,1.53941578145447,3.25325712233623,-0.16342562279338,0.229457551010339,"reef"
"Mo2-2","Ofav","control pH","MacArthur North","17",2.79021343298362,0.717226362445854,3.50743979542947,4.89028287174018,1.56056419386933,0.473491748322627,"urban"
"Ms2-2","Ssid","control pH","MacArthur North","38",0.719905912843709,0.736161817317272,1.45606773016098,1.97791802822265,-0.509743326270578,0.492427203194045,"urban"
"Ro2-2","Ofav","control pH","Rainbow","7",2.88084949515451,0.600665370511043,3.48151486566556,5.79609718919455,1.65120025604023,0.356930756387817,"reef"
"Rs2-2","Ssid","control pH","Rainbow","28",1.07411647343317,0.445798342788876,1.51991481622205,3.40942231124861,-0.155532765681112,0.20206372866565,"reef"
"So2-2","Ofav","control pH","Star Island","12",3.61249683048656,1.03897087182987,4.65146770231642,4.47699529258613,2.38284759137227,0.79523625770664,"urban"
"Ss2-2","Ssid","control pH","Star Island","33",1.90425450857571,0.566842214558253,2.47109672313396,4.35940842031273,0.674605269461425,0.323107600435027,"urban"
"Eo2-4","Ofav","low pH","Emerald","2",2.51407770035662,0.905857857819017,3.41993555817564,3.77535562412587,1.28442846124234,0.662123243695791,"reef"
"Es2-4","Ssid","low pH","Emerald","23",0.326775640488986,0.334838543228234,0.66161418371722,1.97592002801854,-0.902873598625301,0.0911039291050078,"reef"
"Ms2-4","Ssid","low pH","MacArthur North","38",1.29206075092442,NA,NA,NA,0.062411511810136,0.838042556227669,"urban"
"Rs2-4","Ssid","low pH","Rainbow","28",0.744788668410233,0.542749336138037,1.28753800454827,2.37225164329047,-0.484860570704053,0.29901472201481,"reef"
"Ss2-4","Ssid","low pH","Star Island","33",0.0128826372938173,0.431894085862295,0.444776723156112,1.0298282326976,-1.21676660182047,0.188159471739068,"urban"
"Eo3-2","Ofav","control pH","Emerald","3",1.01765333798179,0.683508049157926,1.70116138713972,2.48886811096889,-0.211995901132496,0.439773435034699,"reef"
"Es3-2","Ssid","control pH","Emerald","24",1.07332151528594,0.545174028675814,1.61849554396175,2.96876861117716,-0.156327723828347,0.301439414552588,"reef"
"Mo3-2","Ofav","control pH","MacArthur North","18",0.260492091936575,0.790660798277696,1.05115289021427,1.32946124621836,-0.969157147177711,0.54692618415447,"urban"
"Ms3-2","Ssid","control pH","MacArthur North","39",0.460521519659827,0.469199003004679,0.929720522664506,1.98150575067448,-0.76912771945446,0.225464388881453,"urban"
"Ro3-2","Ofav","control pH","Rainbow","8",0.878681591255455,0.672733491605298,1.55141508286075,2.306136237039,-0.350967647858831,0.428998877482072,"reef"
"Rs3-2","Ssid","control pH","Rainbow","29",0.612693667129482,0.468791516278433,1.08148518340792,2.30696406793672,-0.616955571984804,0.225056902155207,"reef"
"So3-2","Ofav","control pH","Star Island","13",1.01238978977813,0.701206964984297,1.71359675476242,2.44378170830177,-0.217259449336161,0.457472350861071,"urban"
"Ss3-2","Ssid","control pH","Star Island","34",1.27189352764919,0.519768403470079,1.79166193111927,3.44703894880444,0.042244288534901,0.276033789346853,"urban"
"Es3-4","Ssid","low pH","Emerald","24",0.764024067298431,0.553767787008309,1.31779185430674,2.3796831184891,-0.465625171815855,0.310033172885083,"reef"
"Ms3-4","Ssid","low pH","MacArthur North","39",0.890742447177355,0.850357024265577,1.74109947144293,2.04749231412142,-0.338906791936931,0.60662241014235,"urban"
"Rs3-4","Ssid","low pH","Rainbow","29",0.190273569759568,0.424249704554956,0.614523274314524,1.44849428936944,-1.03937566935472,0.18051509043173,"reef"
"Ss3-4","Ssid","low pH","Star Island","34",0.2837521056331,0.344954307304429,0.628706412937529,1.82257881587396,-0.945897133481186,0.101219693181202,"urban"
