"","incubation","site","species","treatment","meanTA","sdTA","nTA","seTA","meanpH","sdpH","npH","sepH","meanDIC","sdDIC","nDIC","seDIC","meanpCO2","sdpCO2","npCO2","sepCO2","meanAr","sdAr","nAr","seAr","meanCalc","sdCalc","nCalc","seCalc"
"1","day","Emerald","Ofav","control pH",-22.3285326255005,12.3389491872981,5,5.51814583074289,0.0918848620000002,0.0453849345936237,5,0.0202967597811449,-76.8770997291362,19.8841981545332,5,8.89248375032244,-104.052315303255,46.0772358481328,5,20.606366314343,0.550377887136736,0.31286864651039,5,0.139919112325117,0.0272725660703632,0.0210777509012268,5,0.0094262567655901
"2","day","Emerald","Ofav","low pH",-35.2886984422567,8.92449872251571,5,3.99115716173103,0.192063084,0.0603200365361964,5,0.0269759404200412,-127.130856248582,38.1393430062286,5,17.0564327158217,-350.619682806587,83.4794942275058,5,37.3331647640008,0.876665382250477,0.318101062297689,5,0.142259119802505,0.0434398098953986,0.0161194775892199,5,0.00720884953025601
"3","day","Emerald","Ssid","control pH",-40.7157102978133,6.3403356048262,5,2.83548428251073,0.0540158520000002,0.0112291941364251,5,0.00502184828431771,-69.2023441689903,11.5819240061815,5,5.17959387761171,-69.6665866784141,13.1265710952603,5,5.87038105609717,0.268785475397904,0.064332477978011,5,0.0287703587839681,0.0396948707800166,0.00651581216161986,5,0.00291395978440037
"4","day","Emerald","Ssid","low pH",-39.9167965842404,17.267623603199,5,7.72231603732654,0.0564859359999996,0.047893069540345,5,0.0214184318286672,-64.3686937149908,11.3750586201941,5,5.08708086455981,-122.590569939068,74.7450166642058,5,33.4269876481037,0.216438291484115,0.246978808252072,5,0.110452280850704,0.0330689573846934,0.0214797775161889,5,0.009606048533554
"5","day","Rainbow","Ofav","control pH",-21.0569241178536,13.6944357313527,5,6.12433784176135,0.0992467920000003,0.0425139307316513,5,0.019012807821338,-80.4704845130083,23.9546416835503,5,10.7128414362137,-111.086248935318,44.0027128348153,5,19.6786114186099,0.600731759986442,0.287222194559996,5,0.128449670336564,0.0217186942417694,0.0260234278735539,5,0.0116380307465658
"6","day","Rainbow","Ofav","low pH",-34.4023361453568,15.9997522729118,5,7.15530674107752,0.243074202,0.0732181858634857,5,0.0327441681559936,-155.037436063031,45.2142216543959,5,20.2204146337945,-416.3923858013,94.4382292686568,5,42.2340600638854,1.16796149881049,0.406256557133391,5,0.181683455611058,0.0370471062312501,0.0297815300181206,5,0.0133187051188936
"7","day","Rainbow","Ssid","control pH",-40.9770951624868,14.34477091624,5,6.4151765780749,0.0448652480000003,0.0194577376500493,5,0.00870176481477347,-64.0101983081916,11.1456291662336,5,4.98447689354054,-59.6118892754477,20.3678122504783,5,9.10876254900449,0.213170781708769,0.132351399534606,5,0.0591893452553228,0.0356418583586321,0.0174348563041669,5,0.00779710477481157
"8","day","Rainbow","Ssid","low pH",-34.3812258372796,11.2257022071023,5,5.02028664605001,0.0424748779999998,0.0229706521602289,5,0.0102727879435549,-51.9704139060557,19.2424336227392,5,8.60547792659448,-97.9602197833045,46.9234275368597,5,20.9847947419407,0.150831038816267,0.0939243514178236,5,0.0420042469025665,0.0318944036968831,0.0195639236244334,5,0.00874925262616945
"9","day","Star Island","Ofav","control pH",-25.8316610753503,9.78079013223901,5,4.37410232186912,0.107613666,0.032340920738882,5,0.0144632994454146,-89.9761824926544,14.4320000666272,5,6.45418664005199,-120.188013996926,34.368306162399,5,15.3699737701298,0.647707958858965,0.220404563170577,5,0.0985679171601113,0.024261319354545,0.012030664880207,5,0.00538027689733246
"10","day","Star Island","Ofav","low pH",-30.083506077226,19.1230194917367,5,8.55207430371536,0.24281101,0.0543702697829378,5,0.0243151238379303,-150.323468882619,34.751120217368,5,15.5411734200604,-418.411374554201,72.9038146005838,5,32.6035770531894,1.16523997535611,0.29698978724343,5,0.132817870579902,0.0241681460918618,0.0202883271093458,5,0.00907321571324978
"11","day","Star Island","Ssid","control pH",-53.4447662367194,10.6429166167724,5,4.75965700679302,0.0937520240000001,0.024990103179116,5,0.0111759138946474,-105.371783766031,22.4435669940213,5,10.0370682912404,-111.568124774064,25.1304189857519,5,11.2386650310385,0.502553621814501,0.152912423063983,5,0.0683845145150545,0.0585753684412434,0.0130747042647623,5,0.005847185504343
"12","day","Star Island","Ssid","low pH",-36.2086469131783,7.21731405400158,5,3.22768096794243,0.0290483339999998,0.0302460066167685,5,0.0135264253686005,-47.655949006055,17.3382113017159,5,7.75388381577838,-71.113641154562,62.0237324485335,5,27.7378563946361,0.0920014585045664,0.125213131533661,5,0.0559970147569775,0.0372108463263993,0.0192693000572711,5,0.00861749296137974
"13","day","MacArthur North","Ofav","control pH",-16.2122729905207,9.34327057752771,6,3.814374240617,0.0795449983333339,0.0190383278019595,6,0.00777236477844058,-63.3254623824213,8.26127167757114,6,3.37265003942595,-90.9844846220799,20.5159258442834,6,8.37559165321209,0.476282807485633,0.130556948777581,6,0.0532996511466256,0.0169352423736092,0.0180556560982975,6,0.0073711907353334
"14","day","MacArthur North","Ofav","low pH",-27.9071912731229,24.3056694862043,6,9.9227480163226,0.162942916666667,0.0612839537812129,6,0.0250190693640466,-104.304217581095,45.8162808949972,6,18.7044183507948,-305.844501770692,92.6467887523076,6,37.8228931250962,0.728216527335046,0.300436823837366,6,0.122652819723997,0.0278419594335824,0.0364804492969007,6,0.0148930810608134
"15","day","MacArthur North","Ssid","control pH",-51.4120056821565,8.2286441373762,5,3.67996153076566,0.0187220700000005,0.0227877159868919,5,0.0101909763997298,-58.0799809765717,20.2132872444481,5,9.03965686546309,-31.4526563419646,26.8621148258162,5,12.013102953986,0.0403747169182913,0.125618609009375,5,0.056178349796786,0.0610641052716456,0.011736958726245,5,0.00524892751219865
"16","day","MacArthur North","Ssid","low pH",-60.8272696333312,20.8908775723094,5,9.34268447226192,0.0387138199999999,0.0344817651612737,5,0.0154207141769584,-75.8430723589017,10.1981615383807,5,4.56075648906863,-97.9208185334287,62.8150271685423,5,28.0917341514713,0.115191792084625,0.158607542735126,5,0.0709314494599889,0.064109471268182,0.0193164802255701,5,0.00863859257408105
"17","day",NA,"control","control pH",-7.9614822078222,3.7340684735796,2,2.64038513908304,0.0781733850000004,0.00800896717536273,2,0.00566319499999945,-54.3370184626328,1.19564577984438,2,0.84544923882504,-92.3791249428199,9.8899624843543,2,6.99325953836748,0.472141202722194,0.0531318033554467,2,0.0375698584493065,-0.000124242277102479,0.00697711444838325,2,0.00493356493956643
"18","day",NA,"control","low pH",-7.5902225858099,2.35726735261621,2,1.66683973010458,0.105965445,0.0469327630323556,2,0.0331864749999999,-56.610751087065,19.7024268358924,2,13.9317196214913,-214.143763788037,90.0307023373366,2,63.6613201377182,0.464141203981999,0.213987474465624,2,0.151311994283626,0.000124242277102478,0.0043391523597423,2,0.00306824405817539
"19","night","Emerald","Ofav","control pH",-10.4762450025965,3.89521871124364,5,1.74199476511398,-0.0493063624999992,0.0102278596761929,4,0.00511392983809647,19.7256275410857,1.91285413184681,4,0.956427065923404,58.5615287234816,12.5084761777628,4,6.25423808888141,-0.310046337661187,0.0654576822424436,4,0.0327288411212218,0.0227994788549121,0.00859110094059519,5,0.00384205714094664
"20","night","Emerald","Ofav","low pH",-15.1943818125837,6.71847336793981,5,3.00459263114707,-0.0690361840000001,0.00929169277479764,5,0.00415537133409823,13.8883374996693,6.11955588235462,5,2.73674858901073,167.294224927102,22.8058582368052,5,10.199089860544,-0.267349162094254,0.0371797035291549,5,0.0166272688948958,0.0257066913006433,0.010152792117056,5,0.00454046666703223
"21","night","Emerald","Ssid","control pH",-10.591759185055,4.24843174038691,5,1.89995643385457,-0.056309336,0.0169113192828376,5,0.00756297190112558,21.3266689159718,7.4638786446166,5,3.33794800503434,74.7202311794373,24.3283406650162,5,10.8799647013497,-0.327469290373616,0.0916408816958745,5,0.0409830481979983,0.0160835859255116,0.00387586097498728,5,0.00173333772228203
"22","night","Emerald","Ssid","low pH",-14.4353699098217,10.8795009011888,5,4.86546071526566,-0.0552897024999999,0.0144228152030391,4,0.00721140760151953,7.27788332633793,7.2954862556258,4,3.6477431278129,130.244462244976,32.7726038047022,4,16.3863019023511,-0.220731422840541,0.0599398225861337,4,0.0299699112930668,0.0186643959215343,0.0108810188295831,5,0.00486613955348062
"23","night","Rainbow","Ofav","control pH",-13.0943619250054,9.71614732807713,5,4.34519318099668,-0.0515052649999999,0.00709836880982521,4,0.00354918440491261,15.7838114418909,7.42640483311739,4,3.71320241655869,60.3668086827891,7.72270100271593,4,3.86135050135797,-0.32922610187478,0.0512732748374104,4,0.0256366374187052,0.0240257043273628,0.0147596400668503,5,0.00660071170258134
"24","night","Rainbow","Ofav","low pH",-18.8454341570258,5.31199420207208,5,2.37559602638359,-0.0838469640000003,0.00988709242797548,5,0.00442164215375532,16.23201049933,3.88990476641896,5,1.73961829674265,206.415169564907,23.3064685783476,5,10.4229696113296,-0.320865933353793,0.0389507717371784,5,0.0174193146760817,0.0275973479670825,0.00817979749216713,5,0.0036581166469336
"25","night","Rainbow","Ssid","control pH",-15.9133415188818,11.4782250561462,5,5.13321829731683,-0.0489107019999999,0.0173445619393535,5,0.00775672390727,12.3394725179609,7.76840690875256,5,3.47413718496994,63.0558602085802,23.1817159190703,5,10.367178526026,-0.293640963979006,0.104830856613514,5,0.0468817843054702,0.0214260354290958,0.0129972265554347,5,0.00581253641938347
"26","night","Rainbow","Ssid","low pH",-7.06259026034522,5.330312799612,5,2.38378835225393,-0.0499061974999997,0.00612637578372585,4,0.00306318789186293,13.3122925201073,4.22874965778811,4,2.11437482889406,119.685799952181,14.6533074347488,4,7.32665371737441,-0.19556272849565,0.0253838321609828,4,0.0126919160804914,0.0123277913300638,0.0074349668322487,5,0.00332501824947288
"27","night","Star Island","Ofav","control pH",-11.6190661176547,7.98841775181007,5,3.57252902514267,-0.0612912349999997,0.0109824191484342,4,0.00549120957421708,25.6517657021276,8.53695096143852,4,4.26847548071926,74.1334497918026,13.8789608911083,4,6.93948044555417,-0.380207533717404,0.0672822940960911,4,0.0336411470480456,0.0190709568043087,0.0106315531701785,5,0.00475457511898448
"28","night","Star Island","Ofav","low pH",-14.4841535097877,9.92508746557406,5,4.43863405113094,-0.0791413320000004,0.0118016952990671,5,0.00527787858769076,18.3756537031154,5.2825718672945,5,2.3624379582597,195.660747196217,26.8132265094771,5,11.991239434258,-0.300284607975868,0.0477677264256211,5,0.0213623766836604,0.0223884993366627,0.0171098915467156,5,0.007651776117221
"29","night","Star Island","Ssid","control pH",-17.2448258668953,7.82437903311917,5,3.49916867995571,-0.0612861439999996,0.00842320401580817,5,0.00376697135353925,17.788640811555,6.51960740174748,5,2.91565706738363,80.3447292787152,12.7248575360795,5,5.69072929093485,-0.362264853770957,0.0482261734770519,5,0.0215674004378771,0.0259235374065939,0.0109818968284666,5,0.00491125356606812
"30","night","Star Island","Ssid","low pH",-12.3201796896486,4.57829816332365,5,2.04747718289082,-0.0632894499999999,0.00969324103678768,4,0.00484662051839384,12.9893366083029,3.4514605195964,4,1.7257302597982,152.457857220859,24.3321371524937,4,12.1660685762469,-0.248015040704592,0.0360460425214306,4,0.0180230212607153,0.0191202313477852,0.005339884140384,5,0.00238806878597433
"31","night","MacArthur North","Ofav","control pH",-10.1338329588592,6.1962402340383,6,2.52960448284954,-0.0463674899999997,0.0089652466255952,5,0.00400938017797629,16.4414624699039,5.165004361775,5,2.30986017140236,54.4778176832764,10.7134650534367,5,4.79120722681059,-0.295453732145125,0.0560326701936548,5,0.0250585719027677,0.0219907749051123,0.0104856933269179,6,0.00428076637504256
"32","night","MacArthur North","Ofav","low pH",-11.6778408826423,5.60594853915362,6,2.28861890753785,-0.0626413100000002,0.0133400456827406,6,0.00544605084468868,14.7997812552773,4.15328559958515,6,1.69557174583882,151.681193819237,34.2917340854784,6,13.999541817438,-0.24300790895591,0.0501400360422252,6,0.0204695839980349,0.0179605110880395,0.00681211809477592,6,0.00278103556663022
"33","night","MacArthur North","Ssid","control pH",-24.2550246146973,7.79493026427815,5,3.48599879015927,-0.0511927139999999,0.0106858160004922,5,0.00477884219443111,5.86966323310417,6.18493580712972,5,2.76598738024292,64.2365627954833,15.200639812744,5,6.79793278455706,-0.31676654052531,0.0625785925463243,5,0.0279859973739686,0.037814026312257,0.0128368690546729,5,0.00574082236490244
"34","night","MacArthur North","Ssid","low pH",-17.6833902040566,10.4008740191397,5,4.65141226644156,-0.0829429924999996,0.0114854845665545,4,0.00574274228327723,13.2278407702386,8.71178305383878,4,4.35589152691939,202.902402413285,32.0177157148258,4,16.0088578574129,-0.321243653126795,0.0377639356382491,4,0.0188819678191245,0.0252883554768842,0.0123193050602195,5,0.0055093607100416
"35","night",NA,"control","control pH",1.71297400859885,NA,1,NA,-0.0391245900000001,NA,1,NA,24.6918672746206,NA,1,NA,47.3452451668316,NA,1,NA,-0.234442136764147,NA,1,NA,0.000326673566090926,NA,1,NA
"36","night",NA,"control","low pH",1.49669412743242,0.18340884324039,2,0.12968963678486,-0.0126888200000002,0.0107075482818803,2,0.0075713799999999,6.79885048769347,4.29782741453254,2,3.0390229091854,31.0634753268648,26.0895045919206,2,18.4480656147446,-0.0475454128966458,0.0406592803265857,2,0.0287504528370935,-0.000163336783045463,0.000345506887348466,2,0.000244310262990757
