"","site","species","treatment","meanCalc","sdCalc","nCalc","seCalc"
"1","Emerald","Ofav","control pH",0.0250360224626376,0.0108680999040255,5,0.00486036203433201
"2","Emerald","Ofav","low pH",0.038376667339291,0.0108493532948651,3,0.00626387704532373
"3","Emerald","Ssid","control pH",0.0278892283527641,0.00312951312049594,5,0.00139956081478128
"4","Emerald","Ssid","low pH",0.0258666766531139,0.0147539090605216,5,0.00659814871863527
"5","Rainbow","Ofav","control pH",0.0228721992845661,0.0180851397349111,5,0.00808792036596876
"6","Rainbow","Ofav","low pH",0.0554900638086112,NA,1,NA
"7","Rainbow","Ssid","control pH",0.028533946893864,0.0140538794435071,5,0.00628508595665374
"8","Rainbow","Ssid","low pH",0.0221110975134735,0.0120397285175753,5,0.00538433027918823
"9","Star Island","Ofav","control pH",0.0216661380794269,0.00867051980734185,5,0.00387757433789495
"10","Star Island","Ofav","low pH",0.0385059403969178,NA,1,NA
"11","Star Island","Ssid","control pH",0.0422494529239187,0.0110598043990837,5,0.00494609489084047
"12","Star Island","Ssid","low pH",0.0281655388370922,0.0112032133291928,5,0.00501022931410138
"13","MacArthur North","Ofav","control pH",0.0194630086393608,0.0108275885786141,6,0.00442034452706525
"14","MacArthur North","Ofav","low pH",0.032563512616536,0.0232695676986936,3,0.013434691174767
"15","MacArthur North","Ssid","control pH",0.0494390657919513,0.00901846686281943,5,0.0040331809916187
"16","MacArthur North","Ssid","low pH",0.0446989133725331,0.01433647824038,5,0.00641146798068726
"17",NA,"control","control pH",-0.00236556682528899,NA,1,NA
"18",NA,"control","low pH",-1.95472529714922e-05,0.00199682273619691,2,0.00141196689759231
