"bottle","tank","OA","thermal","species","treatment","temp","salinity","pH","TA","TA_mol","flag","S","T","Patm","P","CO2","fCO2","pCO2","fCO2pot","pCO2pot","fCO2insitu","pCO2insitu","HCO3","CO3","DIC","ALK","OmegaAragonite","OmegaCalcite"
21021901,"T1","ramp","control","Ofav","CC",22.5387,31.4523284,8.07453808,2611.6066197528,0.0026116066197528,8,31.4523284,22.5387,1,0,1.335361318552e-05,433.122895884205,434.551955363655,433.122895884205,434.551955363655,433.122895884205,434.551957697718,0.00207931304030878,0.000224040859434193,2316.70751292849,0.0026116066197528,3.58601684889755,5.5222932646578
21021902,"T2","ramp","control","Ssid","LH",22.5282,31.5836585,8.06526957,2617.27788451872,0.00261727788451872,8,31.5836585,22.5282,1,0,1.37073642850919e-05,444.78259447007,446.250333746183,444.78259447007,446.250333746183,444.78259447007,446.250336208147,0.00209159506795399,0.000221236802436289,2326.53923467537,0.00261727788451872,3.53879541957391,5.44778076280257
21021903,"T3","ramp","control","Ssid","CC",22.5339,31.5797187,8.04335338,2622.81044589293,0.00262281044589293,8,31.5797187,22.5339,1,0,1.45912605446845e-05,473.525482029651,475.088011631472,473.525482029651,475.088011631472,473.525482029651,475.088014421593,0.00211706296475288,0.000212934956824243,2344.58918212181,0.00262281044589293,3.40615548325517,5.24356226096811
21021904,"T4","ramp","control","Ofav","LC",22.5968,31.4733418,8.06915286,2615.51739129471,0.00261551739129471,8,31.4733418,22.5968,1,0,1.35490015437619e-05,440.188174199831,441.639517695479,440.188174199831,441.639517695479,440.188174199831,441.639520103386,0.00208663526321899,0.000222654130963981,2322.83839572673,0.00261551739129471,3.56443144573487,5.48785515069843
21021905,"T5","ramp","control","Ssid","CH",22.5349,31.3170493,8.05174115,2631.94495123352,0.00263194495123352,8,31.3170493,22.5349,1,0,1.43675022518577e-05,465.626806103645,467.163239019558,465.626806103645,467.163239019558,465.626806103645,467.163241717314,0.00211976111252709,0.000215963081802708,2350.09169658165,0.00263194495123352,3.45881748567916,5.32846450032234
21021906,"T6","ramp","control","Ofav","CH",22.5962,31.3800931,8.00914939,2622.63532225276,0.00262263532225276,8,31.3800931,22.5962,1,0,1.6041138114842e-05,520.888210387091,522.605800922108,520.888210387091,522.605800922108,520.888210387091,522.605804293912,0.0021496282612596,0.000199311008167306,2364.98040754174,0.00262263532225276,3.19210556230766,4.9158883984026
21021907,"T7","ramp","control","Ssid","LC",22.5962,31.3879735,8.06514302,2612.67935752282,0.00261267935752282,8,31.3879735,22.5962,1,0,1.37032943124183e-05,444.992292290581,446.459494334244,444.992292290581,446.459494334244,444.992292290581,446.459496795029,0.0020892041324061,0.000220407962854693,2323.31538957321,0.00261267935752282,3.5298596882669,5.43591589111762
21021908,"T8","ramp","control","Ofav","LH",22.4936,31.3971672,8.0344486,2621.14881722396,0.00262114881722396,8,31.3971672,22.4936,1,0,1.50004408048814e-05,485.812150287056,487.41604189389,485.812150287056,487.41604189389,485.812150287056,487.416044833163,0.002126665007035,0.000208303530358922,2349.9689781988,0.00262114881722396,3.33427847681581,5.13604800058683
21030106,"T6","ramp","control","Ofav","CH",22.5759,33.845118,8.0287068,2512.20822953726,0.00251220822953726,8,33.845118,22.5759,1,0,1.40395009217339e-05,461.643015131835,463.165526569625,461.643015131835,463.165526569625,461.643015131835,463.165529219142,0.0020128871351411,0.000207052300044032,2233.97893610687,0.00251220822953726,3.27392599656317,5.01270629279388
21030107,"T7","ramp","control","Ssid","LC",22.5163,34.003823,8.06183386,2516.12254201704,0.00251612254201704,8,34.003823,22.5163,1,0,1.28192084701196e-05,421.207711171209,422.597821980907,421.207711171209,422.597821980907,421.207711171209,422.597824189347,0.00198391484717914,0.000220581271347056,2217.31532699632,0.00251612254201704,3.48378059697811,5.33325001011769
21030108,"T8","ramp","control","Ofav","LH",22.5876,33.8805327,8.02016051,2517.05716517904,0.00251705716517904,8,33.8805327,22.5876,1,0,1.43912746159942e-05,473.445392047164,475.006624096511,473.445392047164,475.006624096511,473.445392047164,475.006626882557,0.00202421619549308,0.000204419057735683,2243.02652784476,0.00251705716517904,3.23179581462787,4.94769218115376
21030801,"T1","OA","control","Ofav","CC",22.556,34.5205713,8.03748623,2509.33417265416,0.00250933417265416,8,34.5205713,22.556,1,0,1.35657940356587e-05,447.432536570664,448.908519269281,447.432536570664,448.908519269281,447.432536570664,448.908521759222,0.00199527103817573,0.000212603286420032,2221.44011863142,0.00250933417265416,3.34810508138637,5.12008891173264
21030802,"T2","OA","control","Ssid","LH",22.5333,34.5481023,7.77858796,2502.01601625011,0.00250201601625011,8,34.5481023,22.5333,1,0,2.70472982954537e-05,891.679815513006,894.623589647962,891.679815513006,894.623589647962,891.679815513006,894.623599542277,0.00219119426132443,0.000128606182799086,2346.84774241897,0.00250201601625011,2.0247785094009,3.09643984369454
21030803,"T3","OA","control","Ssid","CC",22.5939,34.3291541,8.03094839,2498.40364326941,0.00249840364326941,8,34.3291541,22.5939,1,0,1.37733727637576e-05,454.272857517903,455.77071721064,454.272857517903,455.77071721064,454.272857517903,455.770719775264,0.00199388483472168,0.000208646225258775,2216.30443274421,0.00249840364326941,3.29008304533017,5.03255043382772
21030804,"T4","OA","control","Ofav","LC",22.5589,34.4196208,7.80146127,2511.15562666681,0.00251115562666681,8,34.4196208,22.5589,1,0,2.56056483481445e-05,844.148403122688,846.934228123274,844.148403122688,846.934228123274,844.148403122688,846.934236986054,0.00218538702036681,0.00013492770647817,2345.92037519312,0.00251115562666681,2.12617512933274,3.25201036257306
21030805,"T5","OA","control","Ssid","CH",22.4558,34.3212872,8.03324671,2503.75971274513,0.00250375971274513,8,34.3212872,22.4558,1,0,1.37704642856448e-05,452.500999831039,453.995555023739,452.500999831039,453.995555023739,452.500999831039,453.995557575756,0.00199828689603032,0.000209103549687262,2221.16091000322,0.00250375971274513,3.2955334981665,5.04291450823177
21030806,"T6","OA","control","Ofav","CH",22.5062,34.2425111,8.034274,2519.12678981459,0.00251912678981459,8,34.2425111,22.5062,1,0,1.38144345605015e-05,454.362280868321,455.86205507235,454.362280868321,455.86205507235,454.362280868321,455.862057642694,0.00201014456550171,0.000210849995288573,2234.80899535078,0.00251912678981459,3.32530958116062,5.08849700699277
21030807,"T7","OA","control","Ssid","LC",22.5608,34.5625232,7.78928725,2510.14508046324,0.00251014508046324,8,34.5625232,22.5608,1,0,2.6372341588277e-05,870.127363582938,872.998941304292,870.127363582938,872.998941304292,870.127363582938,872.998950720638,0.00219128900176559,0.000131998224871673,2349.65956822554,0.00251014508046324,2.0782403816602,3.17787156758163
21030808,"T8","OA","control","Ofav","LH",22.5923,34.3514434,7.76643988,2510.94569578702,0.00251094569578702,8,34.3514434,22.5923,1,0,2.80347962903717e-05,924.712805771128,927.763531762312,924.712805771128,927.763531762312,924.712805771128,927.76354239022,0.0022075764148484,0.000125694747733636,2361.3059588724,0.00251094569578702,1.98176841689139,3.03122725602255
21031501,"T1","OA","control","Ofav","CC",22.5741,34.96767,7.999665,2453.83123626475,0.00245383123626475,8,34.96767,22.5741,1,0,1.46191303602599e-05,483.550506615606,485.145344860526,483.550506615606,485.145344860526,483.550506615606,485.145347767596,0.00197880938809641,0.000195397701764922,2188.8262202216,0.00245383123626475,3.06893803753556,4.68938769997918
21031502,"T2","OA","control","Ssid","LH",22.5852,35.0514244,7.78554243,2451.49959126397,0.00245149959126397,8,35.0514244,22.5852,1,0,2.58323976662976e-05,855.077164834045,857.898177765688,855.077164834045,857.898177765688,855.077164834045,857.898186854452,0.0021375424130115,0.000129217159306916,2292.59196998472,0.00245149959126397,2.02852528181785,3.09910626931643
21031503,"T3","OA","control","Ssid","CC",22.4884,34.8811332,8.04062882,2447.31251180166,0.00244731251180166,8,34.8811332,22.4884,1,0,1.30631847120329e-05,430.909316610813,432.331950366147,430.909316610813,432.331950366147,430.909316610813,432.331952678844,0.00193836079996522,0.000209252061940269,2160.67604661752,0.00244731251180166,3.28714608432225,5.02473547802191
21031504,"T4","OA","control","Ofav","LC",22.4822,34.9269824,7.79923481,2443.62546050336,0.00244362546050336,8,34.9269824,22.4822,1,0,2.49462144157968e-05,822.954690966641,825.673074963865,822.954690966641,825.673074963865,822.954690966641,825.673083400701,0.00212374536606604,0.000131613695333248,2280.30527581508,0.00244362546050336,2.06688148320066,3.15925546106901
21031505,"T5","OA","control","Ssid","CH",22.5571,34.9820439,8.03369508,2437.09690806737,0.00243709690806737,8,34.9820439,22.5571,1,0,1.32163037840572e-05,436.986857868065,438.428345798591,436.986857868065,438.428345798591,436.986857868065,438.428348173571,0.00193429494878671,0.000206508305296472,2154.01955786724,0.00243709690806737,3.24292336128806,4.95536270238539
21031506,"T6","OA","control","Ofav","CH",22.5841,34.9361521,8.03281838,2451.02098560779,0.00245102098560779,8,34.9361521,22.5841,1,0,1.33253797702829e-05,440.80042113007,442.254011651272,440.80042113007,442.254011651272,440.80042113007,442.254014066523,0.00194667423186257,0.000207400186977084,2167.39979860993,0.00245102098560779,3.25822649395313,4.97873780965432
21031507,"T7","OA","control","Ssid","LC",22.517,35.0120982,7.79800295,2450.8620946247,0.0024508620946247,8,35.0120982,22.517,1,0,2.5055811422848e-05,827.705347501808,830.43826670693,827.705347501808,830.43826670693,827.705347501808,830.43827523525,0.00213000075558438,0.00013205518338857,2287.11175039579,0.0024508620946247,2.07300904099119,3.16787520998701
21031508,"T8","OA","control","Ofav","LH",22.5145,34.9611363,7.75342392,2442.95151500385,0.00244295151500385,8,34.9611363,22.5145,1,0,2.80490795638754e-05,926.274527101628,929.333340636781,926.274527101628,929.333340636781,926.274527101628,929.333351317985,0.00215085291812772,0.000120187570217647,2299.08956790924,0.00244295151500385,1.88729288066614,2.88432959698315
21032201,"T1","OA","control","Ofav","CC",22.6686,35.2074132,8.02126028,2472.06106435091,0.00247206106435091,8,35.2074132,22.6686,1,0,1.37994179175631e-05,458.159017064314,459.668308058125,458.159017064314,459.668308058125,458.159017064314,459.668310662745,0.00197062484686251,0.000206357022550802,2190.78128733087,0.00247206106435091,3.23741866965247,4.94363421422479
21032204,"T4","OA","control","Ofav","LC",22.6699,35.1418034,7.80643014,2476.35718855462,0.00247635718855462,8,35.1418034,22.6699,1,0,2.46406193471174e-05,817.844843586556,820.540094813769,817.844843586556,820.540094813769,817.844843586556,820.54010311351,0.00214461686059129,0.000136743021566267,2306.00050150467,0.00247635718855462,2.14619229308238,3.27762098173534
21032205,"T5","OA","control","Ssid","CH",22.6954,35.2899743,8.03981299,2452.58567637854,0.00245258567637854,8,35.2899743,22.6954,1,0,1.29745985630899e-05,431.266947568475,432.687136918684,431.266947568475,432.687136918684,431.266947568475,432.687139225215,0.00193601796681546,0.000212190717613767,2161.18328299232,0.00245258567637854,3.32754568983009,5.08023354743191
21032206,"T6","OA","control","Ofav","CH",22.6554,35.2008605,8.05871098,2453.11319372913,0.00245311319372913,8,35.2008605,22.6554,1,0,1.23381403158916e-05,409.485902288015,410.834996000156,409.485902288015,410.834996000156,409.485902288015,410.834998081322,0.00192001538121899,0.000219024733437065,2151.37825497194,0.00245311319372913,3.43611248145093,5.2472948140533
21032208,"T8","OA","control","Ofav","LH",22.651,35.1535917,7.77714644,2457.89017017829,0.00245789017017829,8,35.1535917,22.651,1,0,2.639814852435e-05,875.797070612488,878.684169334338,875.797070612488,878.684169334338,875.797070612488,878.684178855827,0.00214714842532112,0.000127922335303575,2301.46890914905,0.00245789017017829,2.00744422593621,3.06583544059917
21032211,"T11","OA","control","Ssid","LC",22.6111,35.280801,7.76242665,2448.28247866858,0.00244828247866858,8,35.280801,22.6111,1,0,2.7302648804098e-05,905.462932593383,908.449394029226,905.462932593383,908.449394029226,905.462932593383,908.449404215221,0.0021471357829732,0.000123834479619699,2298.27291139699,0.00244828247866858,1.9413988742564,2.96472354985133
21032212,"T12","OA","control","Ssid","CC",22.6761,35.2113447,8.02512761,2447.10882393465,0.00244710882393465,8,35.2113447,22.6761,1,0,1.35057575392119e-05,448.507103093352,449.984445511202,448.507103093352,449.984445511202,448.507103093352,449.984448006841,0.00194629683608528,0.000205708130203384,2165.51072382788,0.00244710882393465,3.22725706397181,4.9279825381864
21032901,"T1","OA","control","Ofav","CC",22.5357,35.1653798,8.01734412,2448.5930303465,0.0024485930303465,8,35.1653798,22.5357,1,0,1.38710922572233e-05,458.82379296529,460.337751225704,458.82379296529,460.337751225704,458.82379296529,460.337753845159,0.0019571328300431,0.000201911737032963,2172.91565933328,0.0024485930303465,3.16680028680042,4.83793014718556
21032902,"T2","OA","control","Ssid","LH",22.5816,35.1129874,7.77170147,2448.40715854758,0.00244840715854758,8,35.1129874,22.5816,1,0,2.67259912698646e-05,884.860806899088,887.780308753063,884.860806899088,887.780308753063,884.860806899088,887.780318486779,0.00214301329237059,0.000125644399367229,2295.38368300769,0.00244840715854758,1.97164244062278,3.01194019216219
21032904,"T4","OA","control","Ofav","LC",22.5603,32.4844306,7.76260907,2456.16440258597,0.00245616440258597,8,32.4844306,22.5603,1,0,2.83359275148049e-05,924.649892543202,927.701613253864,924.649892543202,927.701613253864,924.649892543202,927.70162388744,0.00217392339094503,0.000117232601433797,2319.49191989363,0.00245616440258597,1.86722926786913,2.86761278791984
21032905,"T5","OA","control","Ssid","CH",22.5416,35.2834219,8.01877232,2444.17536564252,0.00244417536564252,8,35.2834219,22.5416,1,0,1.37667682778585e-05,455.729377804333,457.233010957396,455.729377804333,457.233010957396,455.729377804333,457.233013541318,0.00195086824766718,0.000202517131925014,2167.15214787006,0.00244417536564252,3.17398177407739,4.84794251844777
21032906,"T6","OA","control","Ofav","CH",22.5953,35.2126553,8.03701556,2461.06040512638,0.00246106040512638,8,35.2126553,22.5953,1,0,1.31734665216717e-05,436.543879714327,437.9832282111,436.543879714327,437.9832282111,436.543879714327,437.983230579374,0.00194791633944887,0.000210965794926971,2172.05560089751,0.00246106040512638,3.30861678913321,5.05336340123018
21032908,"T8","OA","control","Ofav","LH",22.571,35.0841709,7.77419329,2447.58073521291,0.00244758073521291,8,35.0841709,22.571,1,0,2.65604496883973e-05,878.999422500551,881.899944589864,878.999422500551,881.899944589864,878.999422500551,881.899954197174,0.00214104000421981,0.000126118215103941,2293.71866901215,0.00244758073521291,1.9793519292623,3.0239452563391
21032911,"T11","OA","control","Ssid","LC",22.551,35.0619034,7.77447551,2462.01695818126,0.00246201695818126,8,35.0619034,22.551,1,0,2.67211157043314e-05,883.745013650902,886.661929513453,883.745013650902,886.661929513453,883.745013650902,886.66193922885,0.00215413155886848,0.000126813026484829,2307.66570105764,0.00246201695818126,1.99037247426018,3.04106073157961
21032912,"T12","OA","control","Ssid","CC",22.5946,35.1247758,8.01638864,2461.38577320492,0.00246138577320492,8,35.1247758,22.5946,1,0,1.39679340621431e-05,462.646775033213,464.172247231677,462.646775033213,464.172247231677,462.646775033213,464.172249891687,0.00196818508822579,0.00020286068315519,2185.01370544312,0.00246138577320492,3.18327152888642,4.86259260347186
21040501,"T1","OA","ramp","Ofav","CC",22.4198,36.0264475,8.01832715,2423.60714023117,0.00242360714023117,8,36.0264475,22.4198,1,0,1.35778789407202e-05,449.802544672113,451.288841949189,449.802544672113,451.288841949189,449.802544672113,451.288844472758,0.00192835698074474,0.000202442206000071,2144.37706568553,0.00242360714023117,3.15578114978785,4.8168125366472
21040502,"T2","OA","ramp","Ssid","LH",22.5972,36.0919519,7.77601458,2429.18376168671,0.00242918376168671,8,36.0919519,22.5972,1,0,2.59251448348836e-05,863.170044493454,866.017362398547,863.170044493454,866.017362398547,863.170044493454,866.017371657852,0.00211614137128511,0.000128186303390155,2270.25281951015,0.00242918376168671,1.99875413114121,3.04900412993996
21040504,"T4","OA","ramp","Ofav","LC",22.4642,36.093262,7.83846307,2426.9599160164,0.0024269599160164,8,36.093262,22.4642,1,0,2.20672427390036e-05,732.15308874691,734.571822565574,732.15308874691,734.571822565574,732.15308874691,734.571829245773,0.0020741938383405,0.000144365708334714,2240.62678941421,0.0024269599160164,2.24982705864255,3.4332931180702
21040505,"T5","OA","ramp","Ssid","CH",22.652,36.0526495,8.00332752,2416.59333631243,0.00241659333631243,8,36.0526495,22.652,1,0,1.40162252646534e-05,467.242919188229,468.782465493238,467.242919188229,468.782465493238,467.242919188229,468.782468203109,0.00193251662979979,0.000197803549363139,2144.33640442759,0.00241659333631243,3.08576572342456,4.70668798220905
21040506,"T6","OA","ramp","Ofav","CH",22.6333,34.3225983,8.04321693,2433.0797405691,0.0024330797405691,8,34.3225983,22.6333,1,0,1.29385345813826e-05,427.167911392418,428.575671850157,427.167911392418,428.575671850157,427.167911392418,428.575674115989,0.00192813308749208,0.000207818634915709,2148.89025698917,0.0024330797405691,3.2777063817009,5.01312304349596
21040508,"T8","OA","ramp","Ofav","LH",22.6596,36.0578899,7.76453005,2435.05528106667,0.00243505528106667,8,36.0578899,22.6596,1,0,2.67441783557458e-05,891.743383046502,894.68279168945,891.743383046502,894.68279168945,891.743383046502,894.682801559074,0.00212817804869374,0.000125746143919819,2280.6683709693,0.00243505528106667,1.96164864414114,2.99199873508074
21040511,"T11","OA","ramp","Ssid","LC",22.5537,36.0723008,7.77416581,2423.27134726206,0.00242327134726206,8,36.0723008,22.5537,1,0,2.60188523890089e-05,865.206684792866,868.062257057383,865.206684792866,868.062257057383,865.206684792866,868.062266368904,0.00211258987484078,0.000127166167587511,2265.7748948173,0.00242327134726206,1.98277050143654,3.02507017261385
21040512,"T12","OA","ramp","Ssid","CC",22.5444,36.1050525,8.01240248,2424.88515328662,0.00242488515328662,8,36.1050525,22.5444,1,0,1.37488786345735e-05,457.159688291832,458.667991045381,457.159688291832,458.667991045381,457.159688291832,458.667993645395,0.00193221298714539,0.000201379965758514,2147.34183153847,0.00242488515328662,3.13909318428813,4.78917656618188
21041201,"T1","OA","ramp","Ofav","CC",22.5648,35.8272993,8.01929781,2430.4780346451,0.0024304780346451,8,35.8272993,22.5648,1,0,1.3561290447847e-05,450.500599036598,451.986546722218,450.500599036598,451.986546722218,450.500599036598,451.98654924596,0.00193310923066248,0.000203580714264673,2150.251235375,0.0024304780346451,3.17961300673791,4.85245779030344
21041202,"T2","OA","ramp","Ssid","LH",26.0841,35.7670265,7.77859387,2436.09082777435,0.00243609082777435,8,35.7670265,26.0841,1,0,2.37938076073677e-05,864.473833127483,867.206412001283,864.473833127483,867.206412001283,864.473833127483,867.206420637266,0.00208711254491119,0.000143547555580495,2254.45390809905,0.00243609082777435,2.27773057844473,3.44008178838972
21041204,"T4","OA","ramp","Ofav","LC",22.5546,35.5402558,7.79738997,2434.70012653499,0.00243470012653499,8,35.5402558,22.5546,1,0,2.47542432911617e-05,820.853512403291,823.56253194659,820.853512403291,823.56253194659,820.853512403291,823.562540327695,0.00211178784561679,0.000132508750995522,2269.05083990347,0.00243470012653499,2.07342484542088,3.16563633813011
21041205,"T5","OA","ramp","Ssid","CH",26.0775,36.0618202,8.02626175,2400.4289832892,0.0024004289832892,8,36.0618202,26.0775,1,0,1.1881395898823e-05,432.259326557055,433.625113157162,432.259326557055,433.625113157162,432.259326557055,433.62511531653,0.00184726792158578,0.000226160882283455,2085.31019976805,0.0024004289832892,3.58084933096474,5.40611687953931
21041206,"T6","OA","ramp","Ofav","CH",26.1315,35.9792828,8.06177118,2435.53039468248,0.00243553039468248,8,35.9792828,26.1315,1,0,1.08970669440112e-05,396.808153492716,398.061053449222,396.808153492716,398.061053449222,396.808153492716,398.061055266867,0.00183932132811618,0.000244403960702096,2094.62235576228,0.00243553039468248,3.87300678665397,5.8468534196436
21041208,"T8","OA","ramp","Ofav","LH",26.1037,35.9976247,7.82440059,2454.05201159558,0.00245405201159558,8,35.9976247,26.1037,1,0,2.11678421132012e-05,770.354635954852,772.788861948733,770.354635954852,772.788861948733,770.354635954852,772.78886880371,0.00206768737043547,0.00015896538935034,2247.82060189901,0.00245405201159558,2.51841739985186,3.80214550361564
21041211,"T11","OA","ramp","Ssid","LC",22.6028,35.719756,7.78313596,2429.69614703708,0.00242969614703708,8,35.719756,22.6028,1,0,2.55547059154826e-05,849.283723381287,852.084997189456,849.283723381287,852.084997189456,849.283723381287,852.085006152171,0.00211467438257424,0.00012915824272841,2269.38733121813,0.00242969614703708,2.01900313891781,3.08135012240651
21041212,"T12","OA","ramp","Ssid","CC",22.5499,35.6804509,8.01539087,2430.93178590728,0.00243093178590728,8,35.6804509,22.5499,1,0,1.37434203535308e-05,456.015932802711,457.520358067673,456.015932802711,457.520358067673,456.015932802711,457.520360654396,0.00193876228797115,0.000201567532787577,2154.07324111226,0.00243093178590728,3.15105500272446,4.81004013870951
21041901,"T1","OA","ramp","Ofav","CC",22.5966,35.351565,8.0287227,2403.89363003206,0.00240389363003206,8,35.351565,22.5966,1,0,1.31309225332442e-05,435.469726614878,436.905508719526,435.469726614878,436.905508719526,435.469726614878,436.905511076096,0.00190704079104947,0.000203284377653356,2123.45609123607,0.00240389363003206,3.1853255155061,4.86401387190875
21041902,"T2","OA","ramp","Ssid","LH",32.7472,35.6332837,7.75065233,2406.78825222881,0.00240678825222881,8,35.6332837,32.7472,1,0,2.17164940035567e-05,920.12266951395,922.80792728994,920.12266951395,922.80792728994,920.12266951395,922.8079358131,0.00200850780424798,0.0001641417139662,2194.36601221774,0.00240678825222881,2.70378148654751,3.99312708328794
21041904,"T4","OA","ramp","Ofav","LC",22.6107,35.4328093,7.80016758,2397.41531786117,0.00239741531786117,8,35.4328093,22.6107,1,0,2.41850537342499e-05,802.709674224741,805.356929979324,802.709674224741,805.356929979324,802.709674224741,805.3569379846,0.00207709973366919,0.000131121869743173,2232.40665714661,0.00239741531786117,2.05362728807288,3.13540053805037
21041905,"T5","OA","ramp","Ssid","CH",32.6886,35.7853706,8.02724539,2406.28912296445,0.00240628912296445,8,35.7853706,32.6886,1,0,9.98906729625049e-06,423.007603231271,424.242227470427,423.007603231271,424.242227470427,423.007603231271,424.242229273821,0.00174697168825577,0.000270278539760229,2027.23929531225,0.00240628912296445,4.4450088595987,6.56448860955846
21041906,"T6","OA","ramp","Ofav","CH",32.7229,35.6516267,8.03414555,2433.13245271413,0.00243313245271413,8,35.6516267,32.7229,1,0,9.91394975705282e-06,419.867574583619,421.092531306046,419.867574583619,421.092531306046,419.867574583619,421.092533081508,0.00176080038676274,0.000276283172241149,2046.99750876095,0.00243313245271413,4.54964627818586,6.71961980710311
21041908,"T8","OA","ramp","Ofav","LH",32.7559,35.7066544,7.75118002,2432.10092263883,0.00243210092263883,8,35.7066544,32.7559,1,0,2.18971334730092e-05,928.280436551849,930.989248505614,928.280436551849,930.989248505614,928.280436551849,930.989257179033,0.00202911279603625,0.000166353819942366,2217.36374945163,0.00243210092263883,2.73874246028498,4.0441502898741
21041911,"T11","OA","ramp","Ssid","LC",22.5429,33.5985083,7.78338233,2397.18541858072,0.00239718541858072,8,33.5985083,22.5429,1,0,2.58535553153361e-05,848.256458207453,851.056405350834,848.256458207453,851.056405350834,848.256458207453,851.056414303086,0.00210106095100208,0.000121987988846952,2248.90249516437,0.00239718541858072,1.93130043273116,2.95876074703011
21041912,"T12","OA","ramp","Ssid","CC",22.5284,35.410533,8.02577866,2399.23002611934,0.00239923002611934,8,35.410533,22.5284,1,0,1.32268397234081e-05,437.998492462688,439.443830094867,437.998492462688,439.443830094867,437.998492462688,439.443832482289,0.0019062302177596,0.000201585091152343,2121.04214863535,0.00239923002611934,3.15662072547089,4.8206892567757
21042602,"T2","OA","thermal","Ssid","LH",32.9656,36.0631302,7.759665,2390.05138321227,0.00239005138321227,8,36.0631302,32.9656,1,0,2.08337724335806e-05,888.743371707141,891.330254537379,888.743371707141,891.330254537379,888.743371707141,891.330262453348,0.00198083957497735,0.000168177436500577,2169.85078391151,0.00239005138321227,2.76425229647097,4.07642456520186
21042604,"T4","OA","thermal","Ofav","LC",22.5017,35.9596305,7.78782276,2354.48846671046,0.00235448846671046,8,35.9596305,22.5017,1,0,2.44420281519317e-05,811.172432428047,813.851217550067,811.172432428047,813.851217550067,811.172432428047,813.851225743695,0.0020440658464412,0.000126407868935166,2194.9157435283,0.00235448846671046,1.97204451393955,3.00958211352308
21042605,"T5","OA","thermal","Ssid","CH",32.9572,36.3866925,8.04784623,2374.43130480677,0.00237443130480677,8,36.3866925,32.9572,1,0,9.11996414518357e-06,389.583475800149,390.716887133714,389.583475800149,390.716887133714,389.583475800149,390.716888654919,0.00168746122399983,0.000280115172937974,1976.69636108298,0.00237443130480677,4.59140981745477,6.76796680407826
21042606,"T6","OA","thermal","Ofav","CH",33.0029,36.516363,8.00497866,2416.22877643672,0.00241622877643672,8,36.516363,33.0029,1,0,1.05101098508684e-05,449.690475102922,450.998140229877,449.690475102922,450.998140229877,449.690475102922,450.998142254805,0.00176488734935006,0.000266627078421012,2042.02453762194,0.00241622877643672,4.36672913979439,6.43454686040043
21042609,"T9","OA","thermal","Ofav","CC",22.5281,35.4773611,8.05368888,2341.49068335488,0.00234149068335488,8,35.4773611,22.5281,1,0,1.19188765573127e-05,394.822990522479,396.125795182187,394.822990522479,396.125795182187,394.822990522479,396.12579712213,0.00183268831798695,0.000206983506153053,2051.59070069731,0.00234149068335488,3.23974628218859,4.94715651735828
21042610,"T10","OA","thermal","Ofav","LH",33.0212,36.3539459,7.76686783,2390.87275451835,0.00239087275451835,8,36.3539459,33.0212,1,0,2.03434298073739e-05,870.085158596908,872.616009749938,870.085158596908,872.616009749938,870.085158596908,872.616017328306,0.00197260790734529,0.000171725207335345,2164.676544488,0.00239087275451835,2.81665640012498,4.15110152566811
21042611,"T11","OA","thermal","Ssid","LC",22.5723,35.2925952,7.7888966,2337.00725517134,0.00233700725517134,8,35.2925952,22.5723,1,0,2.43253393805895e-05,805.948346425365,808.607550147292,805.948346425365,808.607550147292,805.948346425365,808.607558223783,0.00203180308177357,0.000124401371173492,2180.52979232765,0.00233700725517134,1.94982959034363,2.97787173379309
21042612,"T12","OA","thermal","Ssid","CC",22.4678,35.6057689,7.99246791,2344.41611311283,0.00234441611311283,8,35.6057689,22.4678,1,0,1.41464369152347e-05,468.18562011699,469.731778721064,468.18562011699,469.731778721064,468.18562011699,469.731781452384,0.00188876791001293,0.00018539397966116,2088.30832658932,0.00234441611311283,2.89868632914742,4.42629211113569
21050302,"T2","OA","thermal","Ssid","LH",32.9563,36.2268836,7.75950866,2335.9275234483,0.0023359275234483,8,36.2268836,32.9563,1,0,2.03204859552592e-05,867.357975177222,869.882825333651,867.357975177222,869.882825333651,867.357975177222,869.882832874664,0.00193339666238605,0.00016463727947737,2118.35442781868,0.0023359275234483,2.70221465601017,3.98411469743574
21050304,"T4","OA","thermal","Ofav","LC",26.1586,35.9832132,7.79291834,2320.21782461987,0.00232021782461987,8,35.9832132,26.1586,1,0,2.16992183477707e-05,790.704288991456,793.201211070955,790.704288991456,793.201211070955,790.704288991456,793.20121828466,0.00197321836299737,0.000141332140437855,2136.249721783,0.00232021782461987,2.23987731202121,3.38110733426538
21050305,"T5","OA","thermal","Ssid","CH",32.9424,36.4888579,8.04026217,2340.7822078472,0.0023407822078472,8,36.4888579,32.9424,1,0,9.17812871854902e-06,392.136232033007,393.277273551715,392.136232033007,393.277273551715,392.136232033007,393.277275093391,0.00166965791596979,0.000272836641123152,1951.67268581149,0.0023407822078472,4.46782682521392,6.58523422157318
21050306,"T6","OA","thermal","Ofav","CH",33.016,36.4901677,8.02628435,2356.66711227087,0.00235666711227088,8,36.4901677,33.016,1,0,9.61571079225254e-06,411.486378776147,412.682709587495,411.486378776147,412.682709587495,411.486378776147,412.682711282507,0.00169593112906093,0.000269061005577886,1974.60784543107,0.00235666711227088,4.40792819294242,6.49517132120434
21050309,"T9","OA","thermal","Ofav","CC",26.1498,35.9543898,8.00722833,2320.89107579291,0.00232089107579291,8,35.9543898,26.1498,1,0,1.20988906367606e-05,440.714005539,442.10529732647,440.714005539,442.10529732647,440.714005539,442.105299567766,0.0018014407611907,0.000211142435184248,2024.68208701171,0.00232089107579291,3.34681407143363,5.05237184128899
21050310,"T10","OA","thermal","Ofav","LH",32.9406,36.4927872,7.78365789,2356.84154619322,0.00235684154619322,8,36.4927872,32.9406,1,0,1.9154719469413e-05,818.370568893969,820.753123301682,818.370568893969,820.753123301682,818.370568893969,820.753130017046,0.00192994235534026,0.000174672828621435,2123.76990343111,0.00235684154619322,2.86022173700093,4.21575309231008
21050311,"T11","OA","thermal","Ssid","LC",26.2432,36.0303778,7.77973237,2306.67351162075,0.00230667351162075,8,36.0303778,26.2432,1,0,2.22767284860762e-05,813.63933299767,816.206111112512,813.63933299767,816.206111112512,813.63933299767,816.20611873737,0.00196900056174312,0.00013738071003926,2128.65800026846,0.00230667351162075,2.17737859086268,3.28568308826874
21050312,"T12","OA","thermal","Ssid","CC",26.1276,36.0670605,8.03434416,2304.23954536155,0.00230423954536155,8,36.0670605,26.1276,1,0,1.11096756120406e-05,404.694163204587,405.97203499576,404.694163204587,405.97203499576,404.694163204587,405.972036886524,0.0017614729250113,0.000220136216924812,1992.71881754815,0.00230423954536155,3.48614878927069,5.2622816283963
21051002,"T2","OA","thermal","Ssid","LH",33.028,36.5425579,7.76689417,2346.5938206267,0.0023465938206267,8,36.5425579,33.028,1,0,1.99057516515529e-05,852.264593464133,854.743357365846,852.264593464133,854.743357365846,852.264593464133,854.743364635918,0.00193315057917457,0.000169046602766682,2122.10293359281,0.0023465938206267,2.76839319175039,4.07881381480573
21051004,"T4","OA","thermal","Ofav","LC",32.7763,36.2989303,7.79906065,2341.85497795852,0.00234185497795852,8,36.2989303,32.7763,1,0,1.83576965471717e-05,780.809169948661,783.086698580215,780.809169948661,783.086698580215,780.809169948661,783.086704713983,0.00190851379078718,0.000177165906933712,2104.03739426806,0.00234185497795852,2.90289791501526,4.2823925377611
21051005,"T5","OA","thermal","Ssid","CH",32.9495,34.2333313,8.05601047,2342.73417712388,0.00234273417712388,8,34.2333313,32.9495,1,0,9.07554522445345e-06,383.617096932606,384.73324425587,383.617096932606,384.73324425587,383.617096932606,384.73324573107,0.00168212737626682,0.000270843480552109,1962.04640204338,0.00234273417712388,4.51581255926715,6.68178158667133
21051006,"T6","OA","thermal","Ofav","CH",32.9846,36.4862384,8.04521691,2356.81712057556,0.00235681712057556,8,36.4862384,32.9846,1,0,9.09947719178104e-06,389.124589481142,390.256297806641,389.124589481142,390.256297806641,389.124589481142,390.256299323407,0.0016754776813914,0.000277327414250451,1961.90457283363,0.00235681712057556,4.54263509994223,6.69447686611127
21051009,"T9","OA","thermal","Ofav","CC",32.725,34.6726422,8.00152383,2339.53540508145,0.00233953540508145,8,34.6726422,32.725,1,0,1.06204092723923e-05,447.683763365984,448.989883831727,447.683763365984,448.989883831727,447.683763365984,448.989885850154,0.0017362689636706,0.000247150100184657,1994.03947312765,0.00233953540508145,4.10129805167112,6.06799022537263
21051010,"T10","OA","thermal","Ofav","LH",33.0037,36.2111639,7.78990002,2335.4065062876,0.0023354065062876,8,36.2111639,33.0037,1,0,1.86907145089504e-05,798.547888848399,800.870941469232,798.547888848399,800.870941469232,798.547888848399,800.870947854881,0.00190850443166668,0.000174529539669385,2101.72468584502,0.0023354065062876,2.8657892010038,4.22464538793822
21051011,"T11","OA","thermal","Ssid","LC",32.7121,36.1194631,7.76356678,2327.85093606522,0.00232785093606522,8,36.1194631,32.7121,1,0,2.01636953711448e-05,855.689712074315,858.187779561282,855.689712074315,858.187779561282,855.689712074315,858.187786937793,0.00192714660224984,0.000163824451855112,2111.1347494761,0.00232785093606522,2.68726696658777,3.96625153400172
21051012,"T12","OA","thermal","Ssid","CC",32.7628,36.1247033,8.00320006,2323.43889955447,0.00232343889955447,8,36.1247033,32.7628,1,0,1.0259535280044e-05,435.874932567849,437.146013249783,435.874932567849,437.146013249783,435.874932567849,437.146015161637,0.00170407032775837,0.000252009328708139,1966.33919174656,0.00232343889955447,4.13489228958849,6.10168290447927
21051702,"T2","OA","thermal","Ssid","LH",32.9596,36.0670605,7.78131524,2359.16988244368,0.00235916988244368,8,36.0670605,32.9596,1,0,1.93871229858094e-05,826.939716993536,829.346701773717,826.939716993536,829.346701773717,826.939716993536,829.346708627776,0.00193737976628475,0.000172873839855445,2129.640729126,0.00235916988244368,2.84124707324832,4.19003607828556
21051704,"T4","OA","thermal","Ofav","LC",32.9439,36.0578899,7.78112606,2363.79754712027,0.00236379754712027,8,36.0578899,32.9439,1,0,1.9445516573464e-05,829.112885306646,831.526650568778,829.112885306646,831.526650568778,829.112885306646,831.526657461141,0.00194173256234305,0.000173054944613862,2134.23302353037,0.00236379754712027,2.84416520163737,4.19463930543196
21051705,"T5","OA","thermal","Ssid","CH",32.9488,36.2386733,8.06104944,2364.57262856635,0.00236457262856635,8,36.2386733,32.9488,1,0,8.75062306245485e-06,373.471713780293,374.558338713363,373.471713780293,374.558338713363,373.471713780293,374.558340111584,0.0016670579314878,0.000284247975672776,1960.05653022304,0.00236457262856635,4.66472590243954,6.8776921205562
21051706,"T6","OA","thermal","Ofav","CH",32.9737,36.1089827,8.04092301,2359.36342994661,0.00235936342994661,8,36.1089827,32.9737,1,0,9.28125206588083e-06,396.083636918628,397.235742779595,396.083636918628,397.235742779595,396.083636918628,397.235744351453,0.00168714570645459,0.000274093671121435,1970.52062964191,0.00235936342994661,4.50365376651677,6.64085653238608
21051709,"T9","OA","thermal","Ofav","CC",32.9814,36.094572,8.04308309,2361.35585910822,0.00236135585910822,8,36.094572,32.9814,1,0,9.23027260282732e-06,393.946083675301,395.091864535624,393.946083675301,395.091864535624,393.946083675301,395.091866090314,0.00168627784589904,0.000275305071081331,1970.8131895832,0.00236135585910822,4.52431566041299,6.67127724357727
21051711,"T11","OA","thermal","Ssid","LC",33.0009,36.0264475,7.7765906,2354.23650152171,0.00235423650152171,8,36.0264475,33.0009,1,0,1.95862127445204e-05,836.012298299471,838.444526950048,836.012298299471,838.444526950048,836.012298299471,838.444533949378,0.00193682793778591,0.00017104943624298,2127.46358677341,0.00235423650152171,2.81292632404432,4.1478939675893
21051712,"T12","OA","thermal","Ssid","CC",32.9986,36.118153,8.02687007,2357.40383956554,0.00235740383956554,8,36.118153,32.9986,1,0,9.65904521048255e-06,412.44575498159,413.645123524587,412.44575498159,413.645123524587,412.44575498159,413.645125228123,0.00170072957121547,0.00026779403733219,1978.18265375814,0.00235740383956554,4.40048238932431,6.4880422793991
21060102,"T2","OA","thermal","Ssid","LC",32.9985,36.4266013,7.77468109,2348.58870150773,0.00234858870150773,8,36.4266013,32.9985,1,0,1.95464751585161e-05,835.883675262174,838.315598454543,835.883675262174,838.315598454543,835.883675262174,838.315605452065,0.00193003946632015,0.000171208039245099,2120.79398072376,0.00234858870150773,2.8060557025591,4.13540698013385
21060103,"T3","OA","thermal","Ssid","CC",32.9469,36.8477005,8.05287449,2368.13595607732,0.00236813595607732,8,36.8477005,32.9469,1,0,8.9009176075802e-06,380.988027381317,382.096556025592,380.988027381317,382.096556025592,380.988027381317,382.096557480718,0.00167135037373177,0.000283440936081372,1963.69222742072,0.00236813595607732,4.62730021546699,6.81699605443389
21060104,"T4","OA","thermal","Ofav","LC",32.9947,38.0062394,7.81145659,2400.43973018479,0.00240043973018479,8,38.0062394,32.9947,1,0,1.77530341157028e-05,764.929304099932,767.15470567822,764.929304099932,767.15470567822,764.929304099932,767.15471153857,0.00192853032126575,0.000192682683029979,2138.96603841144,0.00240043973018479,3.11393317012594,4.58110026694248
21060105,"T5","OA","thermal","Ofav","CC",32.9784,36.7029512,8.07197688,2355.99693663945,0.00235599693663945,8,36.7029512,32.9784,1,0,8.37057098702197e-06,358.280419308975,359.322460623685,358.280419308975,359.322460623685,358.280419308975,359.322461909683,0.00164160921043017,0.000290314378829456,1940.29416024665,0.00235599693663945,4.74635984599049,6.99286011426193
