bottle,tank,OA,species,treatment,temp,salinity,pH,exclude,correction
21021901,T1,ramp,Ofav,CC,22.5387,31.4523284,8.07453808,,
21021902,T2,ramp,Ssid,LH,22.5282,31.5836585,8.06526957,,
21021903,T3,ramp,Ssid,CC,22.5339,31.5797187,8.04335338,,
21021904,T4,ramp,Ofav,LC,22.5968,31.4733418,8.06915286,,
21021905,T5,ramp,Ssid,CH,22.5349,31.3170493,8.05174115,,
21021906,T6,ramp,Ofav,CH,22.5962,31.3800931,8.00914939,,
21021907,T7,ramp,Ssid,LC,22.5962,31.3879735,8.06514302,,
21021908,T8,ramp,Ofav,LH,22.4936,31.3971672,8.0344486,,
21030105,T5,ramp,Ssid,CH,22.57,33.7296877,8.01616333,,
21030106,T6,ramp,Ofav,CH,22.5759,33.845118,8.0287068,,
21030107,T7,ramp,Ssid,LC,22.5163,34.003823,8.06183386,,
21030108,T8,ramp,Ofav,LH,22.5876,33.8805327,8.02016051,,
21030801,T1,OA,Ofav,CC,22.556,34.5205713,8.03748623,,
21030802,T2,OA,Ssid,LH,22.5333,34.5481023,7.77858796,,
21030803,T3,OA,Ssid,CC,22.5939,34.3291541,8.03094839,,
21030804,T4,OA,Ofav,LC,22.5589,34.4196208,7.80146127,,
21030805,T5,OA,Ssid,CH,22.4558,34.3212872,8.03324671,,
21030806,T6,OA,Ofav,CH,22.5062,34.2425111,8.034274,,
21030807,T7,OA,Ssid,LC,22.5608,34.5625232,7.78928725,,
21030808,T8,OA,Ofav,LH,22.5923,34.3514434,7.76643988,,
21031501,T1,OA,Ofav,CC,22.5741,34.96767,7.999665,,
21031502,T2,OA,Ssid,LH,22.5852,35.0514244,7.78554243,,
21031503,T3,OA,Ssid,CC,22.4884,34.8811332,8.04062882,,
21031504,T4,OA,Ofav,LC,22.4822,34.9269824,7.79923481,,
21031505,T5,OA,Ssid,CH,22.5571,34.9820439,8.03369508,,
21031506,T6,OA,Ofav,CH,22.5841,34.9361521,8.03281838,,
21031507,T7,OA,Ssid,LC,22.517,35.0120982,7.79800295,,
21031508,T8,OA,Ofav,LH,22.5145,34.9611363,7.75342392,,
21032201,T1,OA,Ofav,CC,22.6686,35.2074132,8.02126028,,
21032202,T2,OA,Ssid,LH,22.6533,35.2952161,7.81748566,,
21032204,T4,OA,Ofav,LC,22.6699,35.1418034,7.80643014,,
21032205,T5,OA,Ssid,CH,22.6954,35.2899743,8.03981299,,
21032206,T6,OA,Ofav,CH,22.6554,35.2008605,8.05871098,,
21032208,T8,OA,Ofav,LH,22.651,35.1535917,7.77714644,,
21032211,T11,OA,Ssid,LC,22.6111,35.280801,7.76242665,,
21032212,T12,OA,Ssid,CC,22.6761,35.2113447,8.02512761,,
21032901,T1,OA,Ofav,CC,22.5357,35.1653798,8.01734412,,
21032902,T2,OA,Ssid,LH,22.5816,35.1129874,7.77170147,,
21032904,T4,OA,Ofav,LC,22.5603,32.4844306,7.76260907,,
21032905,T5,OA,Ssid,CH,22.5416,35.2834219,8.01877232,,
21032906,T6,OA,Ofav,CH,22.5953,35.2126553,8.03701556,,
21032908,T8,OA,Ofav,LH,22.571,35.0841709,7.77419329,,
21032911,T11,OA,Ssid,LC,22.551,35.0619034,7.77447551,,
21032912,T12,OA,Ssid,CC,22.5946,35.1247758,8.01638864,,
21040501,T1,OA,Ofav,CC,22.4198,36.0264475,8.01832715,,
21040502,T2,OA,Ssid,LH,22.5972,36.0919519,7.77601458,,
21040504,T4,OA,Ofav,LC,22.4642,36.093262,7.83846307,,
21040505,T5,OA,Ssid,CH,22.652,36.0526495,8.00332752,,
21040506,T6,OA,Ofav,CH,22.6333,34.3225983,8.04321693,,
21040508,T8,OA,Ofav,LH,22.6596,36.0578899,7.76453005,,
21040511,T11,OA,Ssid,LC,22.5537,36.0723008,7.77416581,,
21040512,T12,OA,Ssid,CC,22.5444,36.1050525,8.01240248,,
21041201,T1,OA,Ofav,CC,22.5648,35.8272993,8.01929781,,
21041202,T2,OA,Ssid,LH,26.0841,35.7670265,7.77859387,,
21041204,T4,OA,Ofav,LC,22.5546,35.5402558,7.79738997,,
21041205,T5,OA,Ssid,CH,26.0775,36.0618202,8.02626175,,
21041206,T6,OA,Ofav,CH,26.1315,35.9792828,8.06177118,,
21041208,T8,OA,Ofav,LH,26.1037,35.9976247,7.82440059,,
21041211,T11,OA,Ssid,LC,22.6028,35.719756,7.78313596,,
21041212,T12,OA,Ssid,CC,22.5499,35.6804509,8.01539087,,
21041901,T1,OA,Ofav,CC,22.5966,35.351565,8.0287227,,
21041902,T2,OA,Ssid,LH,32.7472,35.6332837,7.75065233,,
21041903,T3,OA,Ssid,CC,22.5966,35.4694991,7.80159471,T3 not in use (Ssid CC corals in T12 Mar 20 - May 24); tank at low pH,
21041904,T4,OA,Ofav,LC,22.6107,35.4328093,7.80016758,,
21041905,T5,OA,Ssid,CH,32.6886,35.7853706,8.02724539,,
21041906,T6,OA,Ofav,CH,32.7229,35.6516267,8.03414555,,
21041908,T8,OA,Ofav,LH,32.7559,35.7066544,7.75118002,,
21041909,T9,OA,Ssid,CH,22.5898,35.2873533,8.06526594,T9 before Ofav CC corals were moved in (Apr 25),
21041910,T10,OA,Ssid,LH,32.7613,35.8089556,7.74072163,T10 before Ofav LH corals were moved in (Apr 25),
21041911,T11,OA,Ssid,LC,22.5429,33.5985083,7.78338233,,
21041912,T12,OA,Ssid,CC,22.5284,35.410533,8.02577866,,
21042602,T2,OA,Ssid,LH,32.9656,36.0631302,7.759665,,
21042603,T3,OA,Ssid,CC,22.5929,35.6123201,7.77464495,T3 not in use (Ssid CC corals in T12 Mar 20 - May 24); tank at low pH,
21042604,T4,OA,Ofav,LC,22.5017,35.9596305,7.78782276,,
21042605,T5,OA,Ssid,CH,32.9572,36.3866925,8.04784623,,
21042606,T6,OA,Ofav,CH,33.0029,36.516363,8.00497866,,
21042609,T9,OA,Ofav,CC,22.5281,35.4773611,8.05368888,,species/treatment corrected from Ssid CH: Ofav CC corals moved T1 -> T9 (Apr 24)
21042610,T10,OA,Ofav,LH,33.0212,36.3539459,7.76686783,,species corrected from Ssid LH: Ofav LH corals moved T8 -> T10 (Apr 24)
21042611,T11,OA,Ssid,LC,22.5723,35.2925952,7.7888966,,
21042612,T12,OA,Ssid,CC,22.4678,35.6057689,7.99246791,,
21050302,T2,OA,Ssid,LH,32.9563,36.2268836,7.75950866,,
21050303,T3,OA,Ssid,CC,25.8449,35.9347372,7.98967645,T3 not in use (Ssid CC corals in T12 Mar 20 - May 24),
21050304,T4,OA,Ofav,LC,26.1586,35.9832132,7.79291834,,
21050305,T5,OA,Ssid,CH,32.9424,36.4888579,8.04026217,,
21050306,T6,OA,Ofav,CH,33.016,36.4901677,8.02628435,,
21050309,T9,OA,Ofav,CC,26.1498,35.9543898,8.00722833,,species/treatment corrected from Ssid CH: Ofav CC corals in T9
21050310,T10,OA,Ofav,LH,32.9406,36.4927872,7.78365789,,species corrected from Ssid LH: Ofav LH corals in T10
21050311,T11,OA,Ssid,LC,26.2432,36.0303778,7.77973237,,
21050312,T12,OA,Ssid,CC,26.1276,36.0670605,8.03434416,,
21051002,T2,OA,Ssid,LH,33.028,36.5425579,7.76689417,,
21051004,T4,OA,Ofav,LC,32.7763,36.2989303,7.79906065,,
21051005,T5,OA,Ssid,CH,32.9495,34.2333313,8.05601047,,
21051006,T6,OA,Ofav,CH,32.9846,36.4862384,8.04521691,,
21051009,T9,OA,Ofav,CC,32.725,34.6726422,8.00152383,,species/treatment corrected from Ssid CH: Ofav CC corals in T9 (second heat-stress group)
21051010,T10,OA,Ofav,LH,33.0037,36.2111639,7.78990002,,species corrected from Ssid LH: Ofav LH corals in T10
21051011,T11,OA,Ssid,LC,32.7121,36.1194631,7.76356678,,
21051012,T12,OA,Ssid,CC,32.7628,36.1247033,8.00320006,,
21051702,T2,OA,Ssid,LH,32.9596,36.0670605,7.78131524,,
21051704,T4,OA,Ofav,LC,32.9439,36.0578899,7.78112606,,
21051705,T5,OA,Ssid,CH,32.9488,36.2386733,8.06104944,,
21051706,T6,OA,Ofav,CH,32.9737,36.1089827,8.04092301,,
21051709,T9,OA,Ofav,CC,32.9814,36.094572,8.04308309,,species/treatment corrected from Ssid CH: Ofav CC corals in T9 (second heat-stress group)
21051711,T11,OA,Ssid,LC,33.0009,36.0264475,7.7765906,,
21051712,T12,OA,Ssid,CC,32.9986,36.118153,8.02687007,,
21060102,T2,OA,Ssid,LC,32.9985,36.4266013,7.77468109,,treatment corrected from LH: Ssid LC corals moved T11 -> T2 (May 24)
21060103,T3,OA,Ssid,CC,32.9469,36.8477005,8.05287449,,
21060104,T4,OA,Ofav,LC,32.9947,38.0062394,7.81145659,,
21060105,T5,OA,Ofav,CC,32.9784,36.7029512,8.07197688,,species/treatment corrected from Ssid CH: Ofav CC corals moved T9 -> T5 (May 24)