bottle,sample,sampleID,tank,date,incubation,site,genotype,species,treatment,temp,salinity,initialpH,finalpH,area,volume,density,time,initialO2,finalO2,netO2
6405,D Eo 4-2,Eo4-2,T6,3/29/21,day,Emerald,4,Ofav,control pH,22.585143,34.6149616,8.05770314,8.09679491,10.303,18.398,1.024469,2,110.9,130.9,20
6406,D Es 4-2,Es4-2,T5,3/29/21,day,Emerald,25,Ssid,control pH,22.581406,34.8313529,8.0244069,8.06425638,13.725,18.829,1.024634,2.233333333,111.3,120.7,9.4
6407,D Mo 4-2,Mo4-2,T6,3/29/21,day,MacArthur North,19,Ofav,control pH,22.615647,34.6818185,8.05770314,8.10361889,8.5181,14.318,1.02452,2.133333333,110.9,124.8,13.9
6408,D Ms 4-2,Ms4-2,T5,3/29/21,day,MacArthur North,40,Ssid,control pH,22.547033,34.6044741,8.0244069,8.02378073,9.5688,16.529,1.024461,2.366666667,111.3,116.2,4.9
6409,D Ro 4-2,Ro4-2,T6,3/29/21,day,Rainbow,9,Ofav,control pH,22.615647,34.7368754,8.05770314,8.11065304,9.1677,16.442,1.024562,2.033333333,110.9,128.5,17.6
6410,D Rs 4-2,Rs4-2,T5,3/29/21,day,Rainbow,30,Ssid,control pH,22.547033,34.7932414,8.0244069,8.08052883,10.238,20.054,1.024605,2.266666667,111.3,128.9,17.6
6411,D So 4-2,So4-2,T6,3/29/21,day,Star Island,14,Ofav,control pH,22.615647,34.7801331,8.05770314,8.12971332,12.482,13.004,1.024595,2.083333333,110.9,144,33.1
6412,D Ss 4-2,Ss4-2,T5,3/29/21,day,Star Island,35,Ssid,control pH,22.547033,34.8194575,8.0244069,8.08201418,9.2695,19.97,1.024625,2.316666667,111.3,128.4,17.1
6413,D Eo 4-4,Eo4-4,T8,3/29/21,day,Emerald,4,Ofav,low pH,22.608632,34.7719231,7.78184965,7.9872563,10.524,18.012,1.024589,2.116666667,113.1,149.7,36.6
6414,D Es 4-4,Es4-4,T2,3/29/21,day,Emerald,25,Ssid,low pH,22.557819,34.6687095,7.78354549,7.83566485,14.601,20.197,1.02451,2.383333333,110.9,124.7,13.8
6415,D Mo 4-4,Mo4-4,T8,3/29/21,day,MacArthur North,19,Ofav,low pH,22.557802,34.8313529,7.78184965,7.9105555,9.2909,14.719,1.024634,2.233333333,113.1,129.1,16
6416,D Ms 4-4,Ms4-4,T2,3/29/21,day,MacArthur North,40,Ssid,low pH,22.557819,33.5604646,7.78354549,7.765861,13.669,16.805,1.023665,2.45,110.9,113.9,3
6417,D Ro 4-4,Ro4-4,T8,3/29/21,day,Rainbow,9,Ofav,low pH,22.608632,34.9702834,7.78184965,8.05023477,12.865,17.191,1.02474,2.166666667,113.1,165.9,52.8
6418,D Rs 4-4,Rs4-4,T2,3/29/21,day,Rainbow,30,Ssid,low pH,22.557819,34.8037279,7.78354549,7.85062247,9.88,18.562,1.024613,2.533333333,110.9,127.8,16.9
6419,D So 4-4,So4-4,T8,3/29/21,day,Star Island,14,Ofav,low pH,22.608632,34.9217425,7.78184965,8.0566335,14.662,15.849,1.024703,2.216666667,113.1,153.6,40.5
6420,D Ss 4-4,Ss4-4,T2,3/29/21,day,Star Island,35,Ssid,low pH,22.557819,34.7172124,7.78354549,7.84995052,8.2863,16.102,1.024547,2.416666667,110.9,127.5,16.6
6445,D CRo46,CR046,T6,3/30/21,day,MacArthur North,21,Ofav,control pH,22.48909,34.8732733,8.04546366,8.14129143,9.6512,12.527,1.024666,2.15,113.1,138.2,25.1
6446,D CRo49,CR049,T8,3/30/21,day,MacArthur North,21,Ofav,low pH,22.501793,33.6732817,7.78163173,8.04272673,9.8398,14.756,1.023751,2.383333333,113.4,182.4,69
6447,D Eo 5-2,Eo5-2,T6,3/30/21,day,Emerald,5,Ofav,control pH,22.473682,34.7775115,8.04546366,8.11148163,11.081,15.961,1.024593,2,113.1,138.1,25
6448,D Es 5-2,Es5-2,T5,3/30/21,day,Emerald,26,Ssid,control pH,22.521561,34.837903,8.02841773,8.07278181,8.051,19.854,1.024639,2.416666667,112.2,128.8,16.6
6449,D Mo 5-2,Mo5-2,T6,3/30/21,day,MacArthur North,20,Ofav,control pH,22.473682,34.6857512,8.04546366,8.12524796,7.876,7.1451,1.024523,2.116666667,113.1,141.1,28
6450,D Ms 5-2,Ms5-2,T5,3/30/21,day,MacArthur North,41,Ssid,control pH,22.570833,34.5258154,8.02841773,8.08598451,9.0339,16.282,1.024401,2.566666667,112.2,134.9,22.7
6451,D Ro 5-2,Ro5-2,T6,3/30/21,day,Rainbow,10,Ofav,control pH,22.473682,35.1601407,8.04546366,8.11967166,11.777,19.556,1.024885,2.05,113.1,128.6,15.5
6452,D Rs 5-2,Rs5-2,T5,3/30/21,day,Rainbow,31,Ssid,control pH,22.570833,35.1165715,8.02841773,8.04261591,15.587,19.943,1.024852,2.45,112.2,129.7,17.5
6453,D So 5-2,So5-2,T6,3/30/21,day,Star Island,15,Ofav,control pH,22.473682,34.6320038,8.04546366,8.12491985,11.437,17.683,1.024482,2.1,113.1,139.1,26
6454,D Ss 5-2,Ss5-2,T5,3/30/21,day,Star Island,36,Ssid,control pH,22.570833,34.8220791,8.02841773,8.14871125,11.129,16.608,1.024627,2.5,112.2,153.4,41.2
6455,D Eo 5-4,Eo5-4,T8,3/30/21,day,Emerald,5,Ofav,low pH,22.592077,34.9282923,7.78163173,8.05857369,9.882,16.501,1.024708,2.183333333,113.4,200.2,86.8
6456,D Es 5-4,Es5-4,T2,3/30/21,day,Emerald,26,Ssid,low pH,22.570014,34.721145,7.81432981,7.95327863,8.7558,19.786,1.02455,2.566666667,111.7,146.2,34.5
6457,D Mo 5-4,Mo5-4,T8,3/30/21,day,MacArthur North,20,Ofav,low pH,22.593355,34.7526056,7.78163173,7.96460281,9.6864,7.5615,1.024574,2.333333333,113.4,148.6,35.2
6458,D Ms 5-4,Ms5-4,T2,3/30/21,day,MacArthur North,41,Ssid,low pH,22.570014,34.8089711,7.81432981,7.87297146,11.634,18.341,1.024617,2.75,111.7,140.6,28.9
6459,D Ro 5-4,Ro5-4,T8,3/30/21,day,Rainbow,10,Ofav,low pH,22.592077,34.6818185,7.78163173,8.10850147,8.1793,17.766,1.02452,2.25,113.4,207.7,94.3
6460,D Rs 5-4,Rs5-4,T2,3/30/21,day,Rainbow,31,Ssid,low pH,22.570014,34.6372475,7.81432981,7.87725703,14.473,16.813,1.024486,2.65,111.7,134.9,23.2
6461,D So 5-4,So5-4,T8,3/30/21,day,Star Island,15,Ofav,low pH,22.592077,34.8654133,7.78163173,8.06152288,13.05,19.473,1.02466,2.35,113.4,169.3,55.9
6462,D Ss 5-4,Ss5-4,T2,3/30/21,day,Star Island,36,Ssid,low pH,22.570014,34.9282923,7.81432981,7.86197247,8.2837,13.747,1.024708,2.7,111.7,135.6,23.9
6485,D Eo 1-2,Eo1-2,T6,3/31/21,day,Emerald,1,Ofav,control pH,22.5619,34.6149616,8.02843443,8.10539488,7.6692,13.964,1.024469,2,113.6,139.3,25.7
6486,D Es 1-2,Es1-2,T5,3/31/21,day,Emerald,22,Ssid,control pH,22.5163,34.8011062,8.02174627,8.08694959,11.215,19.645,1.024611,2.283333333,112.8,137.5,24.7
6487,D Mo 1-2,Mo1-2,T6,3/31/21,day,MacArthur North,16,Ofav,control pH,22.51212,34.7093471,8.02843443,8.10212931,9.2872,14.564,1.024541,2.116666667,113.6,137.2,23.6
6488,D Ms 1-2,Ms1-2,T5,3/31/21,day,MacArthur North,37,Ssid,control pH,22.552442,34.7027928,8.02174627,8.039269,11.102,16.969,1.024536,2.383333333,112.8,121.9,9.1
6489,D Ro 1-2,Ro1-2,T6,3/31/21,day,Rainbow,6,Ofav,control pH,22.5619,34.6306929,8.02843443,8.11027648,9.2778,18.487,1.024481,2.05,113.6,130.7,17.1
6490,D Rs 1-2,Rs1-2,T5,3/31/21,day,Rainbow,27,Ssid,control pH,22.5163,34.8536232,8.02174627,8.06515675,11.75,17.835,1.024651,2.316666667,112.8,130.2,17.4
6491,D So 1-2,So1-2,T6,3/31/21,day,Star Island,11,Ofav,control pH,22.5619,34.7919305,8.02843443,8.14084037,13.058,18.081,1.024604,2.083333333,113.6,149.7,36.1
6492,D Ss 1-2,Ss1-2,T5,3/31/21,day,Star Island,32,Ssid,control pH,22.552442,34.839213,8.02174627,8.119342,10.661,18.674,1.02464,2.35,112.8,138.8,26
6493,D Eo 1-4,Eo1-4,T8,3/31/21,day,Emerald,1,Ofav,low pH,22.544837,34.8129035,7.7791087,7.98900329,10.487,17.676,1.02462,2.133333333,113.5,174.1,60.6
6494,D Es 1-4,Es1-4,T2,3/31/21,day,Emerald,22,Ssid,low pH,22.587503,34.646424,7.78877926,7.82627061,11.006,17.646,1.024493,2.383333333,112.1,125.1,13
6495,D Mo 1-4,Mo1-4,T8,3/31/21,day,MacArthur North,16,Ofav,low pH,22.58375,34.7945522,7.7791087,7.96575834,11.625,13.218,1.024606,2.25,113.5,154.2,40.7
6496,D Ms 1-4,Ms1-4,T2,3/31/21,day,MacArthur North,37,Ssid,low pH,22.575751,34.710658,7.78877926,7.8180424,11.119,18.315,1.024542,2.533333333,112.1,123.7,11.6
6497,D Ro 1-4,Ro1-4,T8,3/31/21,day,Rainbow,6,Ofav,low pH,22.544837,34.9165027,7.7791087,8.05781637,12.249,18.17,1.024699,2.183333333,113.5,162.1,48.6
6498,D Rs 1-4,Rs1-4,T2,3/31/21,day,Rainbow,27,Ssid,low pH,22.587503,34.8011062,7.78877926,7.81408516,8.7612,18.787,1.024611,2.45,112.1,121.4,9.3
6499,D So 1-4,So1-4,T8,3/31/21,day,Star Island,11,Ofav,low pH,22.544837,34.7709573,7.7791087,8.05842768,8.694,19.506438,1.024588,2.233333333,113.5,169.3,55.8
6500,D Ss 1-4,Ss1-4,T2,3/31/21,day,Star Island,32,Ssid,low pH,22.575751,34.8220791,7.78877926,7.82220992,10.893,17.14,1.024627,2.5,112.1,122.2,10.1
6527,D Eo 2-2,Eo2-2,T6,4/1/21,day,Emerald,2,Ofav,control pH,22.514169,35.0093871,8.01253275,8.14169128,9.4214,8.9602,1.02477,2,111.9,146.1,34.2
6528,D Es 2-2,Es2-2,T5,4/1/21,day,Emerald,23,Ssid,control pH,22.562621,35.0422553,8.0276,8.08625638,12.748,19.71,1.024795,2.35,110.9,132.1,21.2
6529,D Mo 2-2,Mo2-2,T6,4/1/21,day,MacArthur North,17,Ofav,control pH,22.585815,35.2074132,8.01253275,8.11125168,7.6508,5.8258,1.024921,2.1,111.9,141.1,29.2
6530,D Ms 2-2,Ms2-2,T5,4/1/21,day,MacArthur North,38,Ssid,control pH,22.607124,34.9138827,8.0276,8.04071068,9.5874,15.313,1.024697,2.416666667,110.9,121.9,11
6531,D Ro 2-2,Ro2-2,T6,4/1/21,day,Rainbow,7,Ofav,control pH,22.514169,35.0107915,8.01253275,8.16661487,10.69,17.759,1.024771,2.033333333,111.9,153.3,41.4
6532,D Rs 2-2,Rs2-2,T5,4/1/21,day,Rainbow,28,Ssid,control pH,22.562621,34.902093,8.0276,8.09356175,11.996,18.927,1.024688,2.366666667,110.9,131.1,20.2
6533,D So 2-2,So2-2,T6,4/1/21,day,Star Island,12,Ofav,control pH,22.585815,34.9047129,8.01253275,8.16307825,8.0685,15.161,1.02469,2.066666667,111.9,151.6,39.7
6534,D Ss 2-2,Ss2-2,T5,4/1/21,day,Star Island,33,Ssid,control pH,22.607124,34.9269824,8.0276,8.13932761,11.929,19.016,1.024707,2.383333333,110.9,146.8,35.9
6535,D Eo 2-4,Eo2-4,T8,4/1/21,day,Emerald,2,Ofav,low pH,22.591568,34.9689767,7.76871444,7.91047489,10.082,2.8521,1.024739,2.15,111.2,146.5,35.3
6536,D Es 2-4,Es2-4,T2,4/1/21,day,Emerald,23,Ssid,low pH,22.601239,34.9269824,7.788521,7.80430957,19.859,20.97,1.024707,2.433333333,110.4,120.9,10.5
6537,D Mo 2-4,Mo2-4,T8,4/1/21,day,MacArthur North,17,Ofav,low pH,22.591568,35.1195365,7.76871444,7.90248215,13.875,12.876,1.024854,2.266666667,111.2,141.7,30.5
6538,D Ms 2-4,Ms2-4,T2,4/1/21,day,MacArthur North,38,Ssid,low pH,22.549787,34.9558013,7.788521,7.85434202,8.5849,15.929,1.024729,2.583333333,110.4,129.3,18.9
6539,D Ro 2-4,Ro2-4,T8,4/1/21,day,Rainbow,7,Ofav,low pH,22.591568,34.9833506,7.76871444,7.97133035,15.154,18.88,1.02475,2.2,111.2,150.5,39.3
6541,D Rs 2-4,Rs2-4,T2,4/1/21,day,Rainbow,28,Ssid,low pH,22.601239,34.9309123,7.788521,7.83125646,11.401,19.913,1.02471,2.483333333,110.4,124.4,14
6542,D So 2-4,So2-4,T8,4/1/21,day,Star Island,12,Ofav,low pH,22.591568,35.0225517,7.76871444,7.99426199,12.43,17.226,1.02478,2.25,111.2,159.2,48
6543,D Ss 2-4,Ss2-4,T2,4/1/21,day,Star Island,33,Ssid,low pH,22.601239,35.0186316,7.788521,7.78112768,13.851,14.801,1.024777,2.55,110.4,110.7,0.3
6548,D Ao74,A074,T8,4/1/21,day,control,,control,low pH,22.591568,34.8758933,7.76871444,7.90786636,9.196,19.641,1.024668,2.316666667,111.2,143.8,32.6
6549,D CRo52,CR052,T6,4/1/21,day,control,,control,control pH,22.585815,34.9413919,8.01253275,8.09636933,9.9956,13.931,1.024718,2.15,111.9,127.8,15.9
6570,D Eo 3-2,Eo3-2,T6,4/2/21,day,Emerald,3,Ofav,control pH,22.439867,35.0147116,8.02507612,8.17327171,9.0855,17.188,1.024774,2,123.7,135.9,12.2
6571,D Es 3-2,Es3-2,T5,4/2/21,day,Emerald,24,Ssid,control pH,22.587225,35.09203,8.02818112,8.09018712,12.275,20.641,1.024833,2.316666667,110.5,130.8,20.3
6572,D Mo 3-2,Mo3-2,T6,4/2/21,day,MacArthur North,18,Ofav,control pH,22.439867,35.1011989,8.02507612,8.10840448,10.015,14.088,1.02484,2.1,123.7,127.3,3.6
6573,D Ms 3-2,Ms3-2,T5,4/2/21,day,MacArthur North,39,Ssid,control pH,22.609812,35.1182267,8.02818112,8.03421745,10.38,17.556,1.024853,2.4,110.5,118.1,7.6
6574,D Ro 3-2,Ro3-2,T6,4/2/21,day,Rainbow,8,Ofav,control pH,22.439867,35.1260857,8.02507612,8.15822801,11.079,18.871,1.024859,2.033333333,123.7,136.8,13.1
6575,D Rs 3-2,Rs3-2,T5,4/2/21,day,Rainbow,29,Ssid,control pH,22.609812,34.9689767,8.02818112,8.07281502,12.985,18.956,1.024739,2.35,110.5,122.9,12.4
6576,D So 3-2,So3-2,T6,4/2/21,day,Star Island,13,Ofav,control pH,22.439867,35.0881005,8.02507612,8.14872664,12.234,17.399,1.02483,2.066666667,123.7,140.6,16.9
6577,D Ss 3-2,Ss3-2,T5,4/2/21,day,Star Island,34,Ssid,control pH,22.609812,35.0763118,8.02818112,8.1097171,11.306,19.385,1.024821,2.366666667,110.5,133.1,22.6
6578,D Eo 3-4,Eo3-4,T8,4/2/21,day,Emerald,3,Ofav,low pH,22.586176,34.8680333,7.79177364,7.91808541,11.039,16.551,1.024662,2.166666667,109.1,129.5,20.4
6579,D Es 3-4,Es3-4,T2,4/2/21,day,Emerald,24,Ssid,low pH,22.571817,35.0907202,7.79362501,7.83170659,9.4389,21.348,1.024832,2.416666667,109.9,121.5,11.6
6580,D Mo 3-4,Mo3-4,T8,4/2/21,day,MacArthur North,18,Ofav,low pH,22.532838,35.0776217,7.79177364,7.87624186,13.265,12.149,1.024822,2.266666667,109.1,137.3,28.2
6581,D Ms 3-4,Ms3-4,T2,4/2/21,day,MacArthur North,39,Ssid,low pH,22.571817,35.2624543,7.79362501,7.85115279,8.9728,16.767,1.024963,2.533333333,109.9,123.3,13.4
6582,D Ro 3-4,Ro3-4,T8,4/2/21,day,Rainbow,8,Ofav,low pH,22.586176,35.2441074,7.79177364,7.93056621,11.899,17.096,1.024949,2.2,109.1,145.9,36.8
6583,D Rs 3-4,Rs3-4,T2,4/2/21,day,Rainbow,29,Ssid,low pH,22.571817,34.9413919,7.79362501,7.80795384,11.553,20.222,1.024718,2.466666667,109.9,113.5,3.6
6584,D So 3-4,So3-4,T8,4/2/21,day,Star Island,13,Ofav,low pH,22.586176,35.0316985,7.79177364,7.94628716,12.997,13.506,1.024787,2.233333333,109.1,133.6,24.5
6585,D Ss 3-4,Ss3-4,T2,4/2/21,day,Star Island,34,Ssid,low pH,22.571817,33.5316034,7.79362501,7.79878165,11.865,14.94,1.023643,2.5,109.9,115.4,5.5
6590,D A138,A138,T6,4/2/21,day,control,,control,control pH,22.439867,35.0651423,8.02507612,8.09758631,9.3734,15.194,1.024813,2.133333333,123.7,124.1,0.4
6591,D A144,A144,T8,4/2/21,day,control,,control,low pH,22.586176,35.3633588,7.79177364,7.86455261,8.8793,15.005,1.02504,2.316666667,109.1,128.9,19.8
6425,N Eo 1-2,Eo1-2,T6,3/29/21,night,Emerald,1,Ofav,control pH,22.50717,34.8824432,7.75657793,8.01151853,7.6692,13.964,1.024673,2.166666667,109.8,96.4,-13.4
6426,N Es 1-2,Es1-2,T5,3/29/21,night,Emerald,22,Ssid,control pH,22.596207,35.2572124,8.02132593,7.9789425,11.215,19.645,1.024959,2.416666667,110.2,100.2,-10
6427,N Mo 1-2,Mo1-2,T6,3/29/21,night,MacArthur North,16,Ofav,control pH,22.557491,34.8313529,7.75657793,8.01392227,9.2872,14.564,1.024634,2.333333333,109.8,101.3,-8.5
6428,N Ms 1-2,Ms1-2,T5,3/29/21,night,MacArthur North,37,Ssid,control pH,22.553655,34.9112628,8.02132593,7.96700805,11.102,16.969,1.024695,2.516666667,110.2,101.6,-8.6
6429,N Ro 1-2,Ro1-2,T6,3/29/21,night,Rainbow,6,Ofav,control pH,22.50717,34.607096,7.75657793,8.02005585,9.2778,18.487,1.024463,2.233333333,109.8,97.2,-12.6
6430,N Rs 1-2,Rs1-2,T5,3/29/21,night,Rainbow,27,Ssid,control pH,22.553655,34.8129035,8.02132593,7.99688794,11.75,17.835,1.02462,2.466666667,110.2,101,-9.2
6431,N So 1-2,So1-2,T6,3/29/21,night,Star Island,11,Ofav,control pH,22.557491,34.8076603,7.75657793,7.99205635,13.058,18.081,1.024616,2.3,109.8,99.8,-10
6432,N Ss 1-2,Ss1-2,T5,3/29/21,night,Star Island,32,Ssid,control pH,22.553655,34.7604706,8.02132593,7.96966056,10.661,18.674,1.02458,2.516666667,110.2,105.3,-4.9
6433,N Eo 1-4,Eo1-4,T8,3/29/21,night,Emerald,1,Ofav,low pH,22.60119,34.5218823,7.77461054,7.70159717,10.487,17.676,1.024398,2.333333333,109.9,100.5,-9.4
6434,N Es 1-4,Es1-4,T2,3/29/21,night,Emerald,22,Ssid,low pH,22.597174,34.8181467,7.67913574,7.70773986,11.006,17.646,1.024624,2.533333333,109.8,103,-6.8
6435,N Mo 1-4,Mo1-4,T8,3/29/21,night,MacArthur North,16,Ofav,low pH,22.548345,34.6660877,7.77461054,7.71644491,11.625,13.218,1.024508,2.416666667,109.9,99.5,-10.4
6436,N Ms 1-4,Ms1-4,T2,3/29/21,night,MacArthur North,37,Ssid,low pH,22.597174,34.7801331,7.67913574,7.70521052,11.119,18.315,1.024595,2.633333333,109.8,101.1,-8.7
6437,N Ro 1-4,Ro1-4,T8,3/29/21,night,Rainbow,6,Ofav,low pH,22.60119,34.7499839,7.77461054,7.67877149,12.249,18.17,1.024572,2.366666667,109.9,102.5,-7.4
6438,N Rs 1-4,Rs1-4,T2,3/29/21,night,Rainbow,27,Ssid,low pH,22.597174,34.6487011,7.67913574,7.72206156,8.7612,18.787,1.024495,2.55,109.8,102.6,-7.2
6439,N So 1-4,So1-4,T8,3/29/21,night,Star Island,11,Ofav,low pH,22.60119,34.7303211,7.77461054,7.68266375,8.694,19.506438,1.024557,2.4,109.9,98.5,-11.4
6440,N Ss 1-4,Ss1-4,T2,3/29/21,night,Star Island,32,Ssid,low pH,22.597174,34.6634659,7.67913574,7.69873667,10.893,17.14,1.024506,2.6,109.8,101.8,-8
6463,N Eo 2-2,Eo2-2,T6,3/30/21,night,Emerald,2,Ofav,control pH,22.528216,34.6962383,8.06247423,8.02055473,9.4214,8.9602,1.024531,2,109.8,102.9,-6.9
6464,N Es 2-2,Es2-2,T5,3/30/21,night,Emerald,23,Ssid,control pH,22.562015,34.8863732,8.01930204,7.93382163,12.748,19.71,1.024676,2.35,110.2,100.8,-9.4
6465,N Mo 2-2,Mo2-2,T6,3/30/21,night,MacArthur North,17,Ofav,control pH,22.528216,34.8129035,8.06247423,8.01162435,7.6508,5.8258,1.02462,2.133333333,109.8,102.2,-7.6
6466,N Ms 2-2,Ms2-2,T5,3/30/21,night,MacArthur North,38,Ssid,control pH,22.581766,34.9361521,8.01930204,7.97099234,9.5874,15.313,1.024714,2.45,110.2,98.8,-11.4
6467,N Ro 2-2,Ro2-2,T6,3/30/21,night,Rainbow,7,Ofav,control pH,22.528216,34.9138827,8.06247423,8.01465601,10.69,17.759,1.024697,2.05,109.8,101.1,-8.7
6468,N Rs 2-2,Rs2-2,T5,3/30/21,night,Rainbow,28,Ssid,control pH,22.562015,34.8667233,8.01930204,7.97857684,11.996,18.927,1.024661,2.4,110.2,101.7,-8.5
6469,N So 2-2,So2-2,T6,3/30/21,night,Star Island,12,Ofav,control pH,22.528216,34.8063495,8.06247423,7.99361036,8.0685,15.161,1.024615,2.066666667,109.8,98.4,-11.4
6470,N Ss 2-2,Ss2-2,T5,3/30/21,night,Star Island,33,Ssid,control pH,22.562015,34.8942331,8.01930204,7.9572173,11.929,19.016,1.024682,2.433333333,110.2,99.3,-10.9
6471,N Eo 2-4,Eo2-4,T8,3/30/21,night,Emerald,2,Ofav,low pH,22.547869,34.8614833,7.76111883,7.69860419,10.082,2.8521,1.024657,2.166666667,109.7,96.9,-12.8
6472,N Es 2-4,Es2-4,T2,3/30/21,night,Emerald,23,Ssid,low pH,22.581307,35.297837,7.77484361,7.70719278,19.859,20.97,1.02499,2.483333333,109.9,98.9,-11
6473,N Mo 2-4,Mo2-4,T8,3/30/21,night,MacArthur North,17,Ofav,low pH,22.585897,34.8063495,7.76111883,7.71721137,13.875,12.876,1.024615,2.316666667,109.7,100.3,-9.4
6474,N Ms 2-4,Ms2-4,T2,3/30/21,night,MacArthur North,38,Ssid,low pH,22.531593,34.7067254,7.77484361,7.67961746,8.5849,15.929,1.024539,2.616666667,109.9,93.9,-16
6475,N Ro 2-4,Ro2-4,T8,3/30/21,night,Rainbow,7,Ofav,low pH,22.585897,34.8483832,7.76111883,7.69097092,15.154,18.88,1.024647,2.2,109.7,97.8,-11.9
6476,N Rs 2-4,Rs2-4,T2,3/30/21,night,Rainbow,28,Ssid,low pH,22.581307,34.8641033,7.77484361,7.72723624,11.401,19.913,1.024659,2.533333333,109.9,99.5,-10.4
6477,N So 2-4,So2-4,T8,3/30/21,night,Star Island,12,Ofav,low pH,22.585897,34.8641033,7.76111883,7.68676232,12.43,17.226,1.024659,2.25,109.7,96.4,-13.3
6478,N Ss 2-4,Ss2-4,T2,3/30/21,night,Star Island,33,Ssid,low pH,22.581307,34.6805076,7.77484361,7.70060681,13.851,14.801,1.024519,2.566666667,109.9,99.8,-10.1
6483,N Ao74,A074,T8,3/30/21,night,control,,control,low pH,22.585897,34.7840656,7.76111883,7.74085863,9.196,19.641,1.024598,2.35,109.7,104.7,-5
6484,N CRo52,CR052,T6,3/30/21,night,control,,control,control pH,22.566113,34.9686323,8.06247423,8.02334964,9.9956,13.931,1.024739,2.15,109.8,107.1,-2.7
6505,N Eo 3-2,Eo3-2,T6,3/31/21,night,Emerald,3,Ofav,control pH,22.535346,34.8523132,8.06336479,7.99926311,9.0855,17.188,1.02465,2,110.1,101.9,-8.2
6506,N Es 3-2,Es3-2,T5,3/31/21,night,Emerald,24,Ssid,control pH,22.506416,34.8510032,8.02169522,7.96949521,12.275,20.641,1.024649,2.433333333,110.4,99.6,-10.8
6507,N Mo 3-2,Mo3-2,T6,3/31/21,night,MacArthur North,18,Ofav,control pH,22.551459,34.7617815,8.06336479,8.004623,10.015,14.088,1.024581,2.133333333,110.1,99,-11.1
6508,N Ms 3-2,Ms3-2,T5,3/31/21,night,MacArthur North,39,Ssid,control pH,22.506416,34.7080363,8.02169522,7.98657682,10.38,17.556,1.02454,2.583333333,110.4,102.1,-8.3
6509,N Ro 3-2,Ro3-2,T6,3/31/21,night,Rainbow,8,Ofav,control pH,22.551459,34.5913645,8.06336479,8.0034048,11.079,18.871,1.024451,2.05,110.1,100,-10.1
6510,N Rs 3-2,Rs3-2,T5,3/31/21,night,Rainbow,29,Ssid,control pH,22.506416,34.8313529,8.02169522,7.97083034,12.985,18.956,1.024634,2.483333333,110.4,100.4,-10
6511,N So 3-2,So3-2,T6,3/31/21,night,Star Island,13,Ofav,control pH,22.551459,34.7578489,8.06336479,7.99186038,12.234,17.399,1.024578,2.083333333,110.1,98.3,-11.8
6512,N Ss 3-2,Ss3-2,T5,3/31/21,night,Star Island,34,Ssid,control pH,22.506416,35.0160183,8.02169522,7.95850084,11.306,19.385,1.024775,2.516666667,110.4,100.6,-9.8
6513,N Eo 3-4,Eo3-4,T8,3/31/21,night,Emerald,3,Ofav,low pH,22.570817,34.5782549,7.7671292,7.71070138,11.039,16.551,1.024441,2.216666667,110,95.4,-14.6
6514,N Es 3-4,Es3-4,T2,3/31/21,night,Emerald,24,Ssid,low pH,22.53038,34.6424912,7.7678198,7.71747391,9.4389,21.348,1.02449,2.566666667,110.3,101.4,-8.9
6515,N Mo 3-4,Mo3-4,T8,3/31/21,night,MacArthur North,18,Ofav,low pH,22.570817,34.7159015,7.7671292,7.68244439,13.265,12.149,1.024546,2.366666667,110,94,-16
6516,N Ms 3-4,Ms3-4,T2,3/31/21,night,MacArthur North,39,Ssid,low pH,22.574423,34.8233899,7.7678198,7.68762605,8.9728,16.767,1.024628,2.7,110.3,96.7,-13.6
6517,N Ro 3-4,Ro3-4,T8,3/31/21,night,Rainbow,8,Ofav,low pH,22.570817,34.646424,7.7671292,7.68351428,11.899,17.096,1.024493,2.266666667,110,92.4,-17.6
6518,N Rs 3-4,Rs3-4,T2,3/31/21,night,Rainbow,29,Ssid,low pH,22.53038,34.7617815,7.7678198,7.72092922,11.553,20.222,1.024581,2.616666667,110.3,101.8,-8.5
6519,N So 3-4,So3-4,T8,3/31/21,night,Star Island,13,Ofav,low pH,22.570817,34.7539164,7.7671292,7.68252171,12.997,13.506,1.024575,2.316666667,110,98.6,-11.4
6520,N Ss 3-4,Ss3-4,T2,3/31/21,night,Star Island,34,Ssid,low pH,22.574423,35.1588309,7.7678198,7.71379855,11.865,14.94,1.024884,2.666666667,110.3,103.1,-7.2
6525,N A138,A138,T6,3/31/21,night,control,,control,control pH,22.535346,34.9151927,8.06336479,8.0369357,9.3734,15.194,1.024698,2.183333333,110.1,107.5,-2.6
6526,N A144,A144,T8,3/31/21,night,control,,control,low pH,22.552311,35.0776217,7.7671292,7.76201176,8.8793,15.005,1.024822,2.4,110,106.6,-3.4
6550,N Eo 4-2,Eo4-2,T6,4/1/21,night,Emerald,4,Ofav,control pH,22.564654,34.9112628,8.06329702,8.0202363,10.303,18.398,1.024695,2,110.1,99.5,-10.6
6551,N Es 4-2,Es4-2,T5,4/1/21,night,Emerald,25,Ssid,control pH,22.618958,35.0474948,8.01932953,7.96541019,13.725,18.829,1.024799,2.3,109.8,101.6,-8.2
6552,N Mo 4-2,Mo4-2,T6,4/1/21,night,MacArthur North,19,Ofav,control pH,22.598912,35.1785814,8.06329702,8.01806871,8.5181,14.318,1.024899,2.15,110.1,98,-12.1
6553,N Ms 4-2,Ms4-2,T5,4/1/21,night,MacArthur North,40,Ssid,control pH,22.618958,35.0697625,8.01932953,7.96546268,9.5688,16.529,1.024816,2.45,109.8,98.7,-11.1
6554,N Ro 4-2,Ro4-2,T6,4/1/21,night,Rainbow,9,Ofav,control pH,22.598912,34.962443,8.06329702,8.00894499,9.1677,16.442,1.024734,2.05,110.1,95.1,-15
6555,N Rs 4-2,Rs4-2,T5,4/1/21,night,Rainbow,30,Ssid,control pH,22.618958,35.0409454,8.01932953,7.94948866,10.238,20.054,1.024794,2.333333333,109.8,103.5,-6.3
6556,N So 4-2,So4-2,T6,4/1/21,night,Star Island,14,Ofav,control pH,22.598912,34.9689767,8.06329702,8.01548232,12.482,13.004,1.024739,2.1,110.1,93.2,-16.9
6557,N Ss 4-2,Ss4-2,T5,4/1/21,night,Star Island,35,Ssid,control pH,22.618958,34.9191226,8.01932953,7.96361586,9.2695,19.97,1.024701,2.383333333,109.8,98.3,-11.5
6558,N Eo 4-4,Eo4-4,T8,4/1/21,night,Emerald,4,Ofav,low pH,22.558769,34.9781237,7.76761367,7.69357215,10.524,18.012,1.024746,2.166666667,109.5,100.3,-9.2
6559,N Es 4-4,Es4-4,T2,4/1/21,night,Emerald,25,Ssid,low pH,22.597732,34.9637498,7.76923287,7.70317243,14.601,20.197,1.024735,2.45,109.5,103.3,-6.2
6560,N Mo 4-4,Mo4-4,T8,4/1/21,night,MacArthur North,19,Ofav,low pH,22.605288,35.0029209,7.76761367,7.70408523,9.2909,14.719,1.024765,2.3,109.5,97.5,-12
6561,N Ms 4-4,Ms4-4,T2,4/1/21,night,MacArthur North,40,Ssid,low pH,22.574587,34.9978464,7.76923287,7.7008514,13.669,16.805,1.024761,2.55,109.5,101.3,-8.2
6562,N Ro 4-4,Ro4-4,T8,4/1/21,night,Rainbow,9,Ofav,low pH,22.605288,34.8667233,7.76761367,7.68816425,12.865,17.191,1.024661,2.2,109.5,99.9,-9.6
6563,N Rs 4-4,Rs4-4,T2,4/1/21,night,Rainbow,30,Ssid,low pH,22.574587,35.0002583,7.76923287,7.71018496,9.88,18.562,1.024763,2.483333333,109.5,101.1,-8.4
6564,N So 4-4,So4-4,T8,4/1/21,night,Star Island,14,Ofav,low pH,22.605288,34.8929231,7.76761367,7.7063831,14.662,15.849,1.024681,2.216666667,109.5,99.6,-9.9
6565,N Ss 4-4,Ss4-4,T2,4/1/21,night,Star Island,35,Ssid,low pH,22.574587,34.976817,7.76923287,7.7128954,8.2863,16.102,1.024745,2.55,109.5,108.8,-0.7
6592,N Eo 5-2,Eo5-2,T6,4/2/21,night,Emerald,5,Ofav,control pH,22.540542,34.962443,8.05757212,8.00942857,11.081,15.961,1.024734,2,111.1,102.3,-8.8
6593,N Es 5-2,Es5-2,T5,4/2/21,night,Emerald,26,Ssid,control pH,22.570391,35.0488047,8.00943433,7.96187084,8.051,19.854,1.0248,2.416666667,109.6,99.6,-10
6594,N Mo 5-2,Mo5-2,T6,4/2/21,night,MacArthur North,20,Ofav,control pH,22.578537,34.9781237,8.05757212,8.022489,7.876,7.1451,1.024746,2.133333333,111.1,101.9,-9.2
6595,N Ms 5-2,Ms5-2,T5,4/2/21,night,MacArthur North,41,Ssid,control pH,22.570391,34.9060229,8.00943433,7.94508359,9.0339,16.282,1.024691,2.533333333,109.6,99.5,-10.1
6596,N Ro 5-2,Ro5-2,T6,4/2/21,night,Rainbow,10,Ofav,control pH,22.578537,33.0251478,8.05757212,8.0136813,11.777,19.556,1.023257,2.05,111.1,97.9,-13.2
6597,N Rs 5-2,Rs5-2,T5,4/2/21,night,Rainbow,31,Ssid,control pH,22.570391,34.9125728,8.00943433,7.95074976,15.587,19.943,1.024696,2.45,109.6,100.1,-9.5
6598,N So 5-2,So5-2,T6,4/2/21,night,Star Island,15,Ofav,control pH,22.578537,34.9453217,8.05757212,8.00059016,11.437,17.683,1.024721,2.1,111.1,100.8,-10.3
6599,N Ss 5-2,Ss5-2,T5,4/2/21,night,Star Island,36,Ssid,control pH,22.570391,35.0527343,8.00943433,7.93566177,11.129,16.608,1.024803,2.5,109.6,95.5,-14.1
6600,N Eo 5-4,Eo5-4,T8,4/2/21,night,Emerald,5,Ofav,low pH,22.528741,34.9256724,7.77517282,7.69598925,9.882,16.501,1.024706,2.2,110.1,97.1,-13
6601,N Es 5-4,Es5-4,T2,4/2/21,night,Emerald,26,Ssid,low pH,22.605665,34.4930399,7.76809901,7.73099736,8.7558,19.786,1.024376,2.55,109.7,102.7,-7
6602,N Mo 5-4,Mo5-4,T8,4/2/21,night,MacArthur North,20,Ofav,low pH,22.528741,34.8418331,7.77517282,7.7163954,9.6864,7.5615,1.024642,2.35,110.1,98.4,-11.7
6603,N Ms 5-4,Ms5-4,T2,4/2/21,night,MacArthur North,41,Ssid,low pH,22.605665,35.179892,7.76809901,7.68012841,11.634,18.341,1.0249,2.7,109.7,95.6,-14.1
6604,N Ro 5-4,Ro5-4,T8,4/2/21,night,Rainbow,10,Ofav,low pH,22.528741,34.9637498,7.77517282,7.6849893,8.1793,17.766,1.024735,2.266666667,110.1,97.2,-12.9
6605,N Rs 5-4,Rs5-4,T2,4/2/21,night,Rainbow,31,Ssid,low pH,22.605665,35.0251651,7.76809901,7.72202008,14.473,16.813,1.024782,2.583333333,109.7,98.9,-10.8
6606,N So 5-4,So5-4,T8,4/2/21,night,Star Island,15,Ofav,low pH,22.528741,33.1261873,7.77517282,7.69160752,13.05,19.473,1.023334,2.3,110.1,99.8,-10.3
6607,N Ss 5-4,Ss5-4,T2,4/2/21,night,Star Island,36,Ssid,low pH,22.605665,35.1326347,7.76809901,7.69953673,8.2837,13.747,1.024864,2.633333333,109.7,97.3,-12.4
6612,N CRo46,CR046,T6,4/2/21,night,MacArthur North,21,Ofav,control pH,22.578537,34.7290102,8.05757212,8.01563777,9.6512,12.527,1.024556,2.15,111.1,102.6,-8.5
6613,N CRo49,CR049,T8,4/2/21,night,MacArthur North,21,Ofav,low pH,22.528741,35.179892,7.77517282,7.70838872,9.8398,14.756,1.0249,2.4,110.1,97.9,-12.2