run,run_sheet,titration_date,file,sample_label,type,bottle,rerun,final_TA
1,NMFS r1 i3-29_i3-30t,2021-04-13,w CRM189 1_titr8_20210414-102158.csv,w CRM189,CRM,,FALSE,2207.3634153685216
1,NMFS r1 i3-29_i3-30t,2021-04-13,w CRM189 2_titr8_20210414-102158.csv,w CRM189,CRM,,FALSE,2206.7120758095
1,NMFS r1 i3-29_i3-30t,2021-04-13,D6401-T2a_titr8_20210414-102158.csv,D6401-T2a,sample,6401,FALSE,2445.7283780530884
1,NMFS r1 i3-29_i3-30t,2021-04-13,D6401-T2b_titr8_20210414-102158.csv,D6401-T2b,sample,6401,FALSE,2444.076849361503
1,NMFS r1 i3-29_i3-30t,2021-04-13,D6402-T5a_titr8_20210414-102158.csv,D6402-T5a,sample,6402,FALSE,2439.849738898029
1,NMFS r1 i3-29_i3-30t,2021-04-13,D6402-T5b_titr8_20210414-102157.csv,D6402-T5b,sample,6402,FALSE,2433.081144558171
1,NMFS r1 i3-29_i3-30t,2021-04-13,D6403-T6a_titr8_20210414-102157.csv,D6403-T6a,sample,6403,FALSE,2469.138518771671
1,NMFS r1 i3-29_i3-30t,2021-04-13,D6403-T6b_titr8_20210414-102157.csv,D6403-T6b,sample,6403,FALSE,2469.9745223568834
1,NMFS r1 i3-29_i3-30t,2021-04-13,D6404-T8a_titr8_20210414-102157.csv,D6404-T8a,sample,6404,FALSE,2447.081916106535
1,NMFS r1 i3-29_i3-30t,2021-04-13,D6404-T8b_titr8_20210414-102157.csv,D6404-T8b,sample,6404,FALSE,2442.147668300839
1,NMFS r1 i3-29_i3-30t,2021-04-13,D6405-Eo 4-2a_titr8_20210414-102157.csv,D6405-Eo,sample,6405,FALSE,2431.7723670731666
1,NMFS r1 i3-29_i3-30t,2021-04-13,D6405-Eo 4-2b_titr8_20210414-102157.csv,D6405-Eo,sample,6405,FALSE,2424.455826204126
1,NMFS r1 i3-29_i3-30t,2021-04-13,D6406-Es 4-2a_titr8_20210414-102157.csv,D6406-Es,sample,6406,FALSE,2399.1064597966283
1,NMFS r1 i3-29_i3-30t,2021-04-13,D6406-Es 4-2b_titr8_20210414-102157.csv,D6406-Es,sample,6406,FALSE,2399.546371890291
1,NMFS r1 i3-29_i3-30t,2021-04-13,D6407-Mo 4-2a_titr8_20210414-102157.csv,D6407-Mo,sample,6407,FALSE,2439.398829871325
1,NMFS r1 i3-29_i3-30t,2021-04-13,D6407-Mo 4-2b_titr8_20210414-102157.csv,D6407-Mo,sample,6407,FALSE,2432.4514725555728
1,NMFS r1 i3-29_i3-30t,2021-04-13,D6408-Ms 4-2a_titr8_20210414-102157.csv,D6408-Ms,sample,6408,FALSE,2395.9631753774797
1,NMFS r1 i3-29_i3-30t,2021-04-13,D6408-Ms 4-2b_titr8_20210414-102157.csv,D6408-Ms,sample,6408,FALSE,2389.755578292624
1,NMFS r1 i3-29_i3-30t,2021-04-13,D6409-Ro 4-2a_titr8_20210414-102157.csv,D6409-Ro,sample,6409,FALSE,2427.501520133444
1,NMFS r1 i3-29_i3-30t,2021-04-13,D6409-Ro 4-2b_titr8_20210414-102157.csv,D6409-Ro,sample,6409,FALSE,2429.241254233389
1,NMFS r1 i3-29_i3-30t,2021-04-13,D6410-Rs 4-2a_titr8_20210414-102157.csv,D6410-Rs,sample,6410,FALSE,2387.9630860586944
1,NMFS r1 i3-29_i3-30t,2021-04-13,D6410-Rs 4-2b_titr8_20210414-102157.csv,D6410-Rs,sample,6410,FALSE,2393.0688777194105
1,NMFS r1 i3-29_i3-30t,2021-04-13,D6411-So 4-2a_titr8_20210414-102157.csv,D6411-So,sample,6411,FALSE,2432.981338753902
1,NMFS r1 i3-29_i3-30t,2021-04-13,D6411-So 4-2b_titr8_20210414-102157.csv,D6411-So,sample,6411,FALSE,2434.87983182078
1,NMFS r1 i3-29_i3-30t,2021-04-13,D6412-Ss 4-2a_titr8_20210414-102156.csv,D6412-Ss,sample,6412,FALSE,2383.734623972994
1,NMFS r1 i3-29_i3-30t,2021-04-13,D6412-Ss 4-2b_titr8_20210414-102156.csv,D6412-Ss,sample,6412,FALSE,2388.1557455057687
1,NMFS r1 i3-29_i3-30t,2021-04-13,D6413-Eo 4-4a_titr8_20210414-102156.csv,D6413-Eo,sample,6413,FALSE,2416.655661442096
1,NMFS r1 i3-29_i3-30t,2021-04-13,D6413-Eo 4-4b_titr8_20210414-102156.csv,D6413-Eo,sample,6413,FALSE,2417.6397489828432
1,NMFS r1 i3-29_i3-30t,2021-04-13,D6414-Es 4-4a_titr8_20210414-102156.csv,D6414-Es,sample,6414,FALSE,2396.614347707752
1,NMFS r1 i3-29_i3-30t,2021-04-13,D6414-Es 4-4b_titr8_20210414-102156.csv,D6414-Es,sample,6414,FALSE,2403.427497348942
1,NMFS r1 i3-29_i3-30t,2021-04-13,D6415-Mo 4-4a_titr8_20210414-102156.csv,D6415-Mo,sample,6415,FALSE,2414.2266975923408
1,NMFS r1 i3-29_i3-30t,2021-04-13,D6415-Mo 4-4b_titr8_20210414-102156.csv,D6415-Mo,sample,6415,FALSE,2414.1179632296257
1,NMFS r1 i3-29_i3-30t,2021-04-13,D6416-Ms 4-4a_titr8_20210414-102156.csv,D6416-Ms,sample,6416,FALSE,2348.4305430378336
1,NMFS r1 i3-29_i3-30t,2021-04-13,D6416-Ms 4-4b_titr8_20210414-102156.csv,D6416-Ms,sample,6416,FALSE,2345.708025908885
1,NMFS r1 i3-29_i3-30t,2021-04-13,D6417-Ro 4-4a_titr8_20210414-102156.csv,D6417-Ro,sample,6417,FALSE,2401.7691196902856
1,NMFS r1 i3-29_i3-30t,2021-04-13,D6417-Ro 4-4b_titr8_20210414-102156.csv,D6417-Ro,sample,6417,FALSE,2394.2025545078327
1,NMFS r1 i3-29_i3-30t,2021-04-13,D6418-Rs 4-4a_titr8_20210414-102156.csv,D6418-Rs,sample,6418,FALSE,2394.67292465125
1,NMFS r1 i3-29_i3-30t,2021-04-13,D6418-Rs 4-4b_titr8_20210414-102156.csv,D6418-Rs,sample,6418,FALSE,2392.4299978604954
1,NMFS r1 i3-29_i3-30t,2021-04-13,D6419-So 4-4a_titr8_20210414-102156.csv,D6419-So,sample,6419,FALSE,2417.819346487316
1,NMFS r1 i3-29_i3-30t,2021-04-13,D6419-So 4-4b_titr8_20210414-102156.csv,D6419-So,sample,6419,FALSE,2420.135414548246
1,NMFS r1 i3-29_i3-30t,2021-04-13,D6420-Ss 4-4a_titr8_20210414-102156.csv,D6420-Ss,sample,6420,FALSE,2402.746059897564
1,NMFS r1 i3-29_i3-30t,2021-04-13,D6420-Ss 4-4b_titr8_20210414-102156.csv,D6420-Ss,sample,6420,FALSE,2398.346059565233
1,NMFS r1 i3-29_i3-30t,2021-04-13,D6421-T2a_titr8_20210414-102155.csv,D6421-T2a,sample,6421,FALSE,2439.9528143942407
1,NMFS r1 i3-29_i3-30t,2021-04-13,D6421-T2b_titr8_20210414-102155.csv,D6421-T2b,sample,6421,FALSE,2441.032745971866
1,NMFS r1 i3-29_i3-30t,2021-04-13,w CRM189 3_titr8_20210414-102155.csv,w CRM189,CRM,,FALSE,2202.5348866579084
1,NMFS r1 i3-29_i3-30t,2021-04-13,w CRM189 4_titr8_20210414-102155.csv,w CRM189,CRM,,FALSE,2204.4296221640707
2,NMFS r2 3-1_3-22,2021-04-14,w CRM 189 1_titr8_20210415-081957.csv,w CRM 189,CRM,,FALSE,2231.9822023588385
2,NMFS r2 3-1_3-22,2021-04-14,w CRM 189 2_titr8_20210415-081957.csv,w CRM 189,CRM,,FALSE,2237.347775837696
2,NMFS r2 3-1_3-22,2021-04-14,21030105a_titr8_20210415-081957.csv,21030105a,sample,21030105,FALSE,2524.2874016301967
2,NMFS r2 3-1_3-22,2021-04-14,21030105b_titr8_20210415-081957.csv,21030105b,sample,21030105,FALSE,2510.259133190185
2,NMFS r2 3-1_3-22,2021-04-14,21030106a_titr8_20210415-081957.csv,21030106a,sample,21030106,FALSE,2513.729497753075
2,NMFS r2 3-1_3-22,2021-04-14,21030106b_titr8_20210415-081957.csv,21030106b,sample,21030106,FALSE,2510.686961321436
2,NMFS r2 3-1_3-22,2021-04-14,21030107a_titr8_20210415-081957.csv,21030107a,sample,21030107,FALSE,2519.076704847427
2,NMFS r2 3-1_3-22,2021-04-14,21030107b_titr8_20210415-081957.csv,21030107b,sample,21030107,FALSE,2513.1683791866494
2,NMFS r2 3-1_3-22,2021-04-14,21030108a_titr8_20210415-081957.csv,21030108a,sample,21030108,FALSE,2518.337185352921
2,NMFS r2 3-1_3-22,2021-04-14,21030108b_titr8_20210415-081956.csv,21030108b,sample,21030108,FALSE,2515.7771450051555
2,NMFS r2 3-1_3-22,2021-04-14,21030801a_titr8_20210415-081956.csv,21030801a,sample,21030801,FALSE,2513.701064093606
2,NMFS r2 3-1_3-22,2021-04-14,21030801b_titr8_20210415-081956.csv,21030801b,sample,21030801,FALSE,2504.967281214721
2,NMFS r2 3-1_3-22,2021-04-14,21030802a_titr8_20210415-081956.csv,21030802a,sample,21030802,FALSE,2504.4494203111626
2,NMFS r2 3-1_3-22,2021-04-14,21030802b_titr8_20210415-081956.csv,21030802b,sample,21030802,FALSE,2499.582612189058
2,NMFS r2 3-1_3-22,2021-04-14,21030803a_titr8_20210415-081956.csv,21030803a,sample,21030803,FALSE,2501.903585417519
2,NMFS r2 3-1_3-22,2021-04-14,21030803b_titr8_20210415-081956.csv,21030803b,sample,21030803,FALSE,2494.903701121299
2,NMFS r2 3-1_3-22,2021-04-14,21030804a_titr8_20210415-081956.csv,21030804a,sample,21030804,FALSE,2511.4612065120614
2,NMFS r2 3-1_3-22,2021-04-14,21030804b_titr8_20210415-081956.csv,21030804b,sample,21030804,FALSE,2510.850046821564
2,NMFS r2 3-1_3-22,2021-04-14,21030805a_titr8_20210415-081956.csv,21030805a,sample,21030805,FALSE,2504.583511081494
2,NMFS r2 3-1_3-22,2021-04-14,21030805b_titr8_20210415-081956.csv,21030805b,sample,21030805,FALSE,2502.9359144087684
2,NMFS r2 3-1_3-22,2021-04-14,21030806a_titr8_20210415-081956.csv,21030806a,sample,21030806,FALSE,2516.8545941321686
2,NMFS r2 3-1_3-22,2021-04-14,21030806b_titr8_20210415-081956.csv,21030806b,sample,21030806,FALSE,2521.3989854970114
2,NMFS r2 3-1_3-22,2021-04-14,21030807a_titr8_20210415-081956.csv,21030807a,sample,21030807,FALSE,2509.155769836452
2,NMFS r2 3-1_3-22,2021-04-14,21030807b_titr8_20210415-081956.csv,21030807b,sample,21030807,FALSE,2511.134391090022
2,NMFS r2 3-1_3-22,2021-04-14,21030808a_titr8_20210415-081956.csv,21030808a,sample,21030808,FALSE,2510.69223081216
2,NMFS r2 3-1_3-22,2021-04-14,21030808b_titr8_20210415-081956.csv,21030808b,sample,21030808,FALSE,2511.1991607618825
2,NMFS r2 3-1_3-22,2021-04-14,21031501a_titr8_20210415-081956.csv,21031501a,sample,21031501,FALSE,2452.157199936733
2,NMFS r2 3-1_3-22,2021-04-14,21031501b_titr8_20210415-081955.csv,21031501b,sample,21031501,FALSE,2455.505272592758
2,NMFS r2 3-1_3-22,2021-04-14,21031502a_titr8_20210415-081955.csv,21031502a,sample,21031502,FALSE,2447.595209532891
2,NMFS r2 3-1_3-22,2021-04-14,21031502b_titr8_20210415-081955.csv,21031502b,sample,21031502,FALSE,2455.4039729950555
2,NMFS r2 3-1_3-22,2021-04-14,21031503a_titr8_20210415-081955.csv,21031503a,sample,21031503,FALSE,2448.107648858144
2,NMFS r2 3-1_3-22,2021-04-14,21031503b_titr8_20210415-081955.csv,21031503b,sample,21031503,FALSE,2446.517374745167
2,NMFS r2 3-1_3-22,2021-04-14,21031504a_titr8_20210415-081955.csv,21031504a,sample,21031504,FALSE,2444.6616432812807
2,NMFS r2 3-1_3-22,2021-04-14,21031504b_titr8_20210415-081955.csv,21031504b,sample,21031504,FALSE,2442.589277725448
2,NMFS r2 3-1_3-22,2021-04-14,21031505a_titr8_20210415-081955.csv,21031505a,sample,21031505,FALSE,2436.715394180614
2,NMFS r2 3-1_3-22,2021-04-14,21031505b_titr8_20210415-081955.csv,21031505b,sample,21031505,FALSE,2437.478421954124
2,NMFS r2 3-1_3-22,2021-04-14,21031506a_titr8_20210415-081955.csv,21031506a,sample,21031506,FALSE,2451.38068371314
2,NMFS r2 3-1_3-22,2021-04-14,21031506b_titr8_20210415-081955.csv,21031506b,sample,21031506,FALSE,2450.6612875024334
2,NMFS r2 3-1_3-22,2021-04-14,21031507a_titr8_20210415-081955.csv,21031507a,sample,21031507,FALSE,2450.182704874961
2,NMFS r2 3-1_3-22,2021-04-14,21031507b_titr8_20210415-081955.csv,21031507b,sample,21031507,FALSE,2451.541484374444
2,NMFS r2 3-1_3-22,2021-04-14,21031508a_titr8_20210415-081955.csv,21031508a,sample,21031508,FALSE,2441.512402572451
2,NMFS r2 3-1_3-22,2021-04-14,21031508b_titr8_20210415-081955.csv,21031508b,sample,21031508,FALSE,2444.390627435256
2,NMFS r2 3-1_3-22,2021-04-14,21032201a_titr8_20210415-081955.csv,21032201a,sample,21032201,FALSE,2469.637610965492
2,NMFS r2 3-1_3-22,2021-04-14,21032201b_titr8_20210415-081955.csv,21032201b,sample,21032201,FALSE,2474.4845177363272
2,NMFS r2 3-1_3-22,2021-04-13,w CRM189 3_titr8_20210414-102155.csv,w CRM189,CRM,,FALSE,2174.717477983645
2,NMFS r2 3-1_3-22,2021-04-13,w CRM189 4_titr8_20210414-102155.csv,w CRM189,CRM,,FALSE,2176.9925438198206
3,NMFS  r3 3-22_3-29_4,2021-04-15,w CRM 189 1_titr8_20210419-084639.csv,w CRM 189,CRM,,FALSE,2208.0870277877943
3,NMFS  r3 3-22_3-29_4,2021-04-15,w CRM 189 2_titr8_20210419-084639.csv,w CRM 189,CRM,,FALSE,2201.8551989094403
3,NMFS  r3 3-22_3-29_4,2021-04-15,21032202a_titr8_20210419-084639.csv,21032202a,sample,21032202,FALSE,2456.649636220657
3,NMFS  r3 3-22_3-29_4,2021-04-15,21032202b_titr8_20210419-084639.csv,21032202b,sample,21032202,FALSE,2439.450936901721
3,NMFS  r3 3-22_3-29_4,2021-04-15,21032204a_titr8_20210419-084639.csv,21032204a,sample,21032204,FALSE,2474.9915046414026
3,NMFS  r3 3-22_3-29_4,2021-04-15,21032204b_titr8_20210419-084639.csv,21032204b,sample,21032204,FALSE,2477.722872467834
3,NMFS  r3 3-22_3-29_4,2021-04-15,21032205a_titr8_20210419-084639.csv,21032205a,sample,21032205,FALSE,2451.7596887461195
3,NMFS  r3 3-22_3-29_4,2021-04-15,21032205b_titr8_20210419-084639.csv,21032205b,sample,21032205,FALSE,2453.4116640109605
3,NMFS  r3 3-22_3-29_4,2021-04-15,21032206a_titr8_20210419-084639.csv,21032206a,sample,21032206,FALSE,2455.911861659707
3,NMFS  r3 3-22_3-29_4,2021-04-15,21032206b_titr8_20210419-084639.csv,21032206b,sample,21032206,FALSE,2450.3145257985607
3,NMFS  r3 3-22_3-29_4,2021-04-15,21032208a_titr8_20210419-084639.csv,21032208a,sample,21032208,FALSE,2459.2761239936435
3,NMFS  r3 3-22_3-29_4,2021-04-15,21032208b_titr8_20210419-084639.csv,21032208b,sample,21032208,FALSE,2456.5042163629346
3,NMFS  r3 3-22_3-29_4,2021-04-15,21032211a_titr8_20210419-084639.csv,21032211a,sample,21032211,FALSE,2446.252606007344
3,NMFS  r3 3-22_3-29_4,2021-04-15,21032211b_titr8_20210419-084639.csv,21032211b,sample,21032211,FALSE,2450.31235132982
3,NMFS  r3 3-22_3-29_4,2021-04-15,21032212a_titr8_20210419-084639.csv,21032212a,sample,21032212,FALSE,2447.297395355055
3,NMFS  r3 3-22_3-29_4,2021-04-15,21032212b_titr8_20210419-084639.csv,21032212b,sample,21032212,FALSE,2446.9202525142477
3,NMFS  r3 3-22_3-29_4,2021-04-15,21032901a_titr8_20210419-084639.csv,21032901a,sample,21032901,FALSE,2448.383276092436
3,NMFS  r3 3-22_3-29_4,2021-04-15,21032901b_titr8_20210419-084639.csv,21032901b,sample,21032901,FALSE,2448.8027846005543
3,NMFS  r3 3-22_3-29_4,2021-04-15,21032902a_titr8_20210419-084639.csv,21032902a,sample,21032902,FALSE,2447.534682592948
3,NMFS  r3 3-22_3-29_4,2021-04-15,21032902b_titr8_20210419-084638.csv,21032902b,sample,21032902,FALSE,2449.2796345022134
3,NMFS  r3 3-22_3-29_4,2021-04-15,21032904a_titr8_20210419-084638.csv,21032904a,sample,21032904,FALSE,2454.6301859376267
3,NMFS  r3 3-22_3-29_4,2021-04-15,21032904b_titr8_20210419-084638.csv,21032904b,sample,21032904,FALSE,2457.6986192343106
3,NMFS  r3 3-22_3-29_4,2021-04-15,21032905a_titr8_20210419-084638.csv,21032905a,sample,21032905,FALSE,2442.214267318025
3,NMFS  r3 3-22_3-29_4,2021-04-15,21032905b_titr8_20210419-084638.csv,21032905b,sample,21032905,FALSE,2446.136463967005
3,NMFS  r3 3-22_3-29_4,2021-04-15,21032906a_titr8_20210419-084638.csv,21032906a,sample,21032906,FALSE,2460.3446569366506
3,NMFS  r3 3-22_3-29_4,2021-04-15,21032906b_titr8_20210419-084638.csv,21032906b,sample,21032906,FALSE,2461.776153316103
3,NMFS  r3 3-22_3-29_4,2021-04-15,21032908a_titr8_20210419-084638.csv,21032908a,sample,21032908,FALSE,2446.12906085592
3,NMFS  r3 3-22_3-29_4,2021-04-15,21032908b_titr8_20210419-084638.csv,21032908b,sample,21032908,FALSE,2449.0324095699098
3,NMFS  r3 3-22_3-29_4,2021-04-15,21032911a_titr8_20210419-084638.csv,21032911a,sample,21032911,FALSE,2459.697840906273
3,NMFS  r3 3-22_3-29_4,2021-04-15,21032911b_titr8_20210419-084638.csv,21032911b,sample,21032911,FALSE,2464.3360754562545
3,NMFS  r3 3-22_3-29_4,2021-04-15,21032912a_titr8_20210419-084638.csv,21032912a,sample,21032912,FALSE,2460.0163669994117
3,NMFS  r3 3-22_3-29_4,2021-04-15,21032912b_titr8_20210419-084638.csv,21032912b,sample,21032912,FALSE,2462.7551794104324
3,NMFS  r3 3-22_3-29_4,2021-04-15,21040501a_titr8_20210419-084638.csv,21040501a,sample,21040501,FALSE,2422.4189433743354
3,NMFS  r3 3-22_3-29_4,2021-04-15,210400501b_titr8_20210419-084638.csv,21040501b,sample,21040501,FALSE,2424.795337088006
3,NMFS  r3 3-22_3-29_4,2021-04-15,21040502a_titr8_20210419-084638.csv,21040502a,sample,21040502,FALSE,2429.876420841575
3,NMFS  r3 3-22_3-29_4,2021-04-15,21040502b_titr8_20210419-084638.csv,21040502b,sample,21040502,FALSE,2428.491102531845
3,NMFS  r3 3-22_3-29_4,2021-04-15,21040504a_titr8_20210419-084637.csv,21040504a,sample,21040504,FALSE,2430.563003260161
3,NMFS  r3 3-22_3-29_4,2021-04-15,21040504b_titr8_20210419-084637.csv,21040504b,sample,21040504,FALSE,2423.35682877264
3,NMFS  r3 3-22_3-29_4,2021-04-15,21040505a_titr8_20210419-084637.csv,21040505a,sample,21040505,FALSE,2417.145184937572
3,NMFS  r3 3-22_3-29_4,2021-04-15,21040505b_titr8_20210419-084637.csv,21040505b,sample,21040505,FALSE,2416.041487687281
3,NMFS  r3 3-22_3-29_4,2021-04-15,21040506a_titr8_20210419-084637.csv,21040506a,sample,21040506,FALSE,2429.981000220256
3,NMFS  r3 3-22_3-29_4,2021-04-15,21040506b_titr8_20210419-084637.csv,21040506b,sample,21040506,FALSE,2436.1784809179403
3,NMFS  r3 3-22_3-29_4,2021-04-15,21040508a_titr8_20210419-084637.csv,21040508a,sample,21040508,FALSE,2435.8481253566983
3,NMFS  r3 3-22_3-29_4,2021-04-15,21040508b_titr8_20210419-084637.csv,21040508b,sample,21040508,FALSE,2434.262436776649
3,NMFS  r3 3-22_3-29_4,2021-04-15,21040511a_titr8_20210419-084637.csv,21040511a,sample,21040511,FALSE,2422.6567890818624
3,NMFS  r3 3-22_3-29_4,2021-04-15,21040511b_titr8_20210419-084637.csv,21040511b,sample,21040511,FALSE,2423.8859054422524
3,NMFS  r3 3-22_3-29_4,2021-04-15,w CRM 189 3_titr8_20210419-084637.csv,w CRM 189,CRM,,FALSE,2206.8094472028743
3,NMFS  r3 3-22_3-29_4,2021-04-15,w CRM 189 4_titr8_20210419-084637.csv,w CRM 189,CRM,,FALSE,2204.2883260998924
4,NMFS r4 4-5_4-12_2-1,2021-04-19,w CRM 189 1_titr8_20210420-090431.csv,w CRM 189,CRM,,FALSE,2202.4844444758373
4,NMFS r4 4-5_4-12_2-1,2021-04-19,w CRM 189 2_titr8_20210420-090431.csv,w CRM 189,CRM,,FALSE,2206.6529970369647
4,NMFS r4 4-5_4-12_2-1,2021-04-19,21040512a_titr8_20210420-090431.csv,21040512a,sample,21040512,FALSE,2426.6396425561684
4,NMFS r4 4-5_4-12_2-1,2021-04-19,21040512b_titr8_20210420-090431.csv,21040512b,sample,21040512,FALSE,2423.130664017076
4,NMFS r4 4-5_4-12_2-1,2021-04-19,21041201a_titr8_20210420-090431.csv,21041201a,sample,21041201,FALSE,2430.352276302296
4,NMFS r4 4-5_4-12_2-1,2021-04-19,21041201b_titr8_20210420-090431.csv,21041201b,sample,21041201,FALSE,2430.6037929879026
4,NMFS r4 4-5_4-12_2-1,2021-04-19,21041202a_titr8_20210420-090430.csv,21041202a,sample,21041202,FALSE,2437.1394371169963
4,NMFS r4 4-5_4-12_2-1,2021-04-19,21041202b_titr8_20210420-090430.csv,21041202b,sample,21041202,FALSE,2435.042218431697
4,NMFS r4 4-5_4-12_2-1,2021-04-19,21041204a_titr8_20210420-090430.csv,21041204a,sample,21041204,FALSE,2434.219016765513
4,NMFS r4 4-5_4-12_2-1,2021-04-19,21041204b_titr8_20210420-090430.csv,21041204b,sample,21041204,FALSE,2435.1812363044723
4,NMFS r4 4-5_4-12_2-1,2021-04-19,21041205a_titr8_20210420-090430.csv,21041205a,sample,21041205,FALSE,2399.9518673600164
4,NMFS r4 4-5_4-12_2-1,2021-04-19,21041205b_titr8_20210420-090430.csv,21041205b,sample,21041205,FALSE,2400.906099218386
4,NMFS r4 4-5_4-12_2-1,2021-04-19,21041206a_titr8_20210420-090430.csv,21041206a,sample,21041206,FALSE,2433.741865647672
4,NMFS r4 4-5_4-12_2-1,2021-04-19,21041206b_titr8_20210420-090430.csv,21041206b,sample,21041206,FALSE,2437.3189237172846
4,NMFS r4 4-5_4-12_2-1,2021-04-19,21041208a_titr8_20210420-090430.csv,21041208a,sample,21041208,FALSE,2457.9747822444124
4,NMFS r4 4-5_4-12_2-1,2021-04-19,21041208b_titr8_20210420-090430.csv,21041208b,sample,21041208,FALSE,2450.12924094674
4,NMFS r4 4-5_4-12_2-1,2021-04-19,21041211a_titr8_20210420-090430.csv,21041211a,sample,21041211,FALSE,2430.5158003857487
4,NMFS r4 4-5_4-12_2-1,2021-04-19,21041211b_titr8_20210420-090430.csv,21041211b,sample,21041211,FALSE,2428.876493688412
4,NMFS r4 4-5_4-12_2-1,2021-04-19,21041212a_titr8_20210420-090430.csv,21041212a,sample,21041212,FALSE,2431.3371425542887
4,NMFS r4 4-5_4-12_2-1,2021-04-19,21041212b_titr8_20210420-090430.csv,21041212b,sample,21041212,FALSE,2430.5264292602737
4,NMFS r4 4-5_4-12_2-1,2021-04-19,21021901a_titr8_20210420-090430.csv,21021901a,sample,21021901,FALSE,2609.36817462732
4,NMFS r4 4-5_4-12_2-1,2021-04-19,21021901b_titr8_20210420-090430.csv,21021901b,sample,21021901,FALSE,2613.845064878287
4,NMFS r4 4-5_4-12_2-1,2021-04-19,21021902a_titr8_20210420-090430.csv,21021902a,sample,21021902,FALSE,2616.550764362479
4,NMFS r4 4-5_4-12_2-1,2021-04-19,21021902b_titr8_20210420-090429.csv,21021902b,sample,21021902,FALSE,2618.005004674961
4,NMFS r4 4-5_4-12_2-1,2021-04-19,21021903a_titr8_20210420-090429.csv,21021903a,sample,21021903,FALSE,2621.759249212696
4,NMFS r4 4-5_4-12_2-1,2021-04-19,21021903b_titr8_20210420-090429.csv,21021903b,sample,21021903,FALSE,2623.861642573161
4,NMFS r4 4-5_4-12_2-1,2021-04-19,21021904a_titr8_20210420-090429.csv,21021904a,sample,21021904,FALSE,2615.064219677395
4,NMFS r4 4-5_4-12_2-1,2021-04-19,21021904b_titr8_20210420-090429.csv,21021904b,sample,21021904,FALSE,2615.970562912019
4,NMFS r4 4-5_4-12_2-1,2021-04-19,21021905a_titr8_20210420-090429.csv,21021905a,sample,21021905,FALSE,2632.325642394053
4,NMFS r4 4-5_4-12_2-1,2021-04-19,21021905b_titr8_20210420-090429.csv,21021905b,sample,21021905,FALSE,2631.564260072984
4,NMFS r4 4-5_4-12_2-1,2021-04-19,21021906a_titr8_20210420-090429.csv,21021906a,sample,21021906,FALSE,2624.8181236076152
4,NMFS r4 4-5_4-12_2-1,2021-04-19,21021906b_titr8_20210420-090429.csv,21021906b,sample,21021906,FALSE,2620.452520897909
4,NMFS r4 4-5_4-12_2-1,2021-04-19,21021907a_titr8_20210420-090429.csv,21021907a,sample,21021907,FALSE,2612.800703255184
4,NMFS r4 4-5_4-12_2-1,2021-04-19,21021907b_titr8_20210420-090429.csv,21021907b,sample,21021907,FALSE,2612.558011790463
4,NMFS r4 4-5_4-12_2-1,2021-04-19,21021908a_titr8_20210420-090429.csv,21021908a,sample,21021908,FALSE,2620.012859183671
4,NMFS r4 4-5_4-12_2-1,2021-04-19,21021908b_titr8_20210420-090429.csv,21021908b,sample,21021908,FALSE,2622.2847752642474
4,NMFS r4 4-5_4-12_2-1,2021-04-19,21041901a_titr8_20210420-090429.csv,21041901a,sample,21041901,FALSE,2401.814469277852
4,NMFS r4 4-5_4-12_2-1,2021-04-19,21041901b_titr8_20210420-090429.csv,21041901b,sample,21041901,FALSE,2405.972790786273
4,NMFS r4 4-5_4-12_2-1,2021-04-19,21041902a_titr8_20210420-090429.csv,21041902a,sample,21041902,FALSE,2408.672825820711
4,NMFS r4 4-5_4-12_2-1,2021-04-19,21041902b_titr8_20210420-090429.csv,21041902b,sample,21041902,FALSE,2404.90367863691
4,NMFS r4 4-5_4-12_2-1,2021-04-19,21041903a_titr8_20210420-090428.csv,21041903a,sample,21041903,FALSE,2394.6099851448453
4,NMFS r4 4-5_4-12_2-1,2021-04-19,21041903b_titr8_20210420-090428.csv,21041903b,sample,21041903,FALSE,2392.2781663510245
4,NMFS r4 4-5_4-12_2-1,2021-04-19,21041904a_titr8_20210420-090428.csv,21041904a,sample,21041904,FALSE,2399.223205780552
4,NMFS r4 4-5_4-12_2-1,2021-04-19,21041904b_titr8_20210420-090428.csv,21041904b,sample,21041904,FALSE,2395.6074299417846
4,NMFS r4 4-5_4-12_2-1,2021-04-19,21041905a_titr8_20210420-090428.csv,21041905a,sample,21041905,FALSE,2403.1376750648387
4,NMFS r4 4-5_4-12_2-1,2021-04-19,21041905b_titr8_20210420-090428.csv,21041905b,sample,21041905,FALSE,2409.440570864057
4,NMFS r4 4-5_4-12_2-1,2021-04-19,w CRM 189 3_titr8_20210420-090428.csv,w CRM 189,CRM,,FALSE,2207.685838649128
4,NMFS r4 4-5_4-12_2-1,2021-04-19,w CRM 189 4_titr8_20210420-090428.csv,w CRM 189,CRM,,FALSE,2204.216719838071
5,NMFS r5 4-19_i3-29,2021-04-20,w CRM 189 1_titr8_20210421-082857.csv,w CRM 189,CRM,,FALSE,2199.900787789507
5,NMFS r5 4-19_i3-29,2021-04-20,w CRM 189 2_titr8_20210421-082857.csv,w CRM 189,CRM,,FALSE,2204.843617677037
5,NMFS r5 4-19_i3-29,2021-04-20,21041906a_titr8_20210421-082857.csv,21041906a,sample,21041906,FALSE,2436.747451373241
5,NMFS r5 4-19_i3-29,2021-04-20,21041906b_titr8_20210421-082857.csv,21041906b,sample,21041906,FALSE,2429.51745405502
5,NMFS r5 4-19_i3-29,2021-04-20,21041908a_titr8_20210421-082857.csv,21041908a,sample,21041908,FALSE,2432.6672658200946
5,NMFS r5 4-19_i3-29,2021-04-20,21041908b_titr8_20210421-082857.csv,21041908b,sample,21041908,FALSE,2431.5345794575605
5,NMFS r5 4-19_i3-29,2021-04-20,21041909a_titr8_20210421-082857.csv,21041909a,sample,21041909,FALSE,2403.0419511673445
5,NMFS r5 4-19_i3-29,2021-04-20,21041909b_titr8_20210421-082857.csv,21041909b,sample,21041909,FALSE,2407.055734467245
5,NMFS r5 4-19_i3-29,2021-04-20,21041910a_titr8_20210421-082856.csv,21041910a,sample,21041910,FALSE,2439.488381589081
5,NMFS r5 4-19_i3-29,2021-04-20,21041910b_titr8_20210421-082856.csv,21041910b,sample,21041910,FALSE,2439.6680897001866
5,NMFS r5 4-19_i3-29,2021-04-20,21041911a_titr8_20210421-082856.csv,21041911a,sample,21041911,FALSE,2397.561304816925
5,NMFS r5 4-19_i3-29,2021-04-20,21041911b_titr8_20210421-082856.csv,21041911b,sample,21041911,FALSE,2396.809532344509
5,NMFS r5 4-19_i3-29,2021-04-20,21041912a_titr8_20210421-082856.csv,21041912a,sample,21041912,FALSE,2398.6157404127057
5,NMFS r5 4-19_i3-29,2021-04-20,21041912b_titr8_20210421-082856.csv,21041912b,sample,21041912,FALSE,2399.844311825981
5,NMFS r5 4-19_i3-29,2021-04-20,N6422-T5a_titr8_20210421-082856.csv,N6422-T5a,sample,6422,FALSE,2439.646708076114
5,NMFS r5 4-19_i3-29,2021-04-20,N6422-T5b_titr8_20210421-082856.csv,N6422-T5b,sample,6422,FALSE,2440.1336477155446
5,NMFS r5 4-19_i3-29,2021-04-20,N6423-T6a_titr8_20210421-082856.csv,N6423-T6a,sample,6423,FALSE,2454.743495449519
5,NMFS r5 4-19_i3-29,2021-04-20,N6423-T6b_titr8_20210421-082856.csv,N6423-T6b,sample,6423,FALSE,2456.3191955754783
5,NMFS r5 4-19_i3-29,2021-04-20,N6424-T8a_titr8_20210421-082856.csv,N6424-T8a,sample,6424,FALSE,2443.0523581821667
5,NMFS r5 4-19_i3-29,2021-04-20,N6424-T8b_titr8_20210421-082856.csv,N6424-T8b,sample,6424,FALSE,2438.758065183953
5,NMFS r5 4-19_i3-29,2021-04-20,N6425-Eo 1-2a_titr8_20210421-082856.csv,N6425-Eo,sample,6425,FALSE,2444.0012847521302
5,NMFS r5 4-19_i3-29,2021-04-20,N6425-Eo 1-2b_titr8_20210421-082856.csv,N6425-Eo,sample,6425,FALSE,2442.3477914662417
5,NMFS r5 4-19_i3-29,2021-04-20,N6426-Es 1-2a_titr8_20210421-082856.csv,N6426-Es,sample,6426,FALSE,2426.5969963623465
5,NMFS r5 4-19_i3-29,2021-04-20,N6426-Es 1-2b_titr8_20210421-082856.csv,N6426-Es,sample,6426,FALSE,2430.751757595869
5,NMFS r5 4-19_i3-29,2021-04-20,N6427-Mo 1-2a_titr8_20210421-082856.csv,N6427-Mo,sample,6427,FALSE,2453.094105298494
5,NMFS r5 4-19_i3-29,2021-04-20,N6427-Mo 1-2b_titr8_20210421-082856.csv,N6427-Mo,sample,6427,FALSE,2454.051510731724
5,NMFS r5 4-19_i3-29,2021-04-20,N6428-Ms 1-2a_titr8_20210421-082855.csv,N6428-Ms,sample,6428,FALSE,2414.426763361993
5,NMFS r5 4-19_i3-29,2021-04-20,N6428-Ms 1-2b_titr8_20210421-082855.csv,N6428-Ms,sample,6428,FALSE,2417.33726865364
5,NMFS r5 4-19_i3-29,2021-04-20,N6429-Ro 1-2a_titr8_20210421-082855.csv,N6429-Ro,sample,6429,FALSE,2450.75222465371
5,NMFS r5 4-19_i3-29,2021-04-20,N6429-Ro 1-2b_titr8_20210421-082855.csv,N6429-Ro,sample,6429,FALSE,2452.634349474912
5,NMFS r5 4-19_i3-29,2021-04-20,N6430-Rs 1-2a_titr8_20210421-082855.csv,N6430-Rs,sample,6430,FALSE,2432.7093317104736
5,NMFS r5 4-19_i3-29,2021-04-20,N6430-Rs 1-2b_titr8_20210421-082855.csv,N6430-Rs,sample,6430,FALSE,2429.631203287913
5,NMFS r5 4-19_i3-29,2021-04-20,N6431-So 1-2a_titr8_20210421-082855.csv,N6431-So,sample,6431,FALSE,2443.103219319476
5,NMFS r5 4-19_i3-29,2021-04-20,N6431-So 1-2b_titr8_20210421-082855.csv,N6431-So,sample,6431,FALSE,2439.208524363655
5,NMFS r5 4-19_i3-29,2021-04-20,N6432-Ss 1-2a_titr8_20210421-082855.csv,N6432-Ss,sample,6432,FALSE,2432.376111836756
5,NMFS r5 4-19_i3-29,2021-04-20,N6432-Ss 1-2b_titr8_20210421-082855.csv,N6432-Ss,sample,6432,FALSE,2430.384626648102
5,NMFS r5 4-19_i3-29,2021-04-20,N6433-Eo 1-4a_titr8_20210421-082855.csv,N6433-Eo,sample,6433,FALSE,2418.1714202069948
5,NMFS r5 4-19_i3-29,2021-04-20,N6433-Eo 1-4b_titr8_20210421-082855.csv,N6433-Eo,sample,6433,FALSE,2416.180022598593
5,NMFS r5 4-19_i3-29,2021-04-20,N6434-Es 1-4a_titr8_20210421-082855.csv,N6434-Es,sample,6434,FALSE,2434.538214306231
5,NMFS r5 4-19_i3-29,2021-04-20,N6434-Es 1-4b_titr8_20210421-082855.csv,N6434-Es,sample,6434,FALSE,2433.513655619085
5,NMFS r5 4-19_i3-29,2021-04-20,N6435-Mo 1-4a_titr8_20210421-082855.csv,N6435-Mo,sample,6435,FALSE,2428.405057847652
5,NMFS r5 4-19_i3-29,2021-04-20,N6435-Mo 1-4b_titr8_20210421-082855.csv,N6435-Mo,sample,6435,FALSE,2420.665448551946
5,NMFS r5 4-19_i3-29,2021-04-20,N6436-Ms 1-4a_titr8_20210421-082855.csv,N6436-Ms,sample,6436,FALSE,2441.334051129876
5,NMFS r5 4-19_i3-29,2021-04-20,N6436-Ms 1-4b_titr8_20210421-082854.csv,N6436-Ms,sample,6436,FALSE,2436.688230700761
5,NMFS r5 4-19_i3-29,2021-04-20,N6437-Ro 1-4a_titr8_20210421-082854.csv,N6437-Ro,sample,6437,FALSE,2415.054139032228
5,NMFS r5 4-19_i3-29,2021-04-20,N6437-Ro 1-4b_titr8_20210421-082854.csv,N6437-Ro,sample,6437,FALSE,2417.077055679013
5,NMFS r5 4-19_i3-29,2021-04-20,w CRM 189 3_titr8_20210421-082854.csv,w CRM 189,CRM,,FALSE,2207.615536732734
5,NMFS r5 4-19_i3-29,2021-04-20,w CRM 189 4_titr8_20210421-082854.csv,w CRM 189,CRM,,FALSE,2208.680057800722
6,NMFS r6 i3-29_i3-30,2021-04-21,w CRM 189 1_titr8_20210422-144235.csv,w CRM 189,CRM,,FALSE,2207.3203638694126
6,NMFS r6 i3-29_i3-30,2021-04-21,w CRM 189 2_titr8_20210422-144235.csv,w CRM 189,CRM,,FALSE,2208.1025538823105
6,NMFS r6 i3-29_i3-30,2021-04-21,N6438-Rs 1-4a_titr8_20210422-144235.csv,N6438-Rs,sample,6438,FALSE,2434.032267819513
6,NMFS r6 i3-29_i3-30,2021-04-21,N6438-Rs 1-4b_titr8_20210422-144235.csv,N6438-Rs,sample,6438,FALSE,2439.900030885876
6,NMFS r6 i3-29_i3-30,2021-04-21,N6439-So 1-4a_titr8_20210422-144235.csv,N6439-So,sample,6439,FALSE,2416.0756936682246
6,NMFS r6 i3-29_i3-30,2021-04-21,N6439-So 1-4b_titr8_20210422-144235.csv,N6439-So,sample,6439,FALSE,2408.4277006790603
6,NMFS r6 i3-29_i3-30,2021-04-21,N6440-Ss 1-4a_titr8_20210422-144235.csv,N6440-Ss,sample,6440,FALSE,2434.3396878150943
6,NMFS r6 i3-29_i3-30,2021-04-21,N6440-Ss 1-4b_titr8_20210422-144235.csv,N6440-Ss,sample,6440,FALSE,2434.8885069200223
6,NMFS r6 i3-29_i3-30,2021-04-21,D6441-T2a_titr8_20210422-144235.csv,D6441-T2a,sample,6441,FALSE,2446.663412839558
6,NMFS r6 i3-29_i3-30,2021-04-21,D6441-T2b_titr8_20210422-144234.csv,D6441-T2b,sample,6441,FALSE,2439.268881266314
6,NMFS r6 i3-29_i3-30,2021-04-21,D6442-T5a_titr8_20210422-144234.csv,D6442-T5a,sample,6442,FALSE,2439.05462371263
6,NMFS r6 i3-29_i3-30,2021-04-21,D6442-T5b_titr8_20210422-144234.csv,D6442-T5b,sample,6442,FALSE,2438.451921424286
6,NMFS r6 i3-29_i3-30,2021-04-21,D6443-T6a_titr8_20210422-144234.csv,D6443-T6a,sample,6443,FALSE,2456.967523769216
6,NMFS r6 i3-29_i3-30,2021-04-21,D6443-T6b_titr8_20210422-144234.csv,D6443-T6b,sample,6443,FALSE,2448.962062975281
6,NMFS r6 i3-29_i3-30,2021-04-21,D6444-T8a_titr8_20210422-144234.csv,D6444-T8a,sample,6444,FALSE,2447.939279032066
6,NMFS r6 i3-29_i3-30,2021-04-21,D6444-T8b_titr8_20210422-144234.csv,D6444-T8b,sample,6444,FALSE,2439.9508359356187
6,NMFS r6 i3-29_i3-30,2021-04-21,D6445-CRo46a_titr8_20210422-144234.csv,D6445-CRo,sample,6445,FALSE,2439.5364669122155
6,NMFS r6 i3-29_i3-30,2021-04-21,D6445-CRo46b_titr8_20210422-144234.csv,D6445-CRo,sample,6445,FALSE,2441.8876267084474
6,NMFS r6 i3-29_i3-30,2021-04-21,D6446-CRo49a_titr8_20210422-144234.csv,D6446-CRo,sample,6446,FALSE,2373.7386213483687
6,NMFS r6 i3-29_i3-30,2021-04-21,D6446-CRo49b_titr8_20210422-144234.csv,D6446-CRo,sample,6446,FALSE,2374.3031611168235
6,NMFS r6 i3-29_i3-30,2021-04-21,D6447-Eo 5-2a_titr8_20210422-144234.csv,D6447-Eo,sample,6447,FALSE,2427.4922860338006
6,NMFS r6 i3-29_i3-30,2021-04-21,D6447-Eo 5-2b_titr8_20210422-144234.csv,D6447-Eo,sample,6447,FALSE,2431.3869424691097
6,NMFS r6 i3-29_i3-30,2021-04-21,D6448-Es 5-2a_titr8_20210422-144234.csv,D6448-Es,sample,6448,FALSE,2408.684127680636
6,NMFS r6 i3-29_i3-30,2021-04-21,D6448-Es 5-2b_titr8_20210422-144234.csv,D6448-Es,sample,6448,FALSE,2403.268638280551
6,NMFS r6 i3-29_i3-30,2021-04-21,D6449-Mo 5-2a_titr8_20210422-144234.csv,D6449-Mo,sample,6449,FALSE,2445.08246065698
6,NMFS r6 i3-29_i3-30,2021-04-21,D6449-Mo 5-2b_titr8_20210422-144234.csv,D6449-Mo,sample,6449,FALSE,2441.3516118528555
6,NMFS r6 i3-29_i3-30,2021-04-21,D6450-Ms 5-2a_titr8_20210422-144233.csv,D6450-Ms,sample,6450,FALSE,2373.045862069281
6,NMFS r6 i3-29_i3-30,2021-04-21,D6450-Ms 5-2b_titr8_20210422-144233.csv,D6450-Ms,sample,6450,FALSE,2379.7469885782048
6,NMFS r6 i3-29_i3-30,2021-04-21,D6451-Ro 5-2a_titr8_20210422-144233.csv,D6451-Ro,sample,6451,FALSE,2430.689767592518
6,NMFS r6 i3-29_i3-30,2021-04-21,D6451-Ro 5-2b_titr8_20210422-144233.csv,D6451-Ro,sample,6451,FALSE,2433.1824931275264
6,NMFS r6 i3-29_i3-30,2021-04-21,D6452-Rs 5-2a_titr8_20210422-144233.csv,D6452-Rs,sample,6452,FALSE,2380.281427761537
6,NMFS r6 i3-29_i3-30,2021-04-21,D6452-Rs 5-2b_titr8_20210422-144233.csv,D6452-Rs,sample,6452,FALSE,2380.001952455538
6,NMFS r6 i3-29_i3-30,2021-04-21,D6453-So 5-2a_titr8_20210422-144233.csv,D6453-So,sample,6453,FALSE,2419.394245206647
6,NMFS r6 i3-29_i3-30,2021-04-21,D6453-So 5-2b_titr8_20210422-144233.csv,D6453-So,sample,6453,FALSE,2420.9697808792444
6,NMFS r6 i3-29_i3-30,2021-04-21,D6454-Ss 5-2a_titr8_20210422-144233.csv,D6454-Ss,sample,6454,FALSE,2383.794691742885
6,NMFS r6 i3-29_i3-30,2021-04-21,D6454-Ss 5-2b_titr8_20210422-144233.csv,D6454-Ss,sample,6454,FALSE,2384.8879722682946
6,NMFS r6 i3-29_i3-30,2021-04-21,D6455-Eo 5-4a_titr8_20210422-144233.csv,D6455-Eo,sample,6455,FALSE,2394.8095598003088
6,NMFS r6 i3-29_i3-30,2021-04-21,D6455-Eo 5-4b_titr8_20210422-144233.csv,D6455-Eo,sample,6455,FALSE,2396.902560666719
6,NMFS r6 i3-29_i3-30,2021-04-21,D6456-Es 5-4a_titr8_20210422-144233.csv,D6456-Es,sample,6456,FALSE,2432.5076901745474
6,NMFS r6 i3-29_i3-30,2021-04-21,D6456-Es 5-4b_titr8_20210422-144233.csv,D6456-Es,sample,6456,FALSE,2427.2285259278315
6,NMFS r6 i3-29_i3-30,2021-04-21,D6457-Mo 5-4a_titr8_20210422-144233.csv,D6457-Mo,sample,6457,FALSE,2428.944019978669
6,NMFS r6 i3-29_i3-30,2021-04-21,D6457-Mo 5-4b_titr8_20210422-144233.csv,D6457-Mo,sample,6457,FALSE,2427.081378681493
6,NMFS r6 i3-29_i3-30,2021-04-21,D6458-Ms 5-4a_titr8_20210422-144232.csv,D6458-Ms,sample,6458,FALSE,2389.5593597315374
6,NMFS r6 i3-29_i3-30,2021-04-21,D6458-Ms 5-4b_titr8_20210422-144232.csv,D6458-Ms,sample,6458,FALSE,2395.0421484759304
6,NMFS r6 i3-29_i3-30,2021-04-21,D6459-Ro 5-4a_titr8_20210422-144232.csv,D6459-Ro,sample,6459,FALSE,2398.179481313965
6,NMFS r6 i3-29_i3-30,2021-04-21,D6459-Ro 5-4b_titr8_20210422-144232.csv,D6459-Ro,sample,6459,FALSE,2395.6345968748933
6,NMFS r6 i3-29_i3-30,2021-04-21,w CRM 189 3_titr8_20210422-144232.csv,w CRM 189,CRM,,FALSE,2203.1833720836203
6,NMFS r6 i3-29_i3-30,2021-04-21,w CRM 189 4_titr8_20210422-144232.csv,w CRM 189,CRM,,FALSE,2202.433710164657
7,NMFS r7 i3-30,2021-04-22,w CRM 189 1_titr8_20210426-082853.csv,w CRM 189,CRM,,FALSE,2209.923348434956
7,NMFS r7 i3-30,2021-04-22,w CRM 189 2_titr8_20210426-082853.csv,w CRM 189,CRM,,FALSE,2204.266182380936
7,NMFS r7 i3-30,2021-04-22,D6460-Rs 5-4a_titr8_20210426-082853.csv,D6460-Rs,sample,6460,FALSE,2412.4178990282367
7,NMFS r7 i3-30,2021-04-22,D6460-Rs 5-4b_titr8_20210426-082853.csv,D6460-Rs,sample,6460,FALSE,2415.8070356546905
7,NMFS r7 i3-30,2021-04-22,D6461-So 5-4a_titr8_20210426-082853.csv,D6461-So,sample,6461,FALSE,2381.6612311631816
7,NMFS r7 i3-30,2021-04-22,D6461-So 5-4b_titr8_20210426-082853.csv,D6461-So,sample,6461,FALSE,2387.4061700690027
7,NMFS r7 i3-30,2021-04-22,D6462-Ss 5-4a_titr8_20210426-082852.csv,D6462-Ss,sample,6462,FALSE,2406.009454236392
7,NMFS r7 i3-30,2021-04-22,D6462-Ss 5-4b_titr8_20210426-082852.csv,D6462-Ss,sample,6462,FALSE,2402.072431557993
7,NMFS r7 i3-30,2021-04-22,N6463-Eo 2-2a_titr8_20210426-082852.csv,N6463-Eo,sample,6463,FALSE,2452.9563451124
7,NMFS r7 i3-30,2021-04-22,N6463-Eo 2-2b_titr8_20210426-082852.csv,N6463-Eo,sample,6463,FALSE,2448.938098918161
7,NMFS r7 i3-30,2021-04-22,N6464-Es 2-2a_titr8_20210426-082852.csv,N6464-Es,sample,6464,FALSE,2430.453933464672
7,NMFS r7 i3-30,2021-04-22,N6464-Es 2-2b_titr8_20210426-082852.csv,N6464-Es,sample,6464,FALSE,2422.5444625096893
7,NMFS r7 i3-30,2021-04-22,N6465-Mo 2-2a_titr8_20210426-082852.csv,N6465-Mo,sample,6465,FALSE,2449.9741481451083
7,NMFS r7 i3-30,2021-04-22,N6465-Mo 2-2b_titr8_20210426-082852.csv,N6465-Mo,sample,6465,FALSE,2450.696110188139
7,NMFS r7 i3-30,2021-04-22,N6466-Ms 2-2a_titr8_20210426-082852.csv,N6466-Ms,sample,6466,FALSE,2419.351749233178
7,NMFS r7 i3-30,2021-04-22,N6466-Ms 2-2b_titr8_20210426-082852.csv,N6466-Ms,sample,6466,FALSE,2421.8321559861643
7,NMFS r7 i3-30,2021-04-22,N6467-Ro 2-2a_titr8_20210426-082852.csv,N6467-Ro,sample,6467,FALSE,2449.954791186099
7,NMFS r7 i3-30,2021-04-22,N6467-Ro 2-2b_titr8_20210426-082852.csv,N6467-Ro,sample,6467,FALSE,2456.7561543578245
7,NMFS r7 i3-30,2021-04-22,N6468-Rs 2-2a_titr8_20210426-082852.csv,N6468-Rs,sample,6468,FALSE,2438.12876219167
7,NMFS r7 i3-30,2021-04-22,N6468-Rs 2-2b_titr8_20210426-082852.csv,N6468-Rs,sample,6468,FALSE,2431.057894553745
7,NMFS r7 i3-30,2021-04-22,N6469-So 2-2a_titr8_20210426-082852.csv,N6469-So,sample,6469,FALSE,2456.292709581556
7,NMFS r7 i3-30,2021-04-22,N6469-So 2-2b_titr8_20210426-082852.csv,N6469-So,sample,6469,FALSE,2454.903596052688
7,NMFS r7 i3-30,2021-04-22,N6470-Ss 2-2a_titr8_20210426-082852.csv,N6470-Ss,sample,6470,FALSE,2413.876517513546
7,NMFS r7 i3-30,2021-04-22,N6470-Ss 2-2b_titr8_20210426-082852.csv,N6470-Ss,sample,6470,FALSE,2419.620861699397
7,NMFS r7 i3-30,2021-04-22,N6471-Eo 2-4a_titr8_20210426-082851.csv,N6471-Eo,sample,6471,FALSE,2426.647480379588
7,NMFS r7 i3-30,2021-04-22,N6471-Eo 2-4b_titr8_20210426-082851.csv,N6471-Eo,sample,6471,FALSE,2429.458565995641
7,NMFS r7 i3-30,2021-04-22,N6472-Es 2-4a_titr8_20210426-082851.csv,N6472-Es,sample,6472,FALSE,2432.517669998995
7,NMFS r7 i3-30,2021-04-22,N6472-Es 2-4b_titr8_20210426-082851.csv,N6472-Es,sample,6472,FALSE,2433.587182584229
7,NMFS r7 i3-30,2021-04-22,N6473-Mo 2-4a_titr8_20210426-082851.csv,N6473-Mo,sample,6473,FALSE,2442.7410664354898
7,NMFS r7 i3-30,2021-04-22,N6473-Mo 2-4b_titr8_20210426-082851.csv,N6473-Mo,sample,6473,FALSE,2438.7859456780184
7,NMFS r7 i3-30,2021-04-22,N6474-Ms 2-4a_titr8_20210426-082851.csv,N6474-Ms,sample,6474,FALSE,2429.1255530526946
7,NMFS r7 i3-30,2021-04-22,N6474-Ms 2-4b_titr8_20210426-082851.csv,N6474-Ms,sample,6474,FALSE,2425.715672907302
7,NMFS r7 i3-30,2021-04-22,N6475-Ro 2-4a_titr8_20210426-082851.csv,N6475-Ro,sample,6475,FALSE,2432.737808227723
7,NMFS r7 i3-30,2021-04-22,N6475-Ro 2-4b_titr8_20210426-082851.csv,N6475-Ro,sample,6475,FALSE,2434.438893260616
7,NMFS r7 i3-30,2021-04-22,N6476-Rs 2-4a_titr8_20210426-082851.csv,N6476-Rs,sample,6476,FALSE,2447.067308133958
7,NMFS r7 i3-30,2021-04-22,N6476-Rs 2-4b_titr8_20210426-082851.csv,N6476-Rs,sample,6476,FALSE,2445.676196525192
7,NMFS r7 i3-30,2021-04-22,N6477-So 2-4a_titr8_20210426-082851.csv,N6477-So,sample,6477,FALSE,2439.2871333323537
7,NMFS r7 i3-30,2021-04-22,N6477-So 2-4b_titr8_20210426-082851.csv,N6477-So,sample,6477,FALSE,2436.8843436953925
7,NMFS r7 i3-30,2021-04-22,N6478-Ss 2-4a_titr8_20210426-082851.csv,N6478-Ss,sample,6478,FALSE,2433.50905026823
7,NMFS r7 i3-30,2021-04-22,N6478-Ss 2-4b_titr8_20210426-082851.csv,N6478-Ss,sample,6478,FALSE,2429.803053338002
7,NMFS r7 i3-30,2021-04-22,N6479-T2a_titr8_20210426-082851.csv,N6479-T2a,sample,6479,FALSE,2450.9616431345416
7,NMFS r7 i3-30,2021-04-22,N6479-T2b_titr8_20210426-082850.csv,N6479-T2b,sample,6479,FALSE,2446.9375415806026
7,NMFS r7 i3-30,2021-04-22,N6480-T5a_titr8_20210426-082850.csv,N6480-T5a,sample,6480,FALSE,2441.386885704833
7,NMFS r7 i3-30,2021-04-22,N6480-T5b_titr8_20210426-082850.csv,N6480-T5b,sample,6480,FALSE,2440.3574500775467
7,NMFS r7 i3-30,2021-04-22,N6481-T6a_titr8_20210426-082850.csv,N6481-T6a,sample,6481,FALSE,2456.436097574214
7,NMFS r7 i3-30,2021-04-22,N6481-T6b_titr8_20210426-082850.csv,N6481-T6b,sample,6481,FALSE,2458.935596966223
7,NMFS r7 i3-30,2021-04-22,w CRM 189 3_titr8_20210426-082850.csv,w CRM 189,CRM,,FALSE,2206.842010294848
7,NMFS r7 i3-30,2021-04-22,w CRM 189 4_titr8_20210426-082850.csv,w CRM 189,CRM,,FALSE,2200.0084588892632
8,NMFS r8 i3-30_i3-31,2021-04-26,w CRM 189 1_titr8_20210427-084006.csv,w CRM 189,CRM,,FALSE,2199.532646936445
8,NMFS r8 i3-30_i3-31,2021-04-26,w CRM 189 2_titr8_20210427-084006.csv,w CRM 189,CRM,,FALSE,2201.973113624068
8,NMFS r8 i3-30_i3-31,2021-04-26,N6482-T8a_titr8_20210427-084006.csv,N6482-T8a,sample,6482,FALSE,2444.622094035955
8,NMFS r8 i3-30_i3-31,2021-04-26,N6482-T8b_titr8_20210427-084006.csv,N6482-T8b,sample,6482,FALSE,2449.653885843345
8,NMFS r8 i3-30_i3-31,2021-04-26,N6483-Ao74a_titr8_20210427-084006.csv,N6483-Ao7,sample,6483,FALSE,2447.688669281768
8,NMFS r8 i3-30_i3-31,2021-04-26,N6483-Ao74b_titr8_20210427-084005.csv,N6483-Ao7,sample,6483,FALSE,2449.3213195788267
8,NMFS r8 i3-30_i3-31,2021-04-26,N6484-CRo52a_titr8_20210427-084005.csv,N6484-CRo,sample,6484,FALSE,2458.1886059524336
8,NMFS r8 i3-30_i3-31,2021-04-26,N6484-CRo52b_titr8_20210427-084005.csv,N6484-CRo,sample,6484,FALSE,2460.6090366052003
8,NMFS r8 i3-30_i3-31,2021-04-26,D6485-Eo 1-2a_titr8_20210427-084005.csv,D6485-Eo,sample,6485,FALSE,2438.7189864092475
8,NMFS r8 i3-30_i3-31,2021-04-26,D6485-Eo 1-2b_titr8_20210427-084005.csv,D6485-Eo,sample,6485,FALSE,2430.5059494272477
8,NMFS r8 i3-30_i3-31,2021-04-26,D6486-Es 1-2a_titr8_20210427-084005.csv,D6486-Es,sample,6486,FALSE,2408.2849635844163
8,NMFS r8 i3-30_i3-31,2021-04-26,D6486-Es 1-2b_titr8_20210427-084005.csv,D6486-Es,sample,6486,FALSE,2405.412297075984
8,NMFS r8 i3-30_i3-31,2021-04-26,D64687Mo 1-2a_titr8_20210427-084005.csv,D64687Mo,sample,6487,FALSE,2448.339983112417
8,NMFS r8 i3-30_i3-31,2021-04-26,D64687Mo 1-2b_titr8_20210427-084005.csv,D64687Mo,sample,6487,FALSE,2449.776890788756
8,NMFS r8 i3-30_i3-31,2021-04-26,D6488-Ms 1-2a_titr8_20210427-084005.csv,D6488-Ms,sample,6488,FALSE,2391.198086313831
8,NMFS r8 i3-30_i3-31,2021-04-26,D6488-Ms 1-2b_titr8_20210427-084005.csv,D6488-Ms,sample,6488,FALSE,2388.2551201954457
8,NMFS r8 i3-30_i3-31,2021-04-26,D6489-Ro 1-2a_titr8_20210427-084005.csv,D6489-Ro,sample,6489,FALSE,2449.4711252749125
8,NMFS r8 i3-30_i3-31,2021-04-26,D6489-Ro 1-2b_titr8_20210427-084005.csv,D6489-Ro,sample,6489,FALSE,2452.392644054668
8,NMFS r8 i3-30_i3-31,2021-04-26,D6490-Rs 1-2a_titr8_20210427-084005.csv,D6490-Rs,sample,6490,FALSE,2402.9554358197424
8,NMFS r8 i3-30_i3-31,2021-04-26,D6490-Rs 1-2b_titr8_20210427-084005.csv,D6490-Rs,sample,6490,FALSE,2399.771475195096
8,NMFS r8 i3-30_i3-31,2021-04-26,D6491-So 1-2a_titr8_20210603-100320.csv,D6491-So,sample,6491,FALSE,2439.5435530503173
8,NMFS r8 i3-30_i3-31,2021-04-26,D6491-So 1-2b_titr8_20210603-100320_1.csv,D6491-So,sample,6491,FALSE,2444.0518283359734
8,NMFS r8 i3-30_i3-31,2021-04-26,D6492-Ss 1-2a_titr8_20210603-100320.csv,D6492-Ss,sample,6492,FALSE,2392.454426555218
8,NMFS r8 i3-30_i3-31,2021-04-26,D6492-Ss 1-2b_titr8_20210603-100320.csv,D6492-Ss,sample,6492,FALSE,2398.2891017415955
8,NMFS r8 i3-30_i3-31,2021-04-26,D6493-Eo 1-4a_titr8_20210427-084004.csv,D6493-Eo,sample,6493,FALSE,2413.08677766175
8,NMFS r8 i3-30_i3-31,2021-04-26,D6493-Eo 1-4b_titr8_20210427-084004.csv,D6493-Eo,sample,6493,FALSE,2419.066204258293
8,NMFS r8 i3-30_i3-31,2021-04-26,D6494-Es 1-4a_titr8_20210427-084004.csv,D6494-Es,sample,6494,FALSE,2414.4467307418176
8,NMFS r8 i3-30_i3-31,2021-04-26,D6494-Es 1-4b_titr8_20210427-084004.csv,D6494-Es,sample,6494,FALSE,2417.237162237902
8,NMFS r8 i3-30_i3-31,2021-04-26,D6495-Mo 1-4a_titr8_20210427-084004.csv,D6495-Mo,sample,6495,FALSE,2441.1843443962503
8,NMFS r8 i3-30_i3-31,2021-04-26,D6495-Mo 1-4b_titr8_20210427-084004.csv,D6495-Mo,sample,6495,FALSE,2443.200193207773
8,NMFS r8 i3-30_i3-31,2021-04-26,D6496-Ms 1-4a_titr8_20210427-084004.csv,D6496-Ms,sample,6496,FALSE,2396.2361344372507
8,NMFS r8 i3-30_i3-31,2021-04-26,D6496-Ms 1-4b_titr8_20210427-084004.csv,D6496-Ms,sample,6496,FALSE,2402.325957890881
8,NMFS r8 i3-30_i3-31,2021-04-26,D6497-Ro 1-4a_titr8_20210427-084004.csv,D6497-Ro,sample,6497,FALSE,2431.1410446766577
8,NMFS r8 i3-30_i3-31,2021-04-26,D6497-Ro 1-4b_titr8_20210427-084004.csv,D6497-Ro,sample,6497,FALSE,2431.2836170337487
8,NMFS r8 i3-30_i3-31,2021-04-26,D6498-Rs 1-4a_titr8_20210427-084004.csv,D6498-Rs,sample,6498,FALSE,2413.615686236947
8,NMFS r8 i3-30_i3-31,2021-04-26,D6498-Rs 1-4b_titr8_20210427-084004.csv,D6498-Rs,sample,6498,FALSE,2417.6390140299154
8,NMFS r8 i3-30_i3-31,2021-04-26,D6499-So 1-4a_titr8_20210427-084004.csv,D6499-So,sample,6499,FALSE,2438.2519795385547
8,NMFS r8 i3-30_i3-31,2021-04-26,D6499-So 1-4b_titr8_20210427-084004.csv,D6499-So,sample,6499,FALSE,2433.1548956446663
8,NMFS r8 i3-30_i3-31,2021-04-26,D6500-Ss 1-4a_titr8_20210427-084004.csv,D6500-Ss,sample,6500,FALSE,2423.0717929078446
8,NMFS r8 i3-30_i3-31,2021-04-26,D6500-Ss 1-4b_titr8_20210427-084004.csv,D6500-Ss,sample,6500,FALSE,2425.4625782131848
8,NMFS r8 i3-30_i3-31,2021-04-26,DF6501-T2a_titr8_20210427-084004.csv,DF6501-T2,sample,6501,FALSE,2452.1594825773604
8,NMFS r8 i3-30_i3-31,2021-04-26,DF6501-T2b_titr8_20210427-084003.csv,DF6501-T2,sample,6501,FALSE,2446.4453480375337
8,NMFS r8 i3-30_i3-31,2021-04-26,D6502-T5a_titr8_20210427-084003.csv,D6502-T5a,sample,6502,FALSE,2450.923984254943
8,NMFS r8 i3-30_i3-31,2021-04-26,D6502-T5b_titr8_20210427-084003.csv,D6502-T5b,sample,6502,FALSE,2444.4435750948123
8,NMFS r8 i3-30_i3-31,2021-04-26,D6503-T6a_titr8_20210427-084003.csv,D6503-T6a,sample,6503,FALSE,2454.0551586870592
8,NMFS r8 i3-30_i3-31,2021-04-26,D6503-T6b_titr8_20210427-084003.csv,D6503-T6b,sample,6503,FALSE,2460.954938671701
8,NMFS r8 i3-30_i3-31,2021-04-26,w CRM 189 3_titr8_20210427-084003.csv,w CRM 189,CRM,,FALSE,2209.7275879984595
8,NMFS r8 i3-30_i3-31,2021-04-26,w CRM 189 4_titr8_20210427-084003.csv,w CRM 189,CRM,,FALSE,2209.8066514410284
9,NMFS r9 i3-31,2021-04-27,w CRM 189 1_titr8_20210429-082029.csv,w CRM 189,CRM,,FALSE,2198.233770900067
9,NMFS r9 i3-31,2021-04-27,w CRM 189 2_titr8_20210429-082029.csv,w CRM 189,CRM,,FALSE,2206.1046351972564
9,NMFS r9 i3-31,2021-04-27,D6504-T8a_titr8_20210429-082029.csv,D6504-T8a,sample,6504,FALSE,2447.007847062957
9,NMFS r9 i3-31,2021-04-27,D6504-T8b_titr8_20210429-082029.csv,D6504-T8b,sample,6504,FALSE,2454.343079113103
9,NMFS r9 i3-31,2021-04-27,N6505-Eo 3-2a_titr8_20210429-082029.csv,N6505-Eo,sample,6505,FALSE,2451.050228896785
9,NMFS r9 i3-31,2021-04-27,N6505-Eo 3-2b_titr8_20210429-082029.csv,N6505-Eo,sample,6505,FALSE,2460.4872294937168
9,NMFS r9 i3-31,2021-04-27,N6506-Es 3-2a_titr8_20210429-082029.csv,N6506-Es,sample,6506,FALSE,2441.1956934489745
9,NMFS r9 i3-31,2021-04-27,N6506-Es 3-2b_titr8_20210429-082029.csv,N6506-Es,sample,6506,FALSE,2436.265507051201
9,NMFS r9 i3-31,2021-04-27,N6507-Mo 3-2a_titr8_20210429-082029.csv,N6507-Mo,sample,6507,FALSE,2451.004471006868
9,NMFS r9 i3-31,2021-04-27,N6507-Mo 3-2b_titr8_20210429-082029.csv,N6507-Mo,sample,6507,FALSE,2451.821426853838
9,NMFS r9 i3-31,2021-04-27,N6508-Ms 3-2a_titr8_20210429-082029.csv,N6508-Ms,sample,6508,FALSE,2428.712213741052
9,NMFS r9 i3-31,2021-04-27,N6508-Ms 3-2b_titr8_20210429-082029.csv,N6508-Ms,sample,6508,FALSE,2433.391433483529
9,NMFS r9 i3-31,2021-04-27,N6509-Ro 3-2a_titr8_20210429-082029.csv,N6509-Ro,sample,6509,FALSE,2444.5906293223325
9,NMFS r9 i3-31,2021-04-27,N6509-Ro 3-2b_titr8_20210429-082029.csv,N6509-Ro,sample,6509,FALSE,2444.773457658313
9,NMFS r9 i3-31,2021-04-27,N6510-Rs 3-2a_titr8_20210429-082029.csv,N6510-Rs,sample,6510,FALSE,2438.6630985486163
9,NMFS r9 i3-31,2021-04-27,N6510-Rs 3-2b_titr8_20210429-082028.csv,N6510-Rs,sample,6510,FALSE,2438.434160891705
9,NMFS r9 i3-31,2021-04-27,N6511-So 3-2a_titr8_20210429-082028.csv,N6511-So,sample,6511,FALSE,2450.021241133408
9,NMFS r9 i3-31,2021-04-27,N6511-So 3-2b_titr8_20210429-082028.csv,N6511-So,sample,6511,FALSE,2452.042853093869
9,NMFS r9 i3-31,2021-04-27,N6512-Ss 3-2a_titr8_20210429-082028.csv,N6512-Ss,sample,6512,FALSE,2437.4723885201875
9,NMFS r9 i3-31,2021-04-27,N6512-Ss 3-2b_titr8_20210429-082028.csv,N6512-Ss,sample,6512,FALSE,2438.4513181355537
9,NMFS r9 i3-31,2021-04-27,N6513-Eo 3-4a_titr8_20210429-082028.csv,N6513-Eo,sample,6513,FALSE,2449.030349390172
9,NMFS r9 i3-31,2021-04-27,N6513-Eo 3-4b_titr8_20210429-082028.csv,N6513-Eo,sample,6513,FALSE,2447.720459336691
9,NMFS r9 i3-31,2021-04-27,N6514-Es 3-4a_titr8_20210429-082028.csv,N6514-Es,sample,6514,FALSE,2439.248516373728
9,NMFS r9 i3-31,2021-04-27,N6514-Es 3-4b_titr8_20210429-082028.csv,N6514-Es,sample,6514,FALSE,2438.1440225903525
9,NMFS r9 i3-31,2021-04-27,N6515-Mo 3-4a_titr8_20210429-082028.csv,N6515-Mo,sample,6515,FALSE,2433.548743212208
9,NMFS r9 i3-31,2021-04-27,N6515-Mo 3-4b_titr8_20210429-082028.csv,N6515-Mo,sample,6515,FALSE,2437.67680235535
9,NMFS r9 i3-31,2021-04-27,N6516-Ms 3-4a_titr8_20210429-082028.csv,N6516-Ms,sample,6516,FALSE,2438.401838220681
9,NMFS r9 i3-31,2021-04-27,N6516-Ms 3-4b_titr8_20210429-082028.csv,N6516-Ms,sample,6516,FALSE,2442.1725582667864
9,NMFS r9 i3-31,2021-04-27,N6517-Ro 3-4a_titr8_20210429-082028.csv,N6517-Ro,sample,6517,FALSE,2431.043958518831
9,NMFS r9 i3-31,2021-04-27,N6517-Ro 3-4b_titr8_20210429-082028.csv,N6517-Ro,sample,6517,FALSE,2429.3260323568943
9,NMFS r9 i3-31,2021-04-27,N6518-Rs 3-4a_titr8_20210429-082028.csv,N6518-Rs,sample,6518,FALSE,2443.223798462324
9,NMFS r9 i3-31,2021-04-27,N6518-Rs 3-4b_titr8_20210429-082027.csv,N6518-Rs,sample,6518,FALSE,2443.7292314868787
9,NMFS r9 i3-31,2021-04-27,N6519-So 3-4a_titr8_20210429-082027.csv,N6519-So,sample,6519,FALSE,2435.4601955845706
9,NMFS r9 i3-31,2021-04-27,N6519-So 3-4b_titr8_20210429-082027.csv,N6519-So,sample,6519,FALSE,2441.256653817899
9,NMFS r9 i3-31,2021-04-27,N6520-Ss 3-4a_titr8_20210429-082027.csv,N6520-Ss,sample,6520,FALSE,2438.8862853120654
9,NMFS r9 i3-31,2021-04-27,N6520-Ss 3-4b_titr8_20210429-082027.csv,N6520-Ss,sample,6520,FALSE,2440.6021848510622
9,NMFS r9 i3-31,2021-04-27,N6521-T2a_titr8_20210429-082027.csv,N6521-T2a,sample,6521,FALSE,2453.770827039014
9,NMFS r9 i3-31,2021-04-27,N6521-T2b_titr8_20210429-082027.csv,N6521-T2b,sample,6521,FALSE,2456.282285553308
9,NMFS r9 i3-31,2021-04-27,N6522-T5a_titr8_20210429-082027.csv,N6522-T5a,sample,6522,FALSE,2447.663492706159
9,NMFS r9 i3-31,2021-04-27,N6522-T5b_titr8_20210429-082027.csv,N6522-T5b,sample,6522,FALSE,2446.1934500379707
9,NMFS r9 i3-31,2021-04-27,N6523-T6a_titr8_20210429-082027.csv,N6523-T6a,sample,6523,FALSE,2472.515838454569
9,NMFS r9 i3-31,2021-04-27,N6523-T6b_titr8_20210429-082027.csv,N6523-T6b,sample,6523,FALSE,2471.246005922768
9,NMFS r9 i3-31,2021-04-27,N6524-T8a_titr8_20210429-082027.csv,N6524-T8a,sample,6524,FALSE,2453.334118426392
9,NMFS r9 i3-31,2021-04-27,N6524-T8b_titr8_20210429-082027.csv,N6524-T8b,sample,6524,FALSE,2455.4390386244745
9,NMFS r9 i3-31,2021-04-27,N6525-A138a_titr8_20210429-082027.csv,N6525-A13,sample,6525,FALSE,2460.1181999822466
9,NMFS r9 i3-31,2021-04-27,N6525-A138b_titr8_20210429-082027.csv,N6525-A13,sample,6525,FALSE,2459.577921393734
9,NMFS r9 i3-31,2021-04-27,w CRM 189 3_titr8_20210429-082027.csv,w CRM 189,CRM,,FALSE,2207.343239266828
9,NMFS r9 i3-31,2021-04-27,w CRM 189 4_titr8_20210429-082027.csv,w CRM 189,CRM,,FALSE,2209.3583546358486
10,NMFS r10 i4-1,2021-04-29,w CRM 189 1_titr8_20210503-095224.csv,w CRM 189,CRM,,FALSE,2202.305863605894
10,NMFS r10 i4-1,2021-04-29,w CRM 189 2_titr8_20210503-095224.csv,w CRM 189,CRM,,FALSE,2203.561743660327
10,NMFS r10 i4-1,2021-04-29,N6526-A144a_titr8_20210503-095224.csv,N6526-A14,sample,6526,FALSE,2454.386979904556
10,NMFS r10 i4-1,2021-04-29,N6526-A144b_titr8_20210503-095224.csv,N6526-A14,sample,6526,FALSE,2457.6389446747444
10,NMFS r10 i4-1,2021-04-29,D6527-Eo 2-2a_titr8_20210503-095224.csv,D6527-Eo,sample,6527,FALSE,2460.3777406897675
10,NMFS r10 i4-1,2021-04-29,D6527-Eo 2-2b_titr8_20210503-095224.csv,D6527-Eo,sample,6527,FALSE,2461.766232395395
10,NMFS r10 i4-1,2021-04-29,D6528-Es 2-2a_titr8_20210503-095224.csv,D6528-Es,sample,6528,FALSE,2407.9943233701697
10,NMFS r10 i4-1,2021-04-29,D6528-Es 2-2b_titr8_20210503-095224.csv,D6528-Es,sample,6528,FALSE,2408.693592373207
10,NMFS r10 i4-1,2021-04-29,D6529-Mo 2-2a_titr8_20210503-095223.csv,D6529-Mo,sample,6529,FALSE,2454.604242100907
10,NMFS r10 i4-1,2021-04-29,D6529-Mo 2-2b_titr8_20210503-095223.csv,D6529-Mo,sample,6529,FALSE,2456.669117323678
10,NMFS r10 i4-1,2021-04-29,D6530-Ms 2-2a_titr8_20210503-095223.csv,D6530-Ms,sample,6530,FALSE,2413.195988019945
10,NMFS r10 i4-1,2021-04-29,D6530-Ms 2-2b_titr8_20210503-095223.csv,D6530-Ms,sample,6530,FALSE,2408.6257691767514
10,NMFS r10 i4-1,2021-04-29,D6531-Ro 2-2a_titr8_20210503-095223.csv,D6531-Ro,sample,6531,FALSE,2458.9025471428363
10,NMFS r10 i4-1,2021-04-29,D6531-Ro 2-2b_titr8_20210503-095223.csv,D6531-Ro,sample,6531,FALSE,2459.0498883907494
10,NMFS r10 i4-1,2021-04-29,D6532-Rs 2-2a_titr8_20210503-095223.csv,D6532-Rs,sample,6532,FALSE,2428.2328561549407
10,NMFS r10 i4-1,2021-04-29,D6532-Rs 2-2b_titr8_20210503-095223.csv,D6532-Rs,sample,6532,FALSE,2421.925942359902
10,NMFS r10 i4-1,2021-04-29,D6533-So 2-2a_titr8_20210503-095223.csv,D6533-So,sample,6533,FALSE,2457.010232234504
10,NMFS r10 i4-1,2021-04-29,D6533-So 2-2b_titr8_20210503-095223.csv,D6533-So,sample,6533,FALSE,2452.039860462701
10,NMFS r10 i4-1,2021-04-29,D6534-Ss 2-2a_titr8_20210503-095223.csv,D6534-Ss,sample,6534,FALSE,2391.3119776817625
10,NMFS r10 i4-1,2021-04-29,D6534-Ss 2-2b_titr8_20210503-095223.csv,D6534-Ss,sample,6534,FALSE,2384.9717031168407
10,NMFS r10 i4-1,2021-04-29,D6535-Eo 2-4a_titr8_20210503-095223.csv,D6535-Eo,sample,6535,FALSE,2423.9047895375093
10,NMFS r10 i4-1,2021-04-29,D6535-Eo 2-4b_titr8_20210503-095223.csv,D6535-Eo,sample,6535,FALSE,2422.476187870663
10,NMFS r10 i4-1,2021-04-29,D6536-Es 2-4a_titr8_20210503-095223.csv,D6536-Es,sample,6536,FALSE,2411.4325557142715
10,NMFS r10 i4-1,2021-04-29,D6536-Es 2-4b_titr8_20210503-095223.csv,D6536-Es,sample,6536,FALSE,2412.3727057143533
10,NMFS r10 i4-1,2021-04-29,D6537-Mo 2-4a_titr8_20210503-095223.csv,D6537-Mo,sample,6537,FALSE,2457.7836828235704
10,NMFS r10 i4-1,2021-04-29,D6537-Mo 2-4b_titr8_20210503-095223.csv,D6537-Mo,sample,6537,FALSE,2459.0827617814243
10,NMFS r10 i4-1,2021-04-29,D6538-Ms 2-4a_titr8_20210503-095222.csv,D6538-Ms,sample,6538,FALSE,2407.776842190073
10,NMFS r10 i4-1,2021-04-29,D6538-Ms 2-4b_titr8_20210503-095222.csv,D6538-Ms,sample,6538,FALSE,2414.692538658526
10,NMFS r10 i4-1,2021-04-29,D6539-Ro 2-4a_titr8_20210503-095222.csv,D6539-Ro,sample,6539,FALSE,2445.245883020946
10,NMFS r10 i4-1,2021-04-29,D6539-Ro 2-4b_titr8_20210503-095222.csv,D6539-Ro,sample,6539,FALSE,2451.240521502943
10,NMFS r10 i4-1,2021-04-29,D6541-Rs 2-4a_titr8_20210503-095222.csv,D6541-Rs,sample,6541,FALSE,2429.485239917302
10,NMFS r10 i4-1,2021-04-29,D6541-Rs 2-4b_titr8_20210503-095222.csv,D6541-Rs,sample,6541,FALSE,2432.044264876195
10,NMFS r10 i4-1,2021-04-29,D6542-So 2-4a_titr8_20210503-095222.csv,D6542-So,sample,6542,FALSE,2447.8146185052096
10,NMFS r10 i4-1,2021-04-29,D6542-So 2-4b_titr8_20210503-095222.csv,D6542-So,sample,6542,FALSE,2452.1811678661816
10,NMFS r10 i4-1,2021-04-29,D6543-Ss 2-4a_titr8_20210503-095222.csv,D6543-Ss,sample,6543,FALSE,2435.630846916433
10,NMFS r10 i4-1,2021-04-29,D6543-Ss 2-4b_titr8_20210503-095222.csv,D6543-Ss,sample,6543,FALSE,2431.565155392911
10,NMFS r10 i4-1,2021-04-29,D6544-T2a_titr8_20210503-095222.csv,D6544-T2a,sample,6544,FALSE,2468.4624779530354
10,NMFS r10 i4-1,2021-04-29,D6544-T2b_titr8_20210503-095222.csv,D6544-T2b,sample,6544,FALSE,2467.055809473539
10,NMFS r10 i4-1,2021-04-29,D6545-T5a_titr8_20210503-095222.csv,D6545-T5a,sample,6545,FALSE,2461.4258541683494
10,NMFS r10 i4-1,2021-04-29,D6545-T5b_titr8_20210503-095222.csv,D6545-T5b,sample,6545,FALSE,2454.419232279789
10,NMFS r10 i4-1,2021-04-29,D6546-T6a_titr8_20210503-095222.csv,D6546-T6a,sample,6546,FALSE,2471.529784399093
10,NMFS r10 i4-1,2021-04-29,D6546-T6b_titr8_20210503-095222.csv,D6546-T6b,sample,6546,FALSE,2467.463624587253
10,NMFS r10 i4-1,2021-04-29,D6547-T8a_titr8_20210503-095222.csv,D6547-T8a,sample,6547,FALSE,2464.359857909069
10,NMFS r10 i4-1,2021-04-29,D6547-T8b_titr8_20210503-095221.csv,D6547-T8b,sample,6547,FALSE,2461.262403577723
10,NMFS r10 i4-1,2021-04-29,D6548-Ao74a_titr8_20210503-095221.csv,D6548-Ao7,sample,6548,FALSE,2453.8229799685914
10,NMFS r10 i4-1,2021-04-29,D6548-Ao74b_titr8_20210503-095221.csv,D6548-Ao7,sample,6548,FALSE,2459.95251580679
10,NMFS r10 i4-1,2021-04-29,w CRM 189 3_titr8_20210503-095221.csv,w CRM 189,CRM,,FALSE,2208.511990924276
10,NMFS r10 i4-1,2021-04-29,w CRM 189 4_titr8_20210503-095221.csv,w CRM 189,CRM,,FALSE,2206.660401809504
11,NMFS  r11 4-1_i4-2,2021-05-03,w CRM 189 1_titr8_20210504-082805.csv,w CRM 189,CRM,,FALSE,2202.641089670766
11,NMFS  r11 4-1_i4-2,2021-05-03,w CRM 189 2_titr8_20210504-082805.csv,w CRM 189,CRM,,FALSE,2205.62829150284
11,NMFS  r11 4-1_i4-2,2021-05-03,D6549-CRo52a_titr8_20210504-082805.csv,D6549-CRo,sample,6549,FALSE,2462.957428176157
11,NMFS  r11 4-1_i4-2,2021-05-03,D6549-CRo52b_titr8_20210504-082805.csv,D6549-CRo,sample,6549,FALSE,2465.39378667271
11,NMFS  r11 4-1_i4-2,2021-05-03,N6550-Eo 4-2a_titr8_20210504-082805.csv,N6550-Eo,sample,6550,FALSE,2460.8572397963558
11,NMFS  r11 4-1_i4-2,2021-05-03,N6550-Eo 4-2b_titr8_20210504-082805.csv,N6550-Eo,sample,6550,FALSE,2461.4167645039547
11,NMFS  r11 4-1_i4-2,2021-05-03,N6551-Es 4-2a_titr8_20210504-082805.csv,N6551-Es,sample,6551,FALSE,2439.4649435053475
11,NMFS  r11 4-1_i4-2,2021-05-03,N6551-Es 4-2b_titr8_20210504-082805.csv,N6551-Es,sample,6551,FALSE,2443.4553226320536
11,NMFS  r11 4-1_i4-2,2021-05-03,N6552-Mo 4-2a_titr8_20210504-082805.csv,N6552-Mo,sample,6552,FALSE,2460.3427899132557
11,NMFS  r11 4-1_i4-2,2021-05-03,N6552-Mo 4-2b_titr8_20210504-082805.csv,N6552-Mo,sample,6552,FALSE,2460.2313476688764
11,NMFS  r11 4-1_i4-2,2021-05-03,N6553-Ms 4-2a_titr8_20210504-082805.csv,N6553-Ms,sample,6553,FALSE,2421.119173540541
11,NMFS  r11 4-1_i4-2,2021-05-03,N6553-Ms 4-2b_titr8_20210504-082805.csv,N6553-Ms,sample,6553,FALSE,2417.3803383006525
11,NMFS  r11 4-1_i4-2,2021-05-03,N6554-Ro 4-2a_titr8_20210504-082804.csv,N6554-Ro,sample,6554,FALSE,2454.183138716797
11,NMFS  r11 4-1_i4-2,2021-05-03,N6554-Ro 4-2b_titr8_20210504-082804.csv,N6554-Ro,sample,6554,FALSE,2456.362765374111
11,NMFS  r11 4-1_i4-2,2021-05-03,N6555-Rs 4-2a_titr8_20210504-082804.csv,N6555-Rs,sample,6555,FALSE,2430.2793730592675
11,NMFS  r11 4-1_i4-2,2021-05-03,N6555-Rs 4-2b_titr8_20210504-082804.csv,N6555-Rs,sample,6555,FALSE,2433.207912736576
11,NMFS  r11 4-1_i4-2,2021-05-03,N6556-So 4-2a_titr8_20210504-082804.csv,N6556-So,sample,6556,FALSE,2466.597915590502
11,NMFS  r11 4-1_i4-2,2021-05-03,N6556-So 4-2b_titr8_20210504-082804.csv,N6556-So,sample,6556,FALSE,2460.854679479006
11,NMFS  r11 4-1_i4-2,2021-05-03,N6557-Ss 4-2a_titr8_20210504-082804.csv,N6557-Ss,sample,6557,FALSE,2435.432009480858
11,NMFS  r11 4-1_i4-2,2021-05-03,N6557-Ss 4-2b_titr8_20210504-082804.csv,N6557-Ss,sample,6557,FALSE,2433.6753512887144
11,NMFS  r11 4-1_i4-2,2021-05-03,N6558-Eo 4-4a_titr8_20210504-082804.csv,N6558-Eo,sample,6558,FALSE,2446.0130863958
11,NMFS  r11 4-1_i4-2,2021-05-03,N6558-Eo 4-4b_titr8_20210504-082804.csv,N6558-Eo,sample,6558,FALSE,2445.8467431834742
11,NMFS  r11 4-1_i4-2,2021-05-03,N6559-Es 4-4a_titr8_20210504-082804.csv,N6559-Es,sample,6559,FALSE,2432.4963991988448
11,NMFS  r11 4-1_i4-2,2021-05-03,N6559-Eo 4-4b_titr8_20210504-082804.csv,N6559-Eo,sample,6559,FALSE,2437.6516150111383
11,NMFS  r11 4-1_i4-2,2021-05-03,N6560-Mo 4-4a_titr8_20210504-082804.csv,N6560-Mo,sample,6560,FALSE,2444.1205406505983
11,NMFS  r11 4-1_i4-2,2021-05-03,N6560-Mo 4-4b_titr8_20210504-082804.csv,N6560-Mo,sample,6560,FALSE,2449.9511652625424
11,NMFS  r11 4-1_i4-2,2021-05-03,N6561-Ms 4-4a_titr8_20210504-082804.csv,N6561-Ms,sample,6561,FALSE,2436.1308650429824
11,NMFS  r11 4-1_i4-2,2021-05-03,N6561-Ms 4-4b_titr8_20210504-082804.csv,N6561-Ms,sample,6561,FALSE,2437.180911549497
11,NMFS  r11 4-1_i4-2,2021-05-03,N6562-Ro 4-4a_titr8_20210504-082804.csv,N6562-Ro,sample,6562,FALSE,2445.605174661053
11,NMFS  r11 4-1_i4-2,2021-05-03,N6562-Ro 4-4b_titr8_20210504-082803.csv,N6562-Ro,sample,6562,FALSE,2441.2610891510885
11,NMFS  r11 4-1_i4-2,2021-05-03,N6563-Rs 4-4a_titr8_20210504-082803.csv,N6563-Rs,sample,6563,FALSE,2450.626007471368
11,NMFS  r11 4-1_i4-2,2021-05-03,N6563-Rs 4-4b_titr8_20210504-082803.csv,N6563-Rs,sample,6563,FALSE,2452.9479942806856
11,NMFS  r11 4-1_i4-2,2021-05-03,N6564-So 4-4a_titr8_20210504-082803.csv,N6564-So,sample,6564,FALSE,2456.221092984833
11,NMFS  r11 4-1_i4-2,2021-05-03,N6564-So 4-4b_titr8_20210504-082803.csv,N6564-So,sample,6564,FALSE,2456.389343532607
11,NMFS  r11 4-1_i4-2,2021-05-03,N6565-Ss 4-4a_titr8_20210504-082803.csv,N6565-Ss,sample,6565,FALSE,2452.9669610487795
11,NMFS  r11 4-1_i4-2,2021-05-03,N6565-Ss 4-4b_titr8_20210504-082803.csv,N6565-Ss,sample,6565,FALSE,2459.504989451544
11,NMFS  r11 4-1_i4-2,2021-05-03,N6566-T2a_titr8_20210504-082803.csv,N6566-T2a,sample,6566,FALSE,2466.028060978505
11,NMFS  r11 4-1_i4-2,2021-05-03,N6566-T2b_titr8_20210504-082803.csv,N6566-T2b,sample,6566,FALSE,2465.659404451216
11,NMFS  r11 4-1_i4-2,2021-05-03,N6567-T5a_titr8_20210504-082803.csv,N6567-T5a,sample,6567,FALSE,2458.336279753034
11,NMFS  r11 4-1_i4-2,2021-05-03,N6567-T5b_titr8_20210504-082803.csv,N6567-T5b,sample,6567,FALSE,2453.7317318800856
11,NMFS  r11 4-1_i4-2,2021-05-03,N6568-T6a_titr8_20210504-082803.csv,N6568-T6a,sample,6568,FALSE,2463.8516880110733
11,NMFS  r11 4-1_i4-2,2021-05-03,N6568-T6b_titr8_20210504-082803.csv,N6568-T6b,sample,6568,FALSE,2472.669934820753
11,NMFS  r11 4-1_i4-2,2021-05-03,N6569-T8a_titr8_20210504-082803.csv,N6569-T8a,sample,6569,FALSE,2459.222692585521
11,NMFS  r11 4-1_i4-2,2021-05-03,N6569-T8b_titr8_20210504-082803.csv,N6569-T8b,sample,6569,FALSE,2457.3426567169386
11,NMFS  r11 4-1_i4-2,2021-05-03,D6570-Eo 3-2a_titr8_20210504-082803.csv,D6570-Eo,sample,6570,FALSE,2454.928858632857
11,NMFS  r11 4-1_i4-2,2021-05-03,D6570-Eo 3-2b_titr8_20210504-082803.csv,D6570-Eo,sample,6570,FALSE,2457.1142319796827
11,NMFS  r11 4-1_i4-2,2021-05-03,w CRM 189 3_titr8_20210504-082803.csv,w CRM 189,CRM,,FALSE,2210.0860377919403
11,NMFS  r11 4-1_i4-2,2021-05-03,w CRM 189 4_titr8_20210504-082802.csv,w CRM 189,CRM,,FALSE,2202.6845810344544
12,NMFS  r12 i4-2,2021-05-04,w CRM 189 1_titr8_20210505-090400.csv,w CRM 189,CRM,,FALSE,2197.600443384783
12,NMFS  r12 i4-2,2021-05-04,w CRM 189 2_titr8_20210505-090400.csv,w CRM 189,CRM,,FALSE,2209.8006166013165
12,NMFS  r12 i4-2,2021-05-04,D6571-Es 3-2a_titr8_20210505-090400.csv,D6571-Es,sample,6571,FALSE,2414.578265514742
12,NMFS  r12 i4-2,2021-05-04,D6571-Es 3-2b_titr8_20210505-090400.csv,D6571-Es,sample,6571,FALSE,2414.07549992796
12,NMFS  r12 i4-2,2021-05-04,D6572-Mo 3-2a_titr8_20210505-090400.csv,D6572-Mo,sample,6572,FALSE,2451.2755154845395
12,NMFS  r12 i4-2,2021-05-04,D6572-Mo 3-2b_titr8_20210505-090359.csv,D6572-Mo,sample,6572,FALSE,2452.81284105996
12,NMFS  r12 i4-2,2021-05-04,D6573-Ms 3-2a_titr8_20210505-090400.csv,D6573-Ms,sample,6573,FALSE,2408.9151953072187
12,NMFS  r12 i4-2,2021-05-04,D6573-Ms 3-2b_titr8_20210505-090400.csv,D6573-Ms,sample,6573,FALSE,2413.9798223203707
12,NMFS  r12 i4-2,2021-05-04,D6574-Ro 3-2a_titr8_20210505-090400.csv,D6574-Ro,sample,6574,FALSE,2442.5200567764077
12,NMFS  r12 i4-2,2021-05-04,D6574-Ro 3-2b_titr8_20210505-090400.csv,D6574-Ro,sample,6574,FALSE,2448.2842096644204
12,NMFS  r12 i4-2,2021-05-04,D6575-Rs 3-2a_titr8_20210505-090400.csv,D6575-Rs,sample,6575,FALSE,2433.9925860533617
12,NMFS  r12 i4-2,2021-05-04,D6575-Rs 3-2b_titr8_20210505-090400.csv,D6575-Rs,sample,6575,FALSE,2438.837051269626
12,NMFS  r12 i4-2,2021-05-04,D6576-So 3-2a_titr8_20210505-090400.csv,D6576-So,sample,6576,FALSE,2440.174954223537
12,NMFS  r12 i4-2,2021-05-04,D6576-So 3-2b_titr8_20210505-090400.csv,D6576-So,sample,6576,FALSE,2442.442511848297
12,NMFS  r12 i4-2,2021-05-04,D6577-Ss 3-2a_titr8_20210505-090400.csv,D6577-Ss,sample,6577,FALSE,2418.478302566481
12,NMFS  r12 i4-2,2021-05-04,D6577-Ss 3-2b_titr8_20210505-090400.csv,D6577-Ss,sample,6577,FALSE,2416.275434953684
12,NMFS  r12 i4-2,2021-05-04,D6578-Eo 3-4a_titr8_20210505-090400.csv,D6578-Eo,sample,6578,FALSE,2444.041059925069
12,NMFS  r12 i4-2,2021-05-04,D6578-Eo 3-4b_titr8_20210505-090400.csv,D6578-Eo,sample,6578,FALSE,2444.54807251438
12,NMFS  r12 i4-2,2021-05-04,D6579-Es 3-4a_titr8_20210505-090359.csv,D6579-Es,sample,6579,FALSE,2417.255931929063
12,NMFS  r12 i4-2,2021-05-04,D6579-Es 3-4b_titr8_20210505-090359.csv,D6579-Es,sample,6579,FALSE,2414.319496532888
12,NMFS  r12 i4-2,2021-05-04,D6580-Mo 3-4a_titr8_20210505-090359.csv,D6580-Mo,sample,6580,FALSE,2433.516180247725
12,NMFS  r12 i4-2,2021-05-04,D6580-Mo 3-4b_titr8_20210505-090359.csv,D6580-Mo,sample,6580,FALSE,2431.842422368345
12,NMFS  r12 i4-2,2021-05-04,D6581-Ms 3-4a_titr8_20210505-090359.csv,D6581-Ms,sample,6581,FALSE,2419.0297071088617
12,NMFS  r12 i4-2,2021-05-04,D6581-Ms 3-4b_titr8_20210505-090359.csv,D6581-Ms,sample,6581,FALSE,2418.9366560986805
12,NMFS  r12 i4-2,2021-05-04,D6582-Ro 3-4a_titr8_20210505-090359.csv,D6582-Ro,sample,6582,FALSE,2427.512014204172
12,NMFS  r12 i4-2,2021-05-04,D6582-Ro 3-4b_titr8_20210505-090359.csv,D6582-Ro,sample,6582,FALSE,2425.785412803187
12,NMFS  r12 i4-2,2021-05-04,D6583-Rs 3-4a_titr8_20210505-090359.csv,D6583-Rs,sample,6583,FALSE,2445.359406342486
12,NMFS  r12 i4-2,2021-05-04,D6583-Rs 3-4b_titr8_20210505-090359.csv,D6583-Rs,sample,6583,FALSE,2448.726882901457
12,NMFS  r12 i4-2,2021-05-04,D6584-So 3-4a_titr8_20210505-090359.csv,D6584-So,sample,6584,FALSE,2432.708022458322
12,NMFS  r12 i4-2,2021-05-04,D6584-So 3-4b_titr8_20210505-090359.csv,D6584-So,sample,6584,FALSE,2434.049700029259
12,NMFS  r12 i4-2,2021-05-04,D6585-Ss 3-4a_titr8_20210505-090359.csv,D6585-Ss,sample,6585,FALSE,2427.904779856928
12,NMFS  r12 i4-2,2021-05-04,D6585-Ss 3-4b_titr8_20210505-090359.csv,D6585-Ss,sample,6585,FALSE,2431.114982195505
12,NMFS  r12 i4-2,2021-05-04,D6586-T2a_titr8_20210505-090359.csv,D6586-T2a,sample,6586,FALSE,2465.258319585387
12,NMFS  r12 i4-2,2021-05-04,D6586-T2b_titr8_20210505-090359.csv,D6586-T2b,sample,6586,FALSE,2470.891650724452
12,NMFS  r12 i4-2,2021-05-04,D6587-T5a_titr8_20210505-090359.csv,D6587-T5a,sample,6587,FALSE,2458.3216176544397
12,NMFS  r12 i4-2,2021-05-04,D6587-T5b_titr8_20210505-090358.csv,D6587-T5b,sample,6587,FALSE,2456.829950427269
12,NMFS  r12 i4-2,2021-05-04,D6588-T6a_titr8_20210505-090358.csv,D6588-T6a,sample,6588,FALSE,2472.7829225850487
12,NMFS  r12 i4-2,2021-05-04,D6588-T6b_titr8_20210505-090358.csv,D6588-T6b,sample,6588,FALSE,2469.9756907662027
12,NMFS  r12 i4-2,2021-05-04,D6589-T8a_titr8_20210505-090358.csv,D6589-T8a,sample,6589,FALSE,2472.3193192082813
12,NMFS  r12 i4-2,2021-05-04,D6589-T8b_titr8_20210505-090358.csv,D6589-T8b,sample,6589,FALSE,2469.6054008360074
12,NMFS  r12 i4-2,2021-05-04,D6590-A138a_titr8_20210505-090358.csv,D6590-A13,sample,6590,FALSE,2463.229062020748
12,NMFS  r12 i4-2,2021-05-04,D6590-A138b_titr8_20210505-090358.csv,D6590-A13,sample,6590,FALSE,2458.3258166366927
12,NMFS  r12 i4-2,2021-05-04,D6591-A144a_titr8_20210505-090358.csv,D6591-A14,sample,6591,FALSE,2461.559558961152
12,NMFS  r12 i4-2,2021-05-04,D6591-A144b_titr8_20210505-090358.csv,D6591-A14,sample,6591,FALSE,2461.8510364513068
12,NMFS  r12 i4-2,2021-05-04,N6592-Eo 3-2a_titr8_20210505-090358.csv,N6592-Eo,sample,6592,FALSE,2466.872761256687
12,NMFS  r12 i4-2,2021-05-04,N6592-Eo 3-2b_titr8_20210505-090358.csv,N6592-Eo,sample,6592,FALSE,2466.879724196674
12,NMFS  r12 i4-2,2021-05-04,w CRM 189 3_titr8_20210505-090358.csv,w CRM 189,CRM,,FALSE,2206.695642051028
12,NMFS  r12 i4-2,2021-05-04,w CRM 189 4_titr8_20210505-090358.csv,w CRM 189,CRM,,FALSE,2206.943297962873
13,NMFS  r13 i4-2_4-26,2021-05-05,w CRM 189 1_titr8_20210506-085053.csv,w CRM 189,CRM,,FALSE,2202.0424880916094
13,NMFS  r13 i4-2_4-26,2021-05-05,w CRM 189 2_titr8_20210506-085053.csv,w CRM 189,CRM,,FALSE,2206.755632706828
13,NMFS  r13 i4-2_4-26,2021-05-05,N6593-Es 5-2a_titr8_20210506-085053.csv,N6593-Es,sample,6593,FALSE,2454.028536612814
13,NMFS  r13 i4-2_4-26,2021-05-05,N6593-Es 5-2b_titr8_20210506-085053.csv,N6593-Es,sample,6593,FALSE,2456.392119518468
13,NMFS  r13 i4-2_4-26,2021-05-05,N6594-Mo 5-2a_titr8_20210506-085052.csv,N6594-Mo,sample,6594,FALSE,2463.793942237127
13,NMFS  r13 i4-2_4-26,2021-05-05,N6594-Mo 5-2b_titr8_20210506-085052.csv,N6594-Mo,sample,6594,FALSE,2464.981743539385
13,NMFS  r13 i4-2_4-26,2021-05-05,N6595-Ms 5-2a_titr8_20210506-085052.csv,N6595-Ms,sample,6595,FALSE,2436.5987437332105
13,NMFS  r13 i4-2_4-26,2021-05-05,N6595-Ms 5-2b_titr8_20210506-085052.csv,N6595-Ms,sample,6595,FALSE,2434.366778371051
13,NMFS  r13 i4-2_4-26,2021-05-05,N6596-Ro 5-2a_titr8_20210506-085052.csv,N6596-Ro,sample,6596,FALSE,2460.487411556865
13,NMFS  r13 i4-2_4-26,2021-05-05,N6596-Ro 5-2b_titr8_20210506-085052.csv,N6596-Ro,sample,6596,FALSE,2459.131376868051
13,NMFS  r13 i4-2_4-26,2021-05-05,N6597-Rs 5-2a_titr8_20210506-085052.csv,N6597-Rs,sample,6597,FALSE,2427.779619667985
13,NMFS  r13 i4-2_4-26,2021-05-05,N6597-Rs 5-2b_titr8_20210506-085052.csv,N6597-Rs,sample,6597,FALSE,2428.0420927152163
13,NMFS  r13 i4-2_4-26,2021-05-05,N6598-So 5-4a_titr8_20210506-085052.csv,N6598-So,sample,6598,FALSE,2462.0752681124422
13,NMFS  r13 i4-2_4-26,2021-05-05,N6598-So 5-4b_titr8_20210506-085052.csv,N6598-So,sample,6598,FALSE,2459.2792505159214
13,NMFS  r13 i4-2_4-26,2021-05-05,N6599-Ss 5-2a_titr8_20210506-085052.csv,N6599-Ss,sample,6599,FALSE,2438.250968660347
13,NMFS  r13 i4-2_4-26,2021-05-05,N6599-Ss 5-2b_titr8_20210506-085052.csv,N6599-Ss,sample,6599,FALSE,2435.0784520995708
13,NMFS  r13 i4-2_4-26,2021-05-05,N6600-Eo 5-4a_titr8_20210506-085052.csv,N6600-Eo,sample,6600,FALSE,2454.137911074852
13,NMFS  r13 i4-2_4-26,2021-05-05,N6600-Eo 5-4b_titr8_20210506-085052.csv,N6600-Eo,sample,6600,FALSE,2449.533960286651
13,NMFS  r13 i4-2_4-26,2021-05-05,N6601-Es 5-4a_titr8_20210506-085052.csv,N6601-Es,sample,6601,FALSE,2471.047722833533
13,NMFS  r13 i4-2_4-26,2021-05-05,N6601-Es 5-4b_titr8_20210506-085052.csv,N6601-Es,sample,6601,FALSE,2466.24961591828
13,NMFS  r13 i4-2_4-26,2021-05-05,N6602-Mo 5-4a_titr8_20210506-085052.csv,N6602-Mo,sample,6602,FALSE,2462.062456249262
13,NMFS  r13 i4-2_4-26,2021-05-05,N6602-Mo 5-4b_titr8_20210506-085052.csv,N6602-Mo,sample,6602,FALSE,2462.627122132039
13,NMFS  r13 i4-2_4-26,2021-05-05,N6603-Ms 5-4a_titr8_20210506-085051.csv,N6603-Ms,sample,6603,FALSE,2449.394791520479
13,NMFS  r13 i4-2_4-26,2021-05-05,N6603-Ms 5-4b_titr8_20210506-085051.csv,N6603-Ms,sample,6603,FALSE,2450.369939101008
13,NMFS  r13 i4-2_4-26,2021-05-05,N6604-Ro 5-4a_titr8_20210506-085051.csv,N6604-Ro,sample,6604,FALSE,2446.1012802281343
13,NMFS  r13 i4-2_4-26,2021-05-05,N6604-Ro 5-4b_titr8_20210506-085051.csv,N6604-Ro,sample,6604,FALSE,2453.5840442884546
13,NMFS  r13 i4-2_4-26,2021-05-05,N6605-Rs 5-4a_titr8_20210506-085051.csv,N6605-Rs,sample,6605,FALSE,2465.450163689032
13,NMFS  r13 i4-2_4-26,2021-05-05,N6605-Rs 5-4b_titr8_20210506-085051.csv,N6605-Rs,sample,6605,FALSE,2470.069412174356
13,NMFS  r13 i4-2_4-26,2021-05-05,N6606-So 5-4a_titr8_20210506-085051.csv,N6606-So,sample,6606,FALSE,2445.960019478729
13,NMFS  r13 i4-2_4-26,2021-05-05,N6606-So 5-4b_titr8_20210506-085051.csv,N6606-So,sample,6606,FALSE,2453.880105102748
13,NMFS  r13 i4-2_4-26,2021-05-05,N6607-Ss 5-4a_titr8_20210506-085051.csv,N6607-Ss,sample,6607,FALSE,2455.6422255352136
13,NMFS  r13 i4-2_4-26,2021-05-05,N6607-Ss 5-4b_titr8_20210506-085051.csv,N6607-Ss,sample,6607,FALSE,2460.0035720961364
13,NMFS  r13 i4-2_4-26,2021-05-05,D6608-T2a_titr8_20210506-085051.csv,D6608-T2a,sample,6608,FALSE,2470.769658653664
13,NMFS  r13 i4-2_4-26,2021-05-05,D6608-T2b_titr8_20210506-085051.csv,D6608-T2b,sample,6608,FALSE,2471.953331775676
13,NMFS  r13 i4-2_4-26,2021-05-05,N6609-T5a_titr8_20210506-085051.csv,N6609-T5a,sample,6609,FALSE,2459.837949504656
13,NMFS  r13 i4-2_4-26,2021-05-05,N6609-T5b_titr8_20210506-085051.csv,N6609-T5b,sample,6609,FALSE,2459.779269096042
13,NMFS  r13 i4-2_4-26,2021-05-05,N6610-T6a_titr8_20210506-085051.csv,N6610-T6a,sample,6610,FALSE,2476.3198407933555
13,NMFS  r13 i4-2_4-26,2021-05-05,N6610-T6b_titr8_20210506-085051.csv,N6610-T6b,sample,6610,FALSE,2477.532224851118
13,NMFS  r13 i4-2_4-26,2021-05-05,N6611-T8a_titr8_20210506-085051.csv,N6611-T8a,sample,6611,FALSE,2466.888387099375
13,NMFS  r13 i4-2_4-26,2021-05-05,N6611-T8b_titr8_20210506-085051.csv,N6611-T8b,sample,6611,FALSE,2466.370520276174
13,NMFS  r13 i4-2_4-26,2021-05-05,N6612-CRo46a_titr8_20210506-085050.csv,N6612-CRo,sample,6612,FALSE,2467.845406390001
13,NMFS  r13 i4-2_4-26,2021-05-05,N6612-CRo46b_titr8_20210506-085050.csv,N6612-CRo,sample,6612,FALSE,2464.978986584416
13,NMFS  r13 i4-2_4-26,2021-05-05,N6613-CRo49a_titr8_20210506-085050.csv,N6613-CRo,sample,6613,FALSE,2454.4164393960677
13,NMFS  r13 i4-2_4-26,2021-05-05,N6613-CRo49b_titr8_20210506-085050.csv,N6613-CRo,sample,6613,FALSE,2452.8078459869607
13,NMFS  r13 i4-2_4-26,2021-05-05,21042602a_titr8_20210506-085050.csv,21042602a,sample,21042602,FALSE,2387.099081079561
13,NMFS  r13 i4-2_4-26,2021-05-05,21042602b_titr8_20210506-085050.csv,21042602b,sample,21042602,FALSE,2393.0036853449847
13,NMFS  r13 i4-2_4-26,2021-05-05,w CRM 189 3_titr8_20210506-085050.csv,w CRM 189,CRM,,FALSE,2194.0986566205256
13,NMFS  r13 i4-2_4-26,2021-05-05,w CRM 189 4_titr8_20210506-085050.csv,w CRM 189,CRM,,FALSE,2206.981879201563
14,NMFS  r14 4-26_5-3,2021-05-06,w CRM 189 1_titr8_20210506-163245.csv,w CRM 189,CRM,,FALSE,2199.089829552458
14,NMFS  r14 4-26_5-3,2021-05-06,w CRM 189 2_titr8_20210506-163245.csv,w CRM 189,CRM,,FALSE,2206.864804269
14,NMFS  r14 4-26_5-3,2021-05-06,21042603a_titr8_20210506-163245.csv,21042603a,sample,21042603,FALSE,2321.060255085712
14,NMFS  r14 4-26_5-3,2021-05-06,21042603b_titr8_20210506-163245.csv,21042603b,sample,21042603,FALSE,2323.6928417487743
14,NMFS  r14 4-26_5-3,2021-05-06,21042604a_titr8_20210506-163245.csv,21042604a,sample,21042604,FALSE,2351.469745740599
14,NMFS  r14 4-26_5-3,2021-05-06,21042604b_titr8_20210506-163245.csv,21042604b,sample,21042604,FALSE,2357.507187680327
14,NMFS  r14 4-26_5-3,2021-05-06,21042605a_titr8_20210506-163245.csv,21042605a,sample,21042605,FALSE,2375.431145902165
14,NMFS  r14 4-26_5-3,2021-05-06,21042605b_titr8_20210506-163245.csv,21042605b,sample,21042605,FALSE,2373.431463711379
14,NMFS  r14 4-26_5-3,2021-05-06,21042606a_titr8_20210506-163245.csv,21042606a,sample,21042606,FALSE,2420.9064358615374
14,NMFS  r14 4-26_5-3,2021-05-06,21042606b_titr8_20210506-163245.csv,21042606b,sample,21042606,FALSE,2411.5511170118966
14,NMFS  r14 4-26_5-3,2021-05-06,21042609a_titr8_20210506-163245.csv,21042609a,sample,21042609,FALSE,2343.954582355134
14,NMFS  r14 4-26_5-3,2021-05-06,21042609b_titr8_20210506-163244.csv,21042609b,sample,21042609,FALSE,2339.026784354633
14,NMFS  r14 4-26_5-3,2021-05-06,21042610a_titr8_20210506-163244.csv,21042610a,sample,21042610,FALSE,2390.47451519331
14,NMFS  r14 4-26_5-3,2021-05-06,21042610b_titr8_20210506-163244.csv,21042610b,sample,21042610,FALSE,2391.270993843384
14,NMFS  r14 4-26_5-3,2021-05-06,21042611a_titr8_20210506-163244.csv,21042611a,sample,21042611,FALSE,2341.0374264269744
14,NMFS  r14 4-26_5-3,2021-05-06,21042611b_titr8_20210506-163244.csv,21042611b,sample,21042611,FALSE,2332.977083915706
14,NMFS  r14 4-26_5-3,2021-05-06,21042612a_titr8_20210506-163244.csv,21042612a,sample,21042612,FALSE,2342.852665903167
14,NMFS  r14 4-26_5-3,2021-05-06,21042612b_titr8_20210506-163244.csv,21042612b,sample,21042612,FALSE,2345.979560322501
14,NMFS  r14 4-26_5-3,2021-05-06,21050302a_titr8_20210506-163244.csv,21050302a,sample,21050302,FALSE,2335.51580746377
14,NMFS  r14 4-26_5-3,2021-05-06,21050302b_titr8_20210506-163244.csv,21050302b,sample,21050302,FALSE,2336.339239432823
14,NMFS  r14 4-26_5-3,2021-05-06,21050303a_titr8_20210506-163244.csv,21050303a,sample,21050303,FALSE,2307.8622634503886
14,NMFS  r14 4-26_5-3,2021-05-06,21050303b_titr8_20210506-163244.csv,21050303b,sample,21050303,FALSE,2307.37610103038
14,NMFS  r14 4-26_5-3,2021-05-06,21050304a_titr8_20210506-163244.csv,21050304a,sample,21050304,FALSE,2321.282995095733
14,NMFS  r14 4-26_5-3,2021-05-06,21050304b_titr8_20210506-163244.csv,21050304b,sample,21050304,FALSE,2319.1526541440007
14,NMFS  r14 4-26_5-3,2021-05-06,21050305a_titr8_20210506-163244.csv,21050305a,sample,21050305,FALSE,2338.3341916384225
14,NMFS  r14 4-26_5-3,2021-05-06,21050305b_titr8_20210506-163244.csv,21050305b,sample,21050305,FALSE,2343.2302240559698
14,NMFS  r14 4-26_5-3,2021-05-06,21050306a_titr8_20210506-163244.csv,21050306a,sample,21050306,FALSE,2355.1982736814416
14,NMFS  r14 4-26_5-3,2021-05-06,21050306b_titr8_20210506-163244.csv,21050306b,sample,21050306,FALSE,2358.135950860308
14,NMFS  r14 4-26_5-3,2021-05-06,21050309a_titr8_20210506-163244.csv,21050309a,sample,21050309,FALSE,2321.522636733227
14,NMFS  r14 4-26_5-3,2021-05-06,21050309b_titr8_20210506-163243.csv,21050309b,sample,21050309,FALSE,2320.259514852583
14,NMFS  r14 4-26_5-3,2021-05-06,21050310a_titr8_20210506-163243.csv,21050310a,sample,21050310,FALSE,2357.287243525602
14,NMFS  r14 4-26_5-3,2021-05-06,21050310b_titr8_20210506-163243.csv,21050310b,sample,21050310,FALSE,2356.395848860834
14,NMFS  r14 4-26_5-3,2021-05-06,21050311a_titr8_20210506-163243.csv,21050311a,sample,21050311,FALSE,2305.008078607539
14,NMFS  r14 4-26_5-3,2021-05-06,21050311b_titr8_20210506-163243.csv,21050311b,sample,21050311,FALSE,2308.338944633964
14,NMFS  r14 4-26_5-3,2021-05-06,21050312a_titr8_20210506-163243.csv,21050312a,sample,21050312,FALSE,2305.9223512039675
14,NMFS  r14 4-26_5-3,2021-05-06,21050312b_titr8_20210506-163243.csv,21050312b,sample,21050312,FALSE,2302.5567395191365
14,NMFS  r14 4-26_5-3,2021-05-06,w CRM 189 3_titr8_20210506-163243.csv,w CRM 189,CRM,,FALSE,2206.3106728817806
14,NMFS  r14 4-26_5-3,2021-05-06,w CRM 189 4_titr8_20210506-163243.csv,w CRM 189,CRM,,FALSE,2208.7746932967625
15,NMFS  r15 5-15_Re1,2021-05-11,w CRM 189 1_titr8_20210512-091448.csv,w CRM 189,CRM,,FALSE,2208.75871119826
15,NMFS  r15 5-15_Re1,2021-05-11,w CRM 189 2_titr8_20210512-091448.csv,w CRM 189,CRM,,FALSE,2202.86973698373
15,NMFS  r15 5-15_Re1,2021-05-11,21051002a_titr8_20210512-091447.csv,21051002a,sample,21051002,FALSE,2344.9594699276704
15,NMFS  r15 5-15_Re1,2021-05-11,21051002b_titr8_20210512-091447.csv,21051002b,sample,21051002,FALSE,2348.228171325736
15,NMFS  r15 5-15_Re1,2021-05-11,21051004a_titr8_20210512-091447.csv,21051004a,sample,21051004,FALSE,2341.2562833765337
15,NMFS  r15 5-15_Re1,2021-05-11,21051004b_titr8_20210512-091447.csv,21051004b,sample,21051004,FALSE,2342.453672540515
15,NMFS  r15 5-15_Re1,2021-05-11,21051005a_titr8_20210512-091447.csv,21051005a,sample,21051005,FALSE,2345.346346148396
15,NMFS  r15 5-15_Re1,2021-05-11,21051005b_titr8_20210512-091447.csv,21051005b,sample,21051005,FALSE,2340.1220080993708
15,NMFS  r15 5-15_Re1,2021-05-11,21051006a_titr8_20210512-091447.csv,21051006a,sample,21051006,FALSE,2357.3559294075008
15,NMFS  r15 5-15_Re1,2021-05-11,21051006b_titr8_20210512-091447.csv,21051006b,sample,21051006,FALSE,2356.2783117436143
15,NMFS  r15 5-15_Re1,2021-05-11,21051009a_titr8_20210512-091447.csv,21051009a,sample,21051009,FALSE,2341.981868497325
15,NMFS  r15 5-15_Re1,2021-05-11,21051009b_titr8_20210512-091447.csv,21051009b,sample,21051009,FALSE,2337.088941665583
15,NMFS  r15 5-15_Re1,2021-05-11,21051010a_titr8_20210512-091447.csv,21051010a,sample,21051010,FALSE,2334.2009970922577
15,NMFS  r15 5-15_Re1,2021-05-11,21051010b_titr8_20210512-091447.csv,21051010b,sample,21051010,FALSE,2336.612015482936
15,NMFS  r15 5-15_Re1,2021-05-11,21051011a_titr8_20210512-091447.csv,21051011a,sample,21051011,FALSE,2329.2937763239624
15,NMFS  r15 5-15_Re1,2021-05-11,21051011b_titr8_20210512-091447.csv,21051011b,sample,21051011,FALSE,2326.408095806481
15,NMFS  r15 5-15_Re1,2021-05-11,21051012a_titr8_20210512-091447.csv,21051012a,sample,21051012,FALSE,2325.2249607967847
15,NMFS  r15 5-15_Re1,2021-05-11,21051012b_titr8_20210512-091447.csv,21051012b,sample,21051012,FALSE,2321.6528383121567
15,NMFS  r15 5-15_Re1,2021-05-11,Re-6439a_titr8_20210512-091447.csv,Re-6439a_,sample,6439,TRUE,2400.551854945504
15,NMFS  r15 5-15_Re1,2021-05-11,Re-6439b_titr8_20210512-091447.csv,Re-6439b_,sample,6439,TRUE,2397.1134997002005
15,NMFS  r15 5-15_Re1,2021-05-11,Re-6441a_titr8_20210512-091447.csv,Re-6441a_,sample,6441,TRUE,2450.404834338127
15,NMFS  r15 5-15_Re1,2021-05-11,Re-6441b_titr8_20210512-091446.csv,Re-6441b_,sample,6441,TRUE,2448.317415636287
15,NMFS  r15 5-15_Re1,2021-05-11,Re-6443a_titr8_20210512-091446.csv,Re-6443a_,sample,6443,TRUE,2454.160310625984
15,NMFS  r15 5-15_Re1,2021-05-11,Re-6443b_titr8_20210512-091446.csv,Re-6443b_,sample,6443,TRUE,2454.4124812844034
15,NMFS  r15 5-15_Re1,2021-05-11,Re-6450a_titr8_20210512-091446.csv,Re-6450a_,sample,6450,TRUE,2378.4694147999185
15,NMFS  r15 5-15_Re1,2021-05-11,Re-6450b_titr8_20210512-091446.csv,Re-6450b_,sample,6450,TRUE,2379.5680710721936
15,NMFS  r15 5-15_Re1,2021-05-11,Re-6458a_titr8_20210512-091446.csv,Re-6458a_,sample,6458,TRUE,2388.420610168577
15,NMFS  r15 5-15_Re1,2021-05-11,Re-6458b_titr8_20210512-091446.csv,Re-6458b_,sample,6458,TRUE,2390.753326238467
15,NMFS  r15 5-15_Re1,2021-05-11,Re-6461a_titr8_20210512-091446.csv,Re-6461a_,sample,6461,TRUE,2353.761212505344
15,NMFS  r15 5-15_Re1,2021-05-11,Re-6461b_titr8_20210512-091446.csv,Re-6461b_,sample,6461,TRUE,2353.133147680352
15,NMFS  r15 5-15_Re1,2021-05-11,Re-6464a_titr8_20210512-091446.csv,Re-6464a_,sample,6464,TRUE,2426.940237289599
15,NMFS  r15 5-15_Re1,2021-05-11,Re-6464b_titr8_20210512-091446.csv,Re-6464b_,sample,6464,TRUE,2429.3812912441454
15,NMFS  r15 5-15_Re1,2021-05-11,Re-6467a_titr8_20210512-091446.csv,Re-6467a_,sample,6467,TRUE,2449.8750840650205
15,NMFS  r15 5-15_Re1,2021-05-11,Re-6467b_titr8_20210512-091446.csv,Re-6467b_,sample,6467,TRUE,2450.566392616895
15,NMFS  r15 5-15_Re1,2021-05-11,Re-6468a_titr8_20210512-091446.csv,Re-6468a_,sample,6468,TRUE,2439.492424596632
15,NMFS  r15 5-15_Re1,2021-05-11,Re-6468b_titr8_20210512-091446.csv,Re-6468b_,sample,6468,TRUE,2437.2471727555253
15,NMFS  r15 5-15_Re1,2021-05-11,Re-6470a_titr8_20210512-091446.csv,Re-6470a_,sample,6470,TRUE,2417.830661039894
15,NMFS  r15 5-15_Re1,2021-05-11,Re-6470b_titr8_20210512-091446.csv,Re-6470b_,sample,6470,TRUE,2418.5967777647684
15,NMFS  r15 5-15_Re1,2021-05-11,Re-6485a_titr8_20210512-091446.csv,Re-6485a_,sample,6485,TRUE,2438.6844855956047
15,NMFS  r15 5-15_Re1,2021-05-11,Re-6485b_titr8_20210512-091445.csv,Re-6485b_,sample,6485,TRUE,2436.5392260090416
15,NMFS  r15 5-15_Re1,2021-05-11,Re-6491-So 1-2a_titr8_20210512-091445.csv,Re-6491-S,sample,6491,TRUE,2443.906340462579
15,NMFS  r15 5-15_Re1,2021-05-11,Re-6491-So 1-2b_titr8_20210512-091445.csv,Re-6491-S,sample,6491,TRUE,2443.3134013334834
15,NMFS  r15 5-15_Re1,2021-05-11,Re-6492-Ss 1-2a_titr8_20210512-091445.csv,Re-6492-S,sample,6492,TRUE,2393.770862973494
15,NMFS  r15 5-15_Re1,2021-05-11,Re-6492-Ss 1-2b_titr8_20210512-091445.csv,Re-6492-S,sample,6492,TRUE,2390.1032021128503
15,NMFS  r15 5-15_Re1,2021-05-11,Re-6493-Eo 1-4a_titr8_20210512-091445.csv,Re-6493-E,sample,6493,TRUE,2387.755711784696
15,NMFS  r15 5-15_Re1,2021-05-11,Re-6493-Eo 1-4b_titr8_20210512-091445.csv,Re-6493-E,sample,6493,TRUE,2393.42275786147
15,NMFS  r15 5-15_Re1,2021-05-11,w CRM 189 3_titr8_20210512-091445.csv,w CRM 189,CRM,,FALSE,2206.4357840497228
15,NMFS  r15 5-15_Re1,2021-05-11,w CRM 189 4_titr8_20210512-091445.csv,w CRM 189,CRM,,FALSE,2202.975767768289
16,NMFS r16 5-17_5-24,2021-05-25,w CRM 189 1_titr8_20210526-081054.csv,w CRM 189,CRM,,FALSE,2202.9501974067057
16,NMFS r16 5-17_5-24,2021-05-25,w CRM 189 2_titr8_20210526-081054.csv,w CRM 189,CRM,,FALSE,2210.923994959238
16,NMFS r16 5-17_5-24,2021-05-25,21051702a_titr8_20210526-081054.csv,21051702a,sample,21051702,FALSE,2357.438186439721
16,NMFS r16 5-17_5-24,2021-05-25,21051702b_titr8_20210526-081054.csv,21051702b,sample,21051702,FALSE,2360.901578447645
16,NMFS r16 5-17_5-24,2021-05-25,21051704a_titr8_20210526-081054.csv,21051704a,sample,21051704,FALSE,2363.483936671029
16,NMFS r16 5-17_5-24,2021-05-25,21051704b_titr8_20210526-081054.csv,21051704b,sample,21051704,FALSE,2364.1111575695054
16,NMFS r16 5-17_5-24,2021-05-25,21051705a_titr8_20210526-081054.csv,21051705a,sample,21051705,FALSE,2364.233605672021
16,NMFS r16 5-17_5-24,2021-05-25,21051705b_titr8_20210526-081054.csv,21051705b,sample,21051705,FALSE,2364.9116514606767
16,NMFS r16 5-17_5-24,2021-05-25,21051706a_titr8_20210526-081054.csv,21051706a,sample,21051706,FALSE,2363.2574991890497
16,NMFS r16 5-17_5-24,2021-05-25,21051706b_titr8_20210526-081053.csv,21051706b,sample,21051706,FALSE,2355.4693607041686
16,NMFS r16 5-17_5-24,2021-05-25,21051709a_titr8_20210526-081053.csv,21051709a,sample,21051709,FALSE,2363.22986557992
16,NMFS r16 5-17_5-24,2021-05-25,21051709b_titr8_20210526-081053.csv,21051709b,sample,21051709,FALSE,2359.4818526365298
16,NMFS r16 5-17_5-24,2021-05-25,21051711a_titr8_20210526-081053.csv,21051711a,sample,21051711,FALSE,2358.271255130739
16,NMFS r16 5-17_5-24,2021-05-25,21051711b_titr8_20210526-081053.csv,21051711b,sample,21051711,FALSE,2350.20174791268
16,NMFS r16 5-17_5-24,2021-05-25,21051712a_titr8_20210526-081053.csv,21051712a,sample,21051712,FALSE,2360.344768781646
16,NMFS r16 5-17_5-24,2021-05-25,21051712b_titr8_20210526-081053.csv,21051712b,sample,21051712,FALSE,2354.462910349426
16,NMFS r16 5-17_5-24,2021-05-25,Re-6495a_titr8_20210526-081053.csv,Re-6495a_,sample,6495,TRUE,2394.427938553851
16,NMFS r16 5-17_5-24,2021-05-25,Re-6495b_titr8_20210526-081053.csv,Re-6495b_,sample,6495,TRUE,2393.53131680984
16,NMFS r16 5-17_5-24,2021-05-25,Re-6501a_titr8_20210526-081053.csv,Re-6501a_,sample,6501,TRUE,2452.4878609105667
16,NMFS r16 5-17_5-24,2021-05-25,Re-6501b_titr8_20210526-081053.csv,Re-6501b_,sample,6501,TRUE,2457.134736075718
16,NMFS r16 5-17_5-24,2021-05-25,Re-6502a_titr8_20210526-081053.csv,Re-6502a_,sample,6502,TRUE,2442.722917392127
16,NMFS r16 5-17_5-24,2021-05-25,Re-6502b_titr8_20210526-081053.csv,Re-6502b_,sample,6502,TRUE,2443.81136390263
16,NMFS r16 5-17_5-24,2021-05-25,Re-6503a_titr8_20210526-081053.csv,Re-6503a_,sample,6503,TRUE,2458.8404775170184
16,NMFS r16 5-17_5-24,2021-05-25,Re-6503b_titr8_20210526-081053.csv,Re-6503b_,sample,6503,TRUE,2459.973317500509
16,NMFS r16 5-17_5-24,2021-05-25,Re-6504a_titr8_20210526-081053.csv,Re-6504a_,sample,6504,TRUE,2445.1735044135635
16,NMFS r16 5-17_5-24,2021-05-25,Re-6504b_titr8_20210526-081053.csv,Re-6504b_,sample,6504,TRUE,2445.86384310238
16,NMFS r16 5-17_5-24,2021-05-25,Re-6505a_titr8_20210526-081053.csv,Re-6505a_,sample,6505,TRUE,2447.893083716741
16,NMFS r16 5-17_5-24,2021-05-25,Re-6505b_titr8_20210526-081052.csv,Re-6505b_,sample,6505,TRUE,2450.750895615517
16,NMFS r16 5-17_5-24,2021-05-25,Re-6532a_titr8_20210526-081052.csv,Re-6532a_,sample,6532,TRUE,2426.671928445001
16,NMFS r16 5-17_5-24,2021-05-25,Re-6532b_titr8_20210526-081052.csv,Re-6532b_,sample,6532,TRUE,2435.2477920860906
16,NMFS r16 5-17_5-24,2021-05-25,Re-6534a_titr8_20210526-081052.csv,Re-6534a_,sample,6534,TRUE,2390.5612411814086
16,NMFS r16 5-17_5-24,2021-05-25,Re-6534b_titr8_20210526-081052.csv,Re-6534b_,sample,6534,TRUE,2391.513526972485
16,NMFS r16 5-17_5-24,2021-05-25,Re-6538a_titr8_20210526-081052.csv,Re-6538a_,sample,6538,TRUE,2414.347233601475
16,NMFS r16 5-17_5-24,2021-05-25,Re-6538b_titr8_20210526-081052.csv,Re-6538b_,sample,6538,TRUE,2417.794051749724
16,NMFS r16 5-17_5-24,2021-05-25,Re-6539a_titr8_20210526-081052.csv,Re-6539a_,sample,6539,TRUE,2443.314786268831
16,NMFS r16 5-17_5-24,2021-05-25,Re-6539b_titr8_20210526-081052.csv,Re-6539b_,sample,6539,TRUE,2445.051287337773
16,NMFS r16 5-17_5-24,2021-05-25,21052404a_titr8_20210526-081052.csv,21052404a,sample,21052404,FALSE,2379.0454783808905
16,NMFS r16 5-17_5-24,2021-05-25,21052404b_titr8_20210526-081052.csv,21052404b,sample,21052404,FALSE,2379.0991417902123
16,NMFS r16 5-17_5-24,2021-05-25,21052406a_titr8_20210526-081052.csv,21052406a,sample,21052406,FALSE,2378.592023847878
16,NMFS r16 5-17_5-24,2021-05-25,21052406b_titr8_20210526-081052.csv,21052406b,sample,21052406,FALSE,2377.0657778716954
16,NMFS r16 5-17_5-24,2021-05-25,21052409a_titr8_20210526-081052.csv,21052409a,sample,21052409,FALSE,2373.1485437837587
16,NMFS r16 5-17_5-24,2021-05-25,21052409b_titr8_20210526-081052.csv,21052409b,sample,21052409,FALSE,2372.249610404665
16,NMFS r16 5-17_5-24,2021-05-25,21052411a_titr8_20210526-081052.csv,21052411a,sample,21052411,FALSE,2362.9151654720504
16,NMFS r16 5-17_5-24,2021-05-25,21052411b_titr8_20210526-081052.csv,21052411b,sample,21052411,FALSE,2361.108704684178
16,NMFS r16 5-17_5-24,2021-05-25,21052412b_titr8_20210526-081051_1.csv,21052412b,sample,21052412,FALSE,2385.9372126663466
16,NMFS r16 5-17_5-24,2021-05-25,21052412b_titr8_20210526-081051.csv,21052412b,sample,21052412,FALSE,2386.388196486901
16,NMFS r16 5-17_5-24,2021-05-25,w CRM 189 3_titr8_20210526-081051.csv,w CRM 189,CRM,,FALSE,2206.096426002253
16,NMFS r16 5-17_5-24,2021-05-25,w CRM 189 4_titr8_20210526-081051.csv,w CRM 189,CRM,,FALSE,2201.0693816318035
17,NMFS r17 6-1_Re3,2021-06-02,w CRM 189 1_titr8_20210603-095600.csv,w CRM 189,CRM,,FALSE,2205.245911347751
17,NMFS r17 6-1_Re3,2021-06-02,w CRM 189 2_titr8_20210603-095600.csv,w CRM 189,CRM,,FALSE,2205.7596881986965
17,NMFS r17 6-1_Re3,2021-06-02,21060102a_titr8_20210603-095559.csv,21060102a,sample,21060102,FALSE,2349.29230230183
17,NMFS r17 6-1_Re3,2021-06-02,21060102b_titr8_20210603-095559.csv,21060102b,sample,21060102,FALSE,2347.8851007136304
17,NMFS r17 6-1_Re3,2021-06-02,21060103a_titr8_20210603-095559.csv,21060103a,sample,21060103,FALSE,2366.3814583935564
17,NMFS r17 6-1_Re3,2021-06-02,21060103b_titr8_20210603-095559.csv,21060103b,sample,21060103,FALSE,2369.8904537610742
17,NMFS r17 6-1_Re3,2021-06-02,21060104a_titr8_20210603-095559.csv,21060104a,sample,21060104,FALSE,2399.874582431888
17,NMFS r17 6-1_Re3,2021-06-02,21060104b_titr8_20210603-095559.csv,21060104b,sample,21060104,FALSE,2401.004877937687
17,NMFS r17 6-1_Re3,2021-06-02,21060105a_titr8_20210603-095559.csv,21060105a,sample,21060105,FALSE,2358.352788911604
17,NMFS r17 6-1_Re3,2021-06-02,21060105b_titr8_20210603-095559.csv,21060105b,sample,21060105,FALSE,2353.641084367305
17,NMFS r17 6-1_Re3,2021-06-02,Re-6444a_titr8_20210603-095559.csv,Re-6444a_,sample,6444,TRUE,2426.650826856799
17,NMFS r17 6-1_Re3,2021-06-02,Re-6444b_titr8_20210603-095559.csv,Re-6444b_,sample,6444,TRUE,2423.906847593428
17,NMFS r17 6-1_Re3,2021-06-02,Re-6545a_titr8_20210603-095559.csv,Re-6545a_,sample,6545,TRUE,2451.9276088473307
17,NMFS r17 6-1_Re3,2021-06-02,Re-6545b_titr8_20210603-095559.csv,Re-6545b_,sample,6545,TRUE,2455.9844418961648
17,NMFS r17 6-1_Re3,2021-06-02,Re-6548a_titr8_20210603-095559.csv,Re-6548a_,sample,6548,TRUE,2451.347407409325
17,NMFS r17 6-1_Re3,2021-06-02,Re-6548b_titr8_20210603-095559.csv,Re-6548b_,sample,6548,TRUE,2443.849009774176
17,NMFS r17 6-1_Re3,2021-06-02,Re-6556a_titr8_20210603-095559.csv,Re-6556a_,sample,6556,TRUE,2454.001518010174
17,NMFS r17 6-1_Re3,2021-06-02,Re-6556b_titr8_20210603-095559.csv,Re-6556b_,sample,6556,TRUE,2451.150226933209
17,NMFS r17 6-1_Re3,2021-06-02,Re-6560a_titr8_20210603-095559.csv,Re-6560a_,sample,6560,TRUE,2443.0161480590154
17,NMFS r17 6-1_Re3,2021-06-02,Re-6560b_titr8_20210603-095558.csv,Re-6560b_,sample,6560,TRUE,2442.753292980396
17,NMFS r17 6-1_Re3,2021-06-02,Re-6565a_titr8_20210603-095558.csv,Re-6565a_,sample,6565,TRUE,2411.580916779406
17,NMFS r17 6-1_Re3,2021-06-02,Re-6565b_titr8_20210603-095558.csv,Re-6565b_,sample,6565,TRUE,2412.8834024648627
17,NMFS r17 6-1_Re3,2021-06-02,Re-6568a_titr8_20210603-095558.csv,Re-6568a_,sample,6568,TRUE,2457.853442356357
17,NMFS r17 6-1_Re3,2021-06-02,Re-6568b_titr8_20210603-095558.csv,Re-6568b_,sample,6568,TRUE,2462.7662860226974
17,NMFS r17 6-1_Re3,2021-06-02,Re-6574a_titr8_20210603-095558.csv,Re-6574a_,sample,6574,TRUE,2430.579579538948
17,NMFS r17 6-1_Re3,2021-06-02,Re-6574b_titr8_20210603-095558.csv,Re-6574b_,sample,6574,TRUE,2440.797287717423
17,NMFS r17 6-1_Re3,2021-06-02,Re-6586a_titr8_20210603-095558.csv,Re-6586a_,sample,6586,TRUE,2459.0048137001504
17,NMFS r17 6-1_Re3,2021-06-02,Re-6604a_titr8_20210603-095558.csv,Re-6604a_,sample,6604,TRUE,2430.836843902563
17,NMFS r17 6-1_Re3,2021-06-02,Re-6604b_titr8_20210603-095558.csv,Re-6604b_,sample,6604,TRUE,2433.5765264830484
17,NMFS r17 6-1_Re3,2021-06-02,Re-6606a_titr8_20210603-095558.csv,Re-6606a_,sample,6606,TRUE,2433.021584026287
17,NMFS r17 6-1_Re3,2021-06-02,Re-6606b_titr8_20210603-095558.csv,Re-6606b_,sample,6606,TRUE,2437.7575106961795
17,NMFS r17 6-1_Re3,2021-06-02,Re-21051706_titr8_20210603-095558.csv,Re-210517,sample,21051706,TRUE,2353.055717910136
17,NMFS r17 6-1_Re3,2021-06-02,Re-21051711_titr8_20210603-095558.csv,Re-210517,sample,21051711,TRUE,2351.906585585459
17,NMFS r17 6-1_Re3,2021-06-02,Re-21051712_titr8_20210603-095558.csv,Re-210517,sample,21051712,TRUE,2356.504570925055
17,NMFS r17 6-1_Re3,2021-06-02,w CRM 189 3_titr8_20210603-095558.csv,w CRM 189,CRM,,FALSE,2205.312709817123
17,NMFS r17 6-1_Re3,2021-06-02,w CRM 189 4_titr8_20210603-095558.csv,w CRM 189,CRM,,FALSE,2204.7216906364315
18,NMFS r18 Re 4,2021-06-08,w CRM 189 1_titr8_20210609-090248.csv,w CRM 189,CRM,,FALSE,2206.4053563686257
18,NMFS r18 Re 4,2021-06-08,w CRM 189 2_titr8_20210609-090248.csv,w CRM 189,CRM,,FALSE,2206.90249707825
18,NMFS r18 Re 4,2021-06-08,Re-21041208a_titr8_20210609-090248.csv,Re-210412,sample,21041208,TRUE,2459.9274354771987
18,NMFS r18 Re 4,2021-06-08,Re-21041208b_titr8_20210609-090248.csv,Re-210412,sample,21041208,TRUE,2461.839427285793
18,NMFS r18 Re 4,2021-06-08,Re-6435a_titr8_20210609-090248.csv,Re-6435a_,sample,6435,TRUE,2400.540115393236
18,NMFS r18 Re 4,2021-06-08,Re-6435b_titr8_20210609-090248.csv,Re-6435b_,sample,6435,TRUE,2402.3160719929124
18,NMFS r18 Re 4,2021-06-08,Re-21042602a_titr8_20210609-090248.csv,Re-210426,sample,21042602,TRUE,2393.330599004571
18,NMFS r18 Re 4,2021-06-08,Re-21042602b_titr8_20210609-090248.csv,Re-210426,sample,21042602,TRUE,2393.7837812471407
18,NMFS r18 Re 4,2021-06-08,Re-21042604a_titr8_20210609-090248.csv,Re-210426,sample,21042604,TRUE,2362.415056084417
18,NMFS r18 Re 4,2021-06-08,Re-21042604b_titr8_20210609-090248.csv,Re-210426,sample,21042604,TRUE,2359.4849530496376
18,NMFS r18 Re 4,2021-06-08,Re-21042606a_titr8_20210609-090248.csv,Re-210426,sample,21042606,TRUE,2420.5930277272178
18,NMFS r18 Re 4,2021-06-08,Re-21042606b_titr8_20210609-090248.csv,Re-210426,sample,21042606,TRUE,2413.9632458049387
18,NMFS r18 Re 4,2021-06-08,Re-21042611a_titr8_20210609-090248.csv,Re-210426,sample,21042611,TRUE,2341.0240547772423
18,NMFS r18 Re 4,2021-06-08,Re-21042611b_titr8_20210609-090248.csv,Re-210426,sample,21042611,TRUE,2341.8215832727988
18,NMFS r18 Re 4,2021-06-08,Langdon 1_titr8_20210609-090248.csv,Langdon 1,standard,,FALSE,2414.4904913089604
18,NMFS r18 Re 4,2021-06-08,Langdon 2_titr8_20210609-090248.csv,Langdon 2,standard,,FALSE,2402.5266237140568
18,NMFS r18 Re 4,2021-06-08,w CRM 189 3_titr8_20210609-090248.csv,w CRM 189,CRM,,FALSE,2203.326303690996
18,NMFS r18 Re 4,2021-06-08,w CRM 189 4_titr8_20210609-090247.csv,w CRM 189,CRM,,FALSE,2204.405842862129
19,TA Retest (urban TA retests.xlsx),2021-06-23,Re-6438a,Re-6438a_,sample,6438,TRUE,2428.787688553421
19,TA Retest (urban TA retests.xlsx),2021-06-23,Re-6438b,Re-6438b_,sample,6438,TRUE,2430.246589013069
