bottle,date,incubation,tank
6401,3/29/21,day,T2
6402,3/29/21,day,T5
6403,3/29/21,day,T6
6404,3/29/21,day,T8
6441,3/30/21,day,T2
6442,3/30/21,day,T5
6443,3/30/21,day,T6
6444,3/30/21,day,T8
6501,3/31/21,day,T2
6502,3/31/21,day,T5
6503,3/31/21,day,T6
6504,3/31/21,day,T8
6544,4/1/21,day,T2
6545,4/1/21,day,T5
6546,4/1/21,day,T6
6547,4/1/21,day,T8
6586,4/2/21,day,T2
6587,4/2/21,day,T5
6588,4/2/21,day,T6
6589,4/2/21,day,T8
6421,3/29/21,night,T2
6422,3/29/21,night,T5
6423,3/29/21,night,T6
6424,3/29/21,night,T8
6479,3/30/21,night,T2
6480,3/30/21,night,T5
6481,3/30/21,night,T6
6482,3/30/21,night,T8
6521,3/31/21,night,T2
6522,3/31/21,night,T5
6523,3/31/21,night,T6
6524,3/31/21,night,T8
6566,4/1/21,night,T2
6567,4/1/21,night,T5
6568,4/1/21,night,T6
6569,4/1/21,night,T8
6608,4/2/21,night,T2
6609,4/2/21,night,T5
6610,4/2/21,night,T6
6611,4/2/21,night,T8
