bottle,sample,sampleID,tank,date,incubation,site,genotype,species,treatment,temp,salinity,initialpH,finalpH,netpH,initialTA,finalTA,netTA,area,volume,NO2NO3,NH4,PO4,density,time,calcification,calcificationadj,initialO2,finalO2,netO2
6405,D Eo 4-2,Eo4-2,T6,3/29/21,day,Emerald,4,Ofav,control pH,22.585143,34.6149616,8.05770314,8.09679491,0.03909177,2469.556521,2428.114097,-41.442424,10.303,18.398,-0.3049,-0.924,-0.0219,1.024469,2,0.06839455,0.06931629,110.9,130.9,20
6406,D Es 4-2,Es4-2,T5,3/29/21,day,Emerald,25,Ssid,control pH,22.581406,34.8313529,8.0244069,8.06425638,0.03984948,2436.465442,2399.326416,-37.139026,13.725,18.829,-0.4741,-1.3868,-0.0657,1.024634,2.23,0.04047226,0.04139401,111.3,120.7,9.4
6407,D Mo 4-2,Mo4-2,T6,3/29/21,day,MacArthur North,19,Ofav,control pH,22.615647,34.6818185,8.05770314,8.10361889,0.04591575,2469.556521,2435.925152,-33.631369,8.5181,14.318,-0.3049,-0.924,-0.0219,1.02452,2.13,0.06288036,0.0638021,110.9,124.8,13.9
6408,D Ms 4-2,Ms4-2,T5,3/29/21,day,MacArthur North,40,Ssid,control pH,22.547033,34.6044741,8.0244069,8.02378073,-0.00062617,2436.465442,2392.859377,-43.6060655,9.5688,16.529,-0.4741,-1.3868,-0.0657,1.024461,2.37,0.06498288,0.06590462,111.3,116.2,4.9
6409,D Ro 4-2,Ro4-2,T6,3/29/21,day,Rainbow,9,Ofav,control pH,22.615647,34.7368754,8.05770314,8.11065304,0.0529499,2469.556521,2428.371387,-41.1851335,9.1677,16.442,-0.3049,-0.924,-0.0219,1.024562,2.03,0.07534272,0.07626446,110.9,128.5,17.6
6410,D Rs 4-2,Rs4-2,T5,3/29/21,day,Rainbow,30,Ssid,control pH,22.547033,34.7932414,8.0244069,8.08052883,0.05612193,2436.465442,2390.515982,-45.94946,10.238,20.054,-0.4741,-1.3868,-0.0657,1.024605,2.27,0.0666255,0.06754724,111.3,128.9,17.6
6411,D So 4-2,So4-2,T6,3/29/21,day,Star Island,14,Ofav,control pH,22.615647,34.7801331,8.05770314,8.12971332,0.07201018,2469.556521,2433.930586,-35.625935,12.482,13.004,-0.3049,-0.924,-0.0219,1.024595,2.08,0.0467359,0.04765764,110.9,144,33.1
6412,D Ss 4-2,Ss4-2,T5,3/29/21,day,Star Island,35,Ssid,control pH,22.547033,34.8194575,8.0244069,8.08201418,0.05760728,2436.465442,2385.945185,-50.520257,9.2695,19.97,-0.4741,-1.3868,-0.0657,1.024625,2.32,0.07944598,0.08036773,111.3,128.4,17.1
6413,D Eo 4-4,Eo4-4,T8,3/29/21,day,Emerald,4,Ofav,low pH,22.608632,34.7719231,7.78184965,7.9872563,0.20540665,2444.614792,2417.147705,-27.467087,10.524,18.012,-0.2904,-0.0318,0.1727,1.024589,2.12,0.04347652,0.02982868,113.1,149.7,36.6
6414,D Es 4-4,Es4-4,T2,3/29/21,day,Emerald,25,Ssid,low pH,22.557819,34.6687095,7.78354549,7.83566485,0.05211936,2444.902614,2400.020923,-44.881691,14.601,20.197,-0.6533,-0.8745,-0.0257,1.02451,2.38,0.04465242,0.03100458,110.9,124.7,13.8
6415,D Mo 4-4,Mo4-4,T8,3/29/21,day,MacArthur North,19,Ofav,low pH,22.557802,34.8313529,7.78184965,7.9105555,0.12870585,2444.614792,2414.172331,-30.4424615,9.2909,14.719,-0.2904,-0.0318,0.1727,1.024634,2.23,0.05194993,0.03830209,113.1,129.1,16
6416,D Ms 4-4,Ms4-4,T2,3/29/21,day,MacArthur North,40,Ssid,low pH,22.557819,33.5604646,7.78354549,7.765861,-0.01768449,2444.902614,2347.069285,-97.833329,13.669,16.805,-0.6533,-0.8745,-0.0257,1.023665,2.45,0.10204365,0.08839582,110.9,113.9,3
6417,D Ro 4-4,Ro4-4,T8,3/29/21,day,Rainbow,9,Ofav,low pH,22.608632,34.9702834,7.78184965,8.05023477,0.26838512,2444.614792,2397.985838,-46.6289545,12.865,17.191,-0.2904,-0.0318,0.1727,1.02474,2.17,0.05891199,0.04526416,113.1,165.9,52.8
6418,D Rs 4-4,Rs4-4,T2,3/29/21,day,Rainbow,30,Ssid,low pH,22.557819,34.8037279,7.78354549,7.85062247,0.06707698,2444.902614,2393.551462,-51.351152,9.88,18.562,-0.6533,-0.8745,-0.0257,1.024613,2.53,0.07128674,0.0576389,110.9,127.8,16.9
6419,D So 4-4,So4-4,T8,3/29/21,day,Star Island,14,Ofav,low pH,22.608632,34.9217425,7.78184965,8.0566335,0.27478385,2444.614792,2418.977381,-25.6374115,14.662,15.849,-0.2904,-0.0318,0.1727,1.024703,2.22,0.02791696,0.01426912,113.1,153.6,40.5
6420,D Ss 4-4,Ss4-4,T2,3/29/21,day,Star Island,35,Ssid,low pH,22.557819,34.7172124,7.78354549,7.84995052,0.06640503,2444.902614,2400.54606,-44.3565535,8.2863,16.102,-0.6533,-0.8745,-0.0257,1.024547,2.42,0.07714266,0.06349483,110.9,127.5,16.6
6445,D CRo46,CR046,T8,3/30/21,day,MacArthur North,21,Ofav,low pH,22.592077,34.8732733,7.78163173,8.14129143,0.3596597,2425.278838,2440.712047,15.4332095,9.6512,12.527,-0.2904,-0.0318,0.1727,1.024666,2.15,-0.02598039,0.02199655,113.1,138.2,25.1
6446,D CRo49,CR049,T8,3/30/21,day,MacArthur North,21,Ofav,low pH,22.501793,33.6732817,7.78163173,8.04272673,0.261095,2425.278838,2374.020891,-51.2579465,9.8398,14.756,-0.2904,-0.0318,0.1727,1.023751,2.38,0.07714686,0.06349902,113.4,182.4,69
6447,D Eo 5-2,Eo5-2,T6,3/30/21,day,Emerald,5,Ofav,control pH,22.473682,34.7775115,8.04546366,8.11148163,0.06601797,2454.286396,2429.439614,-24.846782,11.081,15.961,-0.3049,-0.924,-0.0219,1.024593,2,0.03750883,0.03843057,113.1,138.1,25
6448,D Es 5-2,Es5-2,T5,3/30/21,day,Emerald,26,Ssid,control pH,22.521561,34.837903,8.02841773,8.07278181,0.04436408,2438.753273,2405.976383,-32.7768895,8.051,19.854,-0.4741,-1.3868,-0.0657,1.024639,2.42,0.05583068,0.05675243,112.2,128.8,16.6
6449,D Mo 5-2,Mo5-2,T6,3/30/21,day,MacArthur North,20,Ofav,control pH,22.473682,34.6857512,8.04546366,8.12524796,0.0797843,2454.286396,2443.217037,-11.0693595,7.876,7.1451,-0.3049,-0.924,-0.0219,1.024523,2.12,0.02108418,0.02200592,113.1,141.1,28
6450,D Ms 5-2,Ms5-2,T5,3/30/21,day,MacArthur North,41,Ssid,control pH,22.570833,34.5258154,8.02841773,8.08598451,0.05756678,2438.753273,2379.65753,-59.0957425,9.0339,16.282,-0.4741,-1.3868,-0.0657,1.024401,2.57,0.08694925,0.08787099,112.2,134.9,22.7
6451,D Ro 5-2,Ro5-2,T6,3/30/21,day,Rainbow,10,Ofav,control pH,22.473682,35.1601407,8.04546366,8.11967166,0.074208,2454.286396,2431.936131,-22.3502655,11.777,19.556,-0.3049,-0.924,-0.0219,1.024885,2.05,0.03064442,0.03156617,113.1,128.6,15.5
6452,D Rs 5-2,Rs5-2,T5,3/30/21,day,Rainbow,31,Ssid,control pH,22.570833,35.1165715,8.02841773,8.04261591,0.01419818,2438.753273,2380.14169,-58.6115825,15.587,19.943,-0.4741,-1.3868,-0.0657,1.024852,2.45,0.05209183,0.05301357,112.2,129.7,17.5
6453,D So 5-2,So5-2,T6,3/30/21,day,Star Island,15,Ofav,control pH,22.473682,34.6320038,8.04546366,8.12491985,0.07945619,2454.286396,2420.182013,-34.104383,11.437,17.683,-0.3049,-0.924,-0.0219,1.024482,2.1,0.04803148,0.04895323,113.1,139.1,26
6454,D Ss 5-2,Ss5-2,T5,3/30/21,day,Star Island,36,Ssid,control pH,22.570833,34.8220791,8.02841773,8.14871125,0.12029352,2438.753273,2384.341332,-54.4119405,11.129,16.608,-0.4741,-1.3868,-0.0657,1.024627,2.5,0.06653299,0.06745474,112.2,153.4,41.2
6455,D Eo 5-4,Eo5-4,T8,3/30/21,day,Emerald,5,Ofav,low pH,22.592077,34.9282923,7.78163173,8.05857369,0.27694196,2425.278838,2395.856061,-29.422777,9.882,16.501,-0.2904,-0.0318,0.1727,1.024708,2.18,0.04817521,0.03452737,113.4,200.2,86.8
6456,D Es 5-4,Es5-4,T2,3/30/21,day,Emerald,26,Ssid,low pH,22.570014,34.721145,7.81432981,7.95327863,0.13894882,2447.490415,2429.868108,-17.6223065,8.7558,19.786,-0.6533,-0.8745,-0.0257,1.02455,2.57,0.02679611,0.01314827,111.7,146.2,34.5
6457,D Mo 5-4,Mo5-4,T8,3/30/21,day,MacArthur North,20,Ofav,low pH,22.593355,34.7526056,7.78163173,7.96460281,0.18297108,2425.278838,2428.0127,2.733862,9.6864,7.5615,-0.2904,-0.0318,0.1727,1.024574,2.33,-0.00403278,-0.01768062,113.4,148.6,35.2
6458,D Ms 5-4,Ms5-4,T2,3/30/21,day,MacArthur North,41,Ssid,low pH,22.570014,34.8089711,7.81432981,7.87297146,0.05864165,2447.490415,2388.989985,-58.5004295,11.634,18.341,-0.6533,-0.8745,-0.0257,1.024617,2.75,0.06361426,0.04996642,111.7,140.6,28.9
6459,D Ro 5-4,Ro5-4,T8,3/30/21,day,Rainbow,10,Ofav,low pH,22.592077,34.6818185,7.78163173,8.10850147,0.32686974,2425.278838,2396.907039,-28.3717985,8.1793,17.766,-0.2904,-0.0318,0.1727,1.02452,2.25,0.05436314,0.0407153,113.4,207.7,94.3
6460,D Rs 5-4,Rs5-4,T2,3/30/21,day,Rainbow,31,Ssid,low pH,22.570014,34.6372475,7.81432981,7.87725703,0.06292722,2447.490415,2414.112468,-33.377947,14.473,16.813,-0.6533,-0.8745,-0.0257,1.024486,2.65,0.03018702,0.01653918,111.7,134.9,23.2
6461,D So 5-4,So5-4,T8,3/30/21,day,Star Island,15,Ofav,low pH,22.592077,34.8654133,7.78163173,8.06152288,0.27989115,2425.278838,2353.447181,-71.831657,13.05,19.473,-0.2904,-0.0318,0.1727,1.02466,2.35,0.08210022,0.06845239,113.4,169.3,55.9
6462,D Ss 5-4,Ss5-4,T2,3/30/21,day,Star Island,36,Ssid,low pH,22.570014,34.9282923,7.81432981,7.86197247,0.04764266,2447.490415,2404.040943,-43.4494715,8.2837,13.747,-0.6533,-0.8745,-0.0257,1.024708,2.7,0.06788702,0.05423918,111.7,135.6,23.9
6485,D Eo 1-2,Eo1-2,T6,3/31/21,day,Emerald,1,Ofav,control pH,22.5619,34.6149616,8.02843443,8.10539488,0.07696045,2460.464129,2438.701736,-21.7623925,7.6692,13.964,-0.3049,-0.924,-0.0219,1.024469,2,0.04725946,0.04818121,113.6,139.3,25.7
6486,D Es 1-2,Es1-2,T5,3/31/21,day,Emerald,22,Ssid,control pH,22.5163,34.8011062,8.02174627,8.08694959,0.06520332,2444.12747,2406.848631,-37.278839,11.215,19.645,-0.4741,-1.3868,-0.0657,1.024611,2.28,0.04857756,0.04949931,112.8,137.5,24.7
6487,D Mo 1-2,Mo1-2,T6,3/31/21,day,MacArthur North,16,Ofav,control pH,22.51212,34.7093471,8.02843443,8.10212931,0.07369488,2460.464129,2449.058437,-11.4056915,9.2872,14.564,-0.3049,-0.924,-0.0219,1.024541,2.12,0.01829233,0.01921407,113.6,137.2,23.6
6488,D Ms 1-2,Ms1-2,T5,3/31/21,day,MacArthur North,37,Ssid,control pH,22.552442,34.7027928,8.02174627,8.039269,0.01752273,2444.12747,2389.726603,-54.4008665,11.102,16.969,-0.4741,-1.3868,-0.0657,1.024536,2.38,0.06990184,0.07082358,112.8,121.9,9.1
6489,D Ro 1-2,Ro1-2,T6,3/31/21,day,Rainbow,6,Ofav,control pH,22.5619,34.6306929,8.02843443,8.11027648,0.08184205,2460.464129,2450.931885,-9.532244,9.2778,18.487,-0.3049,-0.924,-0.0219,1.024481,2.05,0.01534858,0.01627032,113.6,130.7,17.1
6490,D Rs 1-2,Rs1-2,T5,3/31/21,day,Rainbow,27,Ssid,control pH,22.5163,34.8536232,8.02174627,8.06515675,0.04341048,2444.12747,2401.363456,-42.764014,11.75,17.835,-0.4741,-1.3868,-0.0657,1.024651,2.32,0.05288472,0.05380646,112.8,130.2,17.4
6491,D So 1-2,So1-2,T6,3/31/21,day,Star Island,11,Ofav,control pH,22.5619,34.7919305,8.02843443,8.14084037,0.11240594,2460.464129,2443.979084,-16.4850445,13.058,18.081,-0.3049,-0.924,-0.0219,1.024604,2.08,0.01969323,0.02061498,113.6,149.7,36.1
6492,D Ss 1-2,Ss1-2,T5,3/31/21,day,Star Island,32,Ssid,control pH,22.552442,34.839213,8.02174627,8.119342,0.09759573,2444.12747,2393.112645,-51.0148245,10.661,18.674,-0.4741,-1.3868,-0.0657,1.02464,2.35,0.06891817,0.06983991,112.8,138.8,26
6493,D Eo 1-4,Eo1-4,T8,3/31/21,day,Emerald,1,Ofav,low pH,22.544837,34.8129035,7.7791087,7.98900329,0.20989459,2445.518674,2390.589235,-54.9294385,10.487,17.676,-0.2904,-0.0318,0.1727,1.02462,2.13,0.08634668,0.07269884,113.5,174.1,60.6
6494,D Es 1-4,Es1-4,T2,3/31/21,day,Emerald,22,Ssid,low pH,22.587503,34.646424,7.78877926,7.82627061,0.03749135,2452.056857,2415.841947,-36.2149105,11.006,17.646,-0.6533,-0.8745,-0.0257,1.024493,2.38,0.04787581,0.03422797,112.1,125.1,13
6495,D Mo 1-4,Mo1-4,T8,3/31/21,day,MacArthur North,16,Ofav,low pH,22.58375,34.7945522,7.7791087,7.96575834,0.18664964,2445.518674,2393.979628,-51.5390455,11.625,13.218,-0.2904,-0.0318,0.1727,1.024606,2.25,0.06976129,0.05611345,113.5,154.2,40.7
6496,D Ms 1-4,Ms1-4,T2,3/31/21,day,MacArthur North,37,Ssid,low pH,22.575751,34.710658,7.78877926,7.8180424,0.02926314,2452.056857,2399.281046,-52.775811,11.119,18.315,-0.6533,-0.8745,-0.0257,1.024542,2.53,0.06513307,0.05148523,112.1,123.7,11.6
6497,D Ro 1-4,Ro1-4,T8,3/31/21,day,Rainbow,6,Ofav,low pH,22.544837,34.9165027,7.7791087,8.05781637,0.27870767,2445.518674,2431.212331,-14.3063425,12.249,18.17,-0.2904,-0.0318,0.1727,1.024699,2.18,0.01896729,0.00531945,113.5,162.1,48.6
6498,D Rs 1-4,Rs1-4,T2,3/31/21,day,Rainbow,27,Ssid,low pH,22.587503,34.8011062,7.78877926,7.81408516,0.0253059,2452.056857,2415.62735,-36.429507,8.7612,18.787,-0.6533,-0.8745,-0.0257,1.024611,2.45,0.05876516,0.04511732,112.1,121.4,9.3
6499,D So 1-4,So1-4,T8,3/31/21,day,Star Island,11,Ofav,low pH,22.544837,34.7709573,7.7791087,8.05842768,0.27931898,2445.518674,2435.703438,-9.8152355,8.694,19.506438,-0.2904,-0.0318,0.1727,1.024588,2.23,0.01798371,0.00433588,113.5,169.3,55.8
6500,D Ss 1-4,Ss1-4,T2,3/31/21,day,Star Island,32,Ssid,low pH,22.575751,34.8220791,7.78877926,7.82220992,0.03343066,2452.056857,2424.267186,-27.7896715,10.893,17.14,-0.6533,-0.8745,-0.0257,1.024627,2.5,0.03530015,0.02165231,112.1,122.2,10.1
6527,D Eo 2-2,Eo2-2,T6,4/1/21,day,Emerald,2,Ofav,control pH,22.514169,35.0093871,8.01253275,8.14169128,0.12915853,2469.496705,2461.071987,-8.424718,9.4214,8.9602,-0.3049,-0.924,-0.0219,1.02477,2,0.01362567,0.01454742,111.9,146.1,34.2
6528,D Es 2-2,Es2-2,T5,4/1/21,day,Emerald,23,Ssid,control pH,22.562621,35.0422553,8.0276,8.08625638,0.05865638,2455.201837,2408.343958,-46.8578795,12.748,19.71,-0.4741,-1.3868,-0.0657,1.024795,2.35,0.05270566,0.05362741,110.9,132.1,21.2
6529,D Mo 2-2,Mo2-2,T6,4/1/21,day,MacArthur North,17,Ofav,control pH,22.585815,35.2074132,8.01253275,8.11125168,0.09871893,2469.496705,2455.63668,-13.860025,7.6508,5.8258,-0.3049,-0.924,-0.0219,1.024921,2.1,0.02812379,0.02904554,111.9,141.1,29.2
6530,D Ms 2-2,Ms2-2,T5,4/1/21,day,MacArthur North,38,Ssid,control pH,22.607124,34.9138827,8.0276,8.04071068,0.01311068,2455.201837,2410.910879,-44.2909585,9.5874,15.313,-0.4741,-1.3868,-0.0657,1.024697,2.42,0.06468226,0.06560401,110.9,121.9,11
6531,D Ro 2-2,Ro2-2,T6,4/1/21,day,Rainbow,7,Ofav,control pH,22.514169,35.0107915,8.01253275,8.16661487,0.15408212,2469.496705,2458.976218,-10.520487,10.69,17.759,-0.3049,-0.924,-0.0219,1.024771,2.03,0.01504224,0.01596398,111.9,153.3,41.4
6532,D Rs 2-2,Rs2-2,T5,4/1/21,day,Rainbow,28,Ssid,control pH,22.562621,34.902093,8.0276,8.09356175,0.06596175,2455.201837,2427.452392,-27.749445,11.996,18.927,-0.4741,-1.3868,-0.0657,1.024688,2.37,0.03211838,0.03304012,110.9,131.1,20.2
6533,D So 2-2,So2-2,T6,4/1/21,day,Star Island,12,Ofav,control pH,22.585815,34.9047129,8.01253275,8.16307825,0.1505455,2469.496705,2454.525046,-14.9716585,8.0685,15.161,-0.3049,-0.924,-0.0219,1.02469,2.07,0.02907452,0.02999626,111.9,151.6,39.7
6534,D Ss 2-2,Ss2-2,T5,4/1/21,day,Star Island,33,Ssid,control pH,22.607124,34.9269824,8.0276,8.13932761,0.11172761,2455.201837,2391.412753,-63.7890845,11.929,19.016,-0.4741,-1.3868,-0.0657,1.024707,2.38,0.07642731,0.07734906,110.9,146.8,35.9
6535,D Eo 2-4,Eo2-4,T8,4/1/21,day,Emerald,2,Ofav,low pH,22.591568,34.9689767,7.76871444,7.91047489,0.14176045,2462.811131,2423.190489,-39.620642,10.082,2.8521,-0.2904,-0.0318,0.1727,1.024739,2.15,0.06576083,0.05211299,111.2,146.5,35.3
6536,D Es 2-4,Es2-4,T2,4/1/21,day,Emerald,23,Ssid,low pH,22.601239,34.9269824,7.788521,7.80430957,0.01578857,2467.759144,2411.902631,-55.8565125,19.859,20.97,-0.6533,-0.8745,-0.0257,1.024707,2.43,0.04004963,0.02640179,110.4,120.9,10.5
6537,D Mo 2-4,Mo2-4,T8,4/1/21,day,MacArthur North,17,Ofav,low pH,22.591568,35.1195365,7.76871444,7.90248215,0.13376771,2462.811131,2458.433223,-4.3779085,13.875,12.876,-0.2904,-0.0318,0.1727,1.024854,2.27,0.00510844,-0.0085394,111.2,141.7,30.5
6538,D Ms 2-4,Ms2-4,T2,4/1/21,day,MacArthur North,38,Ssid,low pH,22.549787,34.9558013,7.788521,7.85434202,0.06582102,2467.759144,2414.519887,-53.239257,8.5849,15.929,-0.6533,-0.8745,-0.0257,1.024729,2.58,0.08376478,0.07011694,110.4,129.3,18.9
6539,D Ro 2-4,Ro2-4,T8,4/1/21,day,Rainbow,7,Ofav,low pH,22.591568,34.9833506,7.76871444,7.97133035,0.20261591,2462.811131,2445.148585,-17.662546,15.154,18.88,-0.2904,-0.0318,0.1727,1.02475,2.2,0.01872368,0.00507584,111.2,150.5,39.3
6541,D Rs 2-4,Rs2-4,T2,4/1/21,day,Rainbow,28,Ssid,low pH,22.601239,34.9309123,7.788521,7.83125646,0.04273546,2467.759144,2430.764753,-36.994391,11.401,19.913,-0.6533,-0.8745,-0.0257,1.02471,2.48,0.04518058,0.03153274,110.4,124.4,14
6542,D So 2-4,So2-4,T8,4/1/21,day,Star Island,12,Ofav,low pH,22.591568,35.0225517,7.76871444,7.99426199,0.22554755,2462.811131,2449.997894,-12.8132375,12.43,17.226,-0.2904,-0.0318,0.1727,1.02478,2.25,0.01629056,0.00264272,111.2,159.2,48
6543,D Ss 2-4,Ss2-4,T2,4/1/21,day,Star Island,33,Ssid,low pH,22.601239,35.0186316,7.788521,7.78112768,-0.00739332,2467.759144,2433.598001,-34.1611425,13.851,14.801,-0.6533,-0.8745,-0.0257,1.024777,2.55,0.03366596,0.02001812,110.4,110.7,0.3
6548,D Ao74,A074,T8,4/1/21,day,control,,control,low pH,22.591568,34.8758933,7.76871444,7.90786636,0.13915192,2462.811131,2452.585194,-10.2259375,9.196,19.641,-0.2904,-0.0318,0.1727,1.024668,2.32,0.01706242,0.00341458,111.2,143.8,32.6
6549,D CRo52,CR052,T6,4/1/21,day,control,,control,control pH,22.576521,34.9413919,7.76871444,8.09636933,0.32765489,2462.811131,2464.175608,1.3644765,9.9956,13.931,-0.2904,-0.0318,0.1727,1.024718,2.15,-0.00195658,0.00769109,111.9,127.8,15.9
6570,D Eo 3-2,Eo3-2,T6,4/2/21,day,Emerald,3,Ofav,control pH,22.439867,35.0147116,8.02507612,8.17327171,0.14819559,2471.379307,2456.021546,-15.3577615,9.0855,17.188,-0.3049,-0.924,-0.0219,1.024774,2,0.0273497,0.02827145,123.7,135.9,12.2
6571,D Es 3-2,Es3-2,T5,4/2/21,day,Emerald,24,Ssid,control pH,22.587225,35.09203,8.02818112,8.09018712,0.062006,2457.575784,2414.326883,-43.248901,12.275,20.641,-0.4741,-1.3868,-0.0657,1.024833,2.32,0.0510195,0.05194125,110.5,130.8,20.3
6572,D Mo 3-2,Mo3-2,T6,4/2/21,day,MacArthur North,18,Ofav,control pH,22.439867,35.1011989,8.02507612,8.10840448,0.08332836,2471.379307,2452.044178,-19.335129,10.015,14.088,-0.3049,-0.924,-0.0219,1.02484,2.1,0.03040465,0.0313264,123.7,127.3,3.6
6573,D Ms 3-2,Ms3-2,T5,4/2/21,day,MacArthur North,39,Ssid,control pH,22.609812,35.1182267,8.02818112,8.03421745,0.00603633,2457.575784,2411.447509,-46.1282755,10.38,17.556,-0.4741,-1.3868,-0.0657,1.024853,2.4,0.06255744,0.06347918,110.5,118.1,7.6
6574,D Ro 3-2,Ro3-2,T6,4/2/21,day,Rainbow,8,Ofav,control pH,22.439867,35.1260857,8.02507612,8.15822801,0.13315189,2471.379307,2441.658673,-29.7206345,11.079,18.871,-0.3049,-0.924,-0.0219,1.024859,2.03,0.04432717,0.04524891,123.7,136.8,13.1
6575,D Rs 3-2,Rs3-2,T5,4/2/21,day,Rainbow,29,Ssid,control pH,22.609812,34.9689767,8.02818112,8.07281502,0.0446339,2457.575784,2436.414819,-21.1609655,12.985,18.956,-0.4741,-1.3868,-0.0657,1.024739,2.35,0.02232648,0.02324822,110.5,122.9,12.4
6576,D So 3-2,So3-2,T6,4/2/21,day,Star Island,13,Ofav,control pH,22.439867,35.0881005,8.02507612,8.14872664,0.12365052,2471.379307,2441.308733,-30.070574,12.234,17.399,-0.3049,-0.924,-0.0219,1.02483,2.07,0.04006434,0.04098608,123.7,140.6,16.9
6577,D Ss 3-2,Ss3-2,T5,4/2/21,day,Star Island,34,Ssid,control pH,22.609812,35.0763118,8.02818112,8.1097171,0.08153598,2457.575784,2417.376869,-40.198915,11.306,19.385,-0.4741,-1.3868,-0.0657,1.024821,2.37,0.05033428,0.05125603,110.5,133.1,22.6
6578,D Eo 3-4,Eo3-4,T8,4/2/21,day,Emerald,3,Ofav,low pH,22.586176,34.8680333,7.79177364,7.91808541,0.12631177,2470.96236,2444.294567,-26.6677935,11.039,16.551,-0.2904,-0.0318,0.1727,1.024662,2.17,0.03940753,0.02575969,109.1,129.5,20.4
6579,D Es 3-4,Es3-4,T2,4/2/21,day,Emerald,24,Ssid,low pH,22.571817,35.0907202,7.79362501,7.83170659,0.03808158,2468.074986,2415.787715,-52.287271,9.4389,21.348,-0.6533,-0.8745,-0.0257,1.024832,2.42,0.0793495,0.06570166,109.9,121.5,11.6
6580,D Mo 3-4,Mo3-4,T8,4/2/21,day,MacArthur North,18,Ofav,low pH,22.532838,35.0776217,7.79177364,7.87624186,0.08446822,2470.96236,2432.679301,-38.283059,13.265,12.149,-0.2904,-0.0318,0.1727,1.024822,2.27,0.04520949,0.03156165,109.1,137.3,28.2
6581,D Ms 3-4,Ms3-4,T2,4/2/21,day,MacArthur North,39,Ssid,low pH,22.571817,35.2624543,7.79362501,7.85115279,0.05752778,2468.074986,2418.983182,-49.091804,8.9728,16.767,-0.6533,-0.8745,-0.0257,1.024963,2.53,0.07523684,0.061589,109.9,123.3,13.4
6582,D Ro 3-4,Ro3-4,T8,4/2/21,day,Rainbow,8,Ofav,low pH,22.586176,35.2441074,7.79177364,7.93056621,0.13879257,2470.96236,2426.648714,-44.3136465,11.899,17.096,-0.2904,-0.0318,0.1727,1.024949,2.2,0.05964669,0.04599885,109.1,145.9,36.8
6583,D Rs 3-4,Rs3-4,T2,4/2/21,day,Rainbow,29,Ssid,low pH,22.571817,34.9413919,7.79362501,7.80795384,0.01432883,2468.074986,2447.043145,-21.031841,11.553,20.222,-0.6533,-0.8745,-0.0257,1.024718,2.47,0.02530087,0.01165303,109.9,113.5,3.6
6584,D So 3-4,So3-4,T8,4/2/21,day,Star Island,13,Ofav,low pH,22.586176,35.0316985,7.79177364,7.94628716,0.15451352,2470.96236,2433.378861,-37.583499,12.997,13.506,-0.2904,-0.0318,0.1727,1.024787,2.23,0.04588646,0.03223862,109.1,133.6,24.5
6585,D Ss 3-4,Ss3-4,T2,4/2/21,day,Star Island,34,Ssid,low pH,22.571817,33.5316034,7.79362501,7.79878165,0.00515664,2468.074986,2429.509881,-38.5651045,11.865,14.94,-0.6533,-0.8745,-0.0257,1.023643,2.5,0.04525557,0.03160774,109.9,115.4,5.5
6590,D A138,A138,T5,4/2/21,day,control,,control,control pH,22.561343,35.0651423,7.79362501,8.09758631,0.3039613,2468.074986,2460.77744,-7.297546,9.3734,15.44423873,-0.6533,-0.8745,-0.0257,1.024813,2.13,0.01215019,-0.00769109,123.7,124.1,0.4
6591,D A144,A144,T2,4/2/21,day,control,,control,low pH,22.590913,35.3633588,7.79362501,7.86455261,0.0709276,2468.074986,2461.705298,-6.369688,8.8793,15.005,-0.6533,-0.8745,-0.0257,1.02504,2.32,0.01023326,-0.00341458,109.1,128.9,19.8
6425,N Eo 1-2,Eo1-2,T6,3/29/21,night,Emerald,1,Ofav,control pH,22.50717,34.8824432,7.75657793,8.01151853,0.2549406,2455.531346,2443.174538,-12.3568075,7.6692,13.964,-0.3756,-0.278,-0.0444,1.024673,2.17,0.02681635,0.03893803,109.8,96.4,-13.4
6426,N Es 1-2,Es1-2,T5,3/29/21,night,Emerald,22,Ssid,control pH,22.596207,35.2572124,8.02132593,7.9789425,-0.04238343,2439.890178,2428.674377,-11.215801,11.215,19.645,-0.3342,-0.3411,-0.0961,1.024959,2.42,0.01470151,0.02682318,110.2,100.2,-10
6427,N Mo 1-2,Mo1-2,T6,3/29/21,night,MacArthur North,16,Ofav,control pH,22.557491,34.8313529,7.75657793,8.01392227,0.25734434,2455.531346,2453.572808,-1.9585375,9.2872,14.564,-0.3756,-0.278,-0.0444,1.024634,2.33,0.00364462,0.0157663,109.8,101.3,-8.5
6428,N Ms 1-2,Ms1-2,T5,3/29/21,night,MacArthur North,37,Ssid,control pH,22.553655,34.9112628,8.02132593,7.96700805,-0.05431788,2439.890178,2415.882016,-24.008162,11.102,16.969,-0.3342,-0.3411,-0.0961,1.024695,2.52,0.03038263,0.04250431,110.2,101.6,-8.6
6429,N Ro 1-2,Ro1-2,T6,3/29/21,night,Rainbow,6,Ofav,control pH,22.50717,34.607096,7.75657793,8.02005585,0.26347792,2455.531346,2451.693287,-3.8380585,9.2778,18.487,-0.3756,-0.278,-0.0444,1.024463,2.23,0.00696515,0.01908683,109.8,97.2,-12.6
6430,N Rs 1-2,Rs1-2,T5,3/29/21,night,Rainbow,27,Ssid,control pH,22.553655,34.8129035,8.02132593,7.99688794,-0.02443799,2439.890178,2431.170268,-8.7199105,11.75,17.835,-0.3342,-0.3411,-0.0961,1.02462,2.47,0.01076123,0.02288291,110.2,101,-9.2
6431,N So 1-2,So1-2,T6,3/29/21,night,Star Island,11,Ofav,control pH,22.557491,34.8076603,7.75657793,7.99205635,0.23547842,2455.531346,2441.155872,-14.375474,13.058,18.081,-0.3756,-0.278,-0.0444,1.024616,2.3,0.01710213,0.02922381,109.8,99.8,-10
6432,N Ss 1-2,Ss1-2,T5,3/29/21,night,Star Island,32,Ssid,control pH,22.553655,34.7604706,8.02132593,7.96966056,-0.05166537,2439.890178,2431.38037,-8.5098085,10.661,18.674,-0.3342,-0.3411,-0.0961,1.02458,2.52,0.011336,0.02345767,110.2,105.3,-4.9
6433,N Eo 1-4,Eo1-4,T8,3/29/21,night,Emerald,1,Ofav,low pH,22.60119,34.5218823,7.77461054,7.70159717,-0.07301337,2440.905212,2417.175722,-23.72949,10.487,17.676,-0.0708,-0.3543,0.0945,1.024398,2.33,0.03290778,0.03501111,109.9,100.5,-9.4
6434,N Es 1-4,Es1-4,T2,3/29/21,night,Emerald,22,Ssid,low pH,22.597174,34.8181467,7.67913574,7.70773986,0.02860412,2440.49278,2434.025935,-6.466845,11.006,17.646,-0.1628,0.0669,-0.0298,1.024624,2.53,0.00878416,0.01088749,109.8,103,-6.8
6435,N Mo 1-4,Mo1-4,T8,3/29/21,night,MacArthur North,16,Ofav,low pH,22.548345,34.6660877,7.77461054,7.71644491,-0.05816563,2440.905212,2401.428094,-39.477118,11.625,13.218,-0.0708,-0.3543,0.0945,1.024508,2.42,0.04863007,0.0507334,109.9,99.5,-10.4
6436,N Ms 1-4,Ms1-4,T2,3/29/21,night,MacArthur North,37,Ssid,low pH,22.597174,34.7801331,7.67913574,7.70521052,0.02607478,2440.49278,2439.011141,-1.481639,11.119,18.315,-0.1628,0.0669,-0.0298,1.024595,2.63,0.00239294,0.00449627,109.8,101.1,-8.7
6437,N Ro 1-4,Ro1-4,T8,3/29/21,night,Rainbow,6,Ofav,low pH,22.60119,34.7499839,7.77461054,7.67877149,-0.09583905,2440.905212,2416.065598,-24.839614,12.249,18.17,-0.0708,-0.3543,0.0945,1.024572,2.37,0.02910341,0.03120674,109.9,102.5,-7.4
6438,N Rs 1-4,Rs1-4,T2,3/29/21,night,Rainbow,27,Ssid,low pH,22.597174,34.6487011,7.67913574,7.72206156,0.04292582,2440.49278,2436.96615,-3.5266305,8.7612,18.787,-0.1628,0.0669,-0.0298,1.024495,2.55,0.00633719,0.00844052,109.8,102.6,-7.2
6439,N So 1-4,So1-4,T8,3/29/21,night,Star Island,11,Ofav,low pH,22.60119,34.7303211,7.77461054,7.68266375,-0.09194679,2440.905212,2398.832678,-42.072534,8.694,19.506438,-0.0708,-0.3543,0.0945,1.024557,2.4,0.06923047,0.0713338,109.9,98.5,-11.4
6440,N Ss 1-4,Ss1-4,T2,3/29/21,night,Star Island,32,Ssid,low pH,22.597174,34.6634659,7.67913574,7.69873667,0.01960093,2440.49278,2434.614098,-5.8786825,10.893,17.14,-0.1628,0.0669,-0.0298,1.024506,2.6,0.00792455,0.01002788,109.8,101.8,-8
6463,N Eo 2-2,Eo2-2,T6,3/30/21,night,Emerald,2,Ofav,control pH,22.528216,34.6962383,8.06247423,8.02055473,-0.0419195,2457.685848,2450.947222,-6.7386255,9.4214,8.9602,-0.3756,-0.278,-0.0444,1.024531,2,0.01323148,0.02535316,109.8,102.9,-6.9
6464,N Es 2-2,Es2-2,T5,3/30/21,night,Emerald,23,Ssid,control pH,22.562015,34.8863732,8.01930204,7.93382163,-0.08548041,2440.872168,2429.917612,-10.954556,12.748,19.71,-0.3342,-0.3411,-0.0961,1.024676,2.35,0.01299073,0.0251124,110.2,100.8,-9.4
6465,N Mo 2-2,Mo2-2,T6,3/30/21,night,MacArthur North,17,Ofav,control pH,22.528216,34.8129035,8.06247423,8.01162435,-0.05084988,2457.685848,2450.335129,-7.3507185,7.6508,5.8258,-0.3756,-0.278,-0.0444,1.02462,2.13,0.0166832,0.02880487,109.8,102.2,-7.6
6466,N Ms 2-2,Ms2-2,T5,3/30/21,night,MacArthur North,38,Ssid,control pH,22.581766,34.9361521,8.01930204,7.97099234,-0.0483097,2440.872168,2420.591953,-20.2802155,9.5874,15.313,-0.3342,-0.3411,-0.0961,1.024714,2.45,0.03064395,0.04276563,110.2,98.8,-11.4
6467,N Ro 2-2,Ro2-2,T6,3/30/21,night,Rainbow,7,Ofav,control pH,22.528216,34.9138827,8.06247423,8.01465601,-0.04781822,2457.685848,2449.914938,-7.77091,10.69,17.759,-0.3756,-0.278,-0.0444,1.024697,2.05,0.0128856,0.02500728,109.8,101.1,-8.7
6468,N Rs 2-2,Rs2-2,T5,3/30/21,night,Rainbow,28,Ssid,control pH,22.562015,34.8667233,8.01930204,7.97857684,-0.0407252,2440.872168,2437.687968,-3.1842005,11.996,18.927,-0.3342,-0.3411,-0.0961,1.024661,2.4,0.00408761,0.01620928,110.2,101.7,-8.5
6469,N So 2-2,So2-2,T6,3/30/21,night,Star Island,12,Ofav,control pH,22.528216,34.8063495,8.06247423,7.99361036,-0.06886387,2457.685848,2455.598153,-2.0876945,8.0685,15.161,-0.3756,-0.278,-0.0444,1.024615,2.07,0.00500477,0.01712645,109.8,98.4,-11.4
6470,N Ss 2-2,Ss2-2,T5,3/30/21,night,Star Island,33,Ssid,control pH,22.562015,34.8942331,8.01930204,7.9572173,-0.06208474,2440.872168,2419.10882,-21.763348,11.929,19.016,-0.3342,-0.3411,-0.0961,1.024682,2.43,0.02645081,0.03857248,110.2,99.3,-10.9
6471,N Eo 2-4,Eo2-4,T8,3/30/21,night,Emerald,2,Ofav,low pH,22.547869,34.8614833,7.76111883,7.69860419,-0.06251464,2447.13799,2428.053023,-19.084967,10.082,2.8521,-0.0708,-0.3543,0.0945,1.024657,2.17,0.03005493,0.03215827,109.7,96.9,-12.8
6472,N Es 2-4,Es2-4,T2,3/30/21,night,Emerald,23,Ssid,low pH,22.581307,35.297837,7.77484361,7.70719278,-0.06765083,2448.949593,2433.052427,-15.897166,19.859,20.97,-0.1628,0.0669,-0.0298,1.02499,2.48,0.01161796,0.01372129,109.9,98.9,-11
6473,N Mo 2-4,Mo2-4,T8,3/30/21,night,MacArthur North,17,Ofav,low pH,22.585897,34.8063495,7.76111883,7.71721137,-0.04390746,2447.13799,2440.763506,-6.374484,13.875,12.876,-0.0708,-0.3543,0.0945,1.024615,2.32,0.00617089,0.00827422,109.7,100.3,-9.4
6474,N Ms 2-4,Ms2-4,T2,3/30/21,night,MacArthur North,38,Ssid,low pH,22.531593,34.7067254,7.77484361,7.67961746,-0.09522615,2448.949593,2427.420613,-21.5289795,8.5849,15.929,-0.1628,0.0669,-0.0298,1.024539,2.62,0.03449441,0.03659775,109.9,93.9,-16
6475,N Ro 2-4,Ro2-4,T8,3/30/21,night,Rainbow,7,Ofav,low pH,22.585897,34.8483832,7.76111883,7.69097092,-0.07014791,2447.13799,2433.588351,-13.5496395,15.154,18.88,-0.0708,-0.3543,0.0945,1.024647,2.2,0.01343025,0.01553358,109.7,97.8,-11.9
6476,N Rs 2-4,Rs2-4,T2,3/30/21,night,Rainbow,28,Ssid,low pH,22.581307,34.8641033,7.77484361,7.72723624,-0.04760737,2448.949593,2446.371753,-2.57784,11.401,19.913,-0.1628,0.0669,-0.0298,1.024659,2.53,0.00374666,0.00584999,109.9,99.5,-10.4
6477,N So 2-4,So2-4,T8,3/30/21,night,Star Island,12,Ofav,low pH,22.585897,34.8641033,7.76111883,7.68676232,-0.07435651,2447.13799,2438.085739,-9.0522515,12.43,17.226,-0.0708,-0.3543,0.0945,1.024659,2.25,0.01040693,0.01251026,109.7,96.4,-13.3
6478,N Ss 2-4,Ss2-4,T2,3/30/21,night,Star Island,33,Ssid,low pH,22.581307,34.6805076,7.77484361,7.70060681,-0.0742368,2448.949593,2431.656052,-17.293541,13.851,14.801,-0.1628,0.0669,-0.0298,1.024519,2.57,0.01763774,0.01974107,109.9,99.8,-10.1
6483,N Ao74,A074,T8,3/30/21,night,control,,control,low pH,22.585897,34.7840656,7.76111883,7.74085863,-0.0202602,2447.13799,2448.504995,1.3670045,9.196,19.641,-0.0708,-0.3543,0.0945,1.024598,2.35,-0.00343423,-0.0013309,109.7,104.7,-5
6484,N CRo52,CR052,T6,3/30/21,night,control,,control,control pH,22.547869,34.9686323,7.76111883,8.02334964,0.26223081,2447.13799,2459.398822,12.2608315,9.9956,13.931,-0.0708,-0.3543,0.0945,1.024739,2.15,-0.02135377,0.00977752,109.8,107.1,-2.7
6505,N Eo 3-2,Eo3-2,T6,3/31/21,night,Emerald,3,Ofav,control pH,22.535346,34.8523132,8.06336479,7.99926311,-0.06410168,2471.880922,2450.900563,-20.9803595,9.0855,17.188,-0.3756,-0.278,-0.0444,1.02465,2,0.04105734,0.05317901,110.1,101.9,-8.2
6506,N Es 3-2,Es3-2,T5,3/31/21,night,Emerald,24,Ssid,control pH,22.506416,34.8510032,8.02169522,7.96949521,-0.05220001,2446.928472,2438.7306,-8.1978715,12.275,20.641,-0.3342,-0.3411,-0.0961,1.024649,2.43,0.00978945,0.02191113,110.4,99.6,-10.8
6507,N Mo 3-2,Mo3-2,T6,3/31/21,night,MacArthur North,18,Ofav,control pH,22.551459,34.7617815,8.06336479,8.004623,-0.05874179,2471.880922,2451.412949,-20.467973,10.015,14.088,-0.3756,-0.278,-0.0444,1.024581,2.13,0.0342294,0.04635108,110.1,99,-11.1
6508,N Ms 3-2,Ms3-2,T5,3/31/21,night,MacArthur North,39,Ssid,control pH,22.506416,34.7080363,8.02169522,7.98657682,-0.0351184,2446.928472,2431.051824,-15.876648,10.38,17.556,-0.3342,-0.3411,-0.0961,1.02454,2.58,0.02099306,0.03311473,110.4,102.1,-8.3
6509,N Ro 3-2,Ro3-2,T6,3/31/21,night,Rainbow,8,Ofav,control pH,22.551459,34.5913645,8.06336479,8.0034048,-0.05995999,2471.880922,2444.682044,-27.1988785,11.079,18.871,-0.3756,-0.278,-0.0444,1.024451,2.05,0.04234206,0.05446374,110.1,100,-10.1
6510,N Rs 3-2,Rs3-2,T5,3/31/21,night,Rainbow,29,Ssid,control pH,22.506416,34.8313529,8.02169522,7.97083034,-0.05086488,2446.928472,2438.54863,-8.3798415,12.985,18.956,-0.3342,-0.3411,-0.0961,1.024634,2.48,0.00928762,0.0214093,110.4,100.4,-10
6511,N So 3-2,So3-2,T6,3/31/21,night,Star Island,13,Ofav,control pH,22.551459,34.7578489,8.06336479,7.99186038,-0.07150441,2471.880922,2451.032047,-20.848875,12.234,17.399,-0.3756,-0.278,-0.0444,1.024578,2.08,0.02907932,0.041201,110.1,98.3,-11.8
6512,N Ss 3-2,Ss3-2,T5,3/31/21,night,Star Island,34,Ssid,control pH,22.506416,35.0160183,8.02169522,7.95850084,-0.06319438,2446.928472,2437.961854,-8.966618,11.306,19.385,-0.3342,-0.3411,-0.0961,1.024775,2.52,0.01124173,0.0233634,110.4,100.6,-9.8
6513,N Eo 3-4,Eo3-4,T8,3/31/21,night,Emerald,3,Ofav,low pH,22.570817,34.5782549,7.7671292,7.71070138,-0.05642782,2454.386579,2448.375404,-6.0111745,11.039,16.551,-0.0708,-0.3543,0.0945,1.024441,2.22,0.00754025,0.00964358,110,95.4,-14.6
6514,N Es 3-4,Es3-4,T2,3/31/21,night,Emerald,24,Ssid,low pH,22.53038,34.6424912,7.7678198,7.71747391,-0.05034589,2455.026557,2438.69627,-16.330287,9.4389,21.348,-0.1628,0.0669,-0.0298,1.02449,2.57,0.0242487,0.02635203,110.3,101.4,-8.9
6515,N Mo 3-4,Mo3-4,T8,3/31/21,night,MacArthur North,18,Ofav,low pH,22.570817,34.7159015,7.7671292,7.68244439,-0.08468481,2454.386579,2435.612773,-18.773806,13.265,12.149,-0.0708,-0.3543,0.0945,1.024546,2.37,0.02028212,0.02238545,110,94,-16
6516,N Ms 3-4,Ms3-4,T2,3/31/21,night,MacArthur North,39,Ssid,low pH,22.574423,34.8233899,7.7678198,7.68762605,-0.08019375,2455.026557,2440.287198,-14.7393585,8.9728,16.767,-0.1628,0.0669,-0.0298,1.024628,2.7,0.0221098,0.02421313,110.3,96.7,-13.6
6517,N Ro 3-4,Ro3-4,T8,3/31/21,night,Rainbow,8,Ofav,low pH,22.570817,34.646424,7.7671292,7.68351428,-0.08361492,2454.386579,2430.184996,-24.201583,11.899,17.096,-0.0708,-0.3543,0.0945,1.024493,2.27,0.03049796,0.0326013,110,92.4,-17.6
6518,N Rs 3-4,Rs3-4,T2,3/31/21,night,Rainbow,29,Ssid,low pH,22.53038,34.7617815,7.7678198,7.72092922,-0.04689058,2455.026557,2443.476515,-11.550042,11.553,20.222,-0.1628,0.0669,-0.0298,1.024581,2.62,0.01394382,0.01604715,110.3,101.8,-8.5
6519,N So 3-4,So3-4,T8,3/31/21,night,Star Island,13,Ofav,low pH,22.570817,34.7539164,7.7671292,7.68252171,-0.08460749,2454.386579,2438.358425,-16.0281535,12.997,13.506,-0.0708,-0.3543,0.0945,1.024575,2.32,0.01788984,0.01999317,110,98.6,-11.4
6520,N Ss 3-4,Ss3-4,T2,3/31/21,night,Star Island,34,Ssid,low pH,22.574423,35.1588309,7.7678198,7.71379855,-0.05402125,2455.026557,2439.744235,-15.2823215,11.865,14.94,-0.1628,0.0669,-0.0298,1.024884,2.67,0.01758291,0.01968624,110.3,103.1,-7.2
6525,N A138,A138,T5,3/31/21,night,control,,control,control pH,22.57839,34.9151927,7.7678198,8.0369357,0.2691159,2455.026557,2459.848061,4.821504,9.3734,15.44423873,-0.1628,0.0669,-0.0298,1.024698,2.18,-0.00739547,-0.00977752,110.1,107.5,-2.6
6526,N A144,A144,T2,3/31/21,night,control,,control,low pH,22.594552,35.0776217,7.7678198,7.76201176,-0.00580804,2455.026557,2456.012963,0.986406,8.8793,15.005,-0.1628,0.0669,-0.0298,1.024822,2.4,-0.00077244,0.0013309,110,106.6,-3.4
6550,N Eo 4-2,Eo4-2,T6,4/1/21,night,Emerald,4,Ofav,control pH,22.564654,34.9112628,8.06329702,8.0202363,-0.04306072,2463.308987,2461.137003,-2.1719845,10.303,18.398,-0.3756,-0.278,-0.0444,1.024695,2,0.00417449,0.01629616,110.1,99.5,-10.6
6551,N Es 4-2,Es4-2,T5,4/1/21,night,Emerald,25,Ssid,control pH,22.618958,35.0474948,8.01932953,7.96541019,-0.05391934,2456.034006,2441.460134,-14.5738725,13.725,18.829,-0.3342,-0.3411,-0.0961,1.024799,2.3,0.01635921,0.02848089,109.8,101.6,-8.2
6552,N Mo 4-2,Mo4-2,T6,4/1/21,night,MacArthur North,19,Ofav,control pH,22.598912,35.1785814,8.06329702,8.01806871,-0.04522831,2463.308987,2460.287069,-3.021918,8.5181,14.318,-0.3756,-0.278,-0.0444,1.024899,2.15,0.00636139,0.01848307,110.1,98,-12.1
6553,N Ms 4-2,Ms4-2,T5,4/1/21,night,MacArthur North,40,Ssid,control pH,22.618958,35.0697625,8.01932953,7.96546268,-0.05386685,2456.034006,2419.249756,-36.78425,9.5688,16.529,-0.3342,-0.3411,-0.0961,1.024816,2.45,0.0553792,0.06750088,109.8,98.7,-11.1
6554,N Ro 4-2,Ro4-2,T6,4/1/21,night,Rainbow,9,Ofav,control pH,22.598912,34.962443,8.06329702,8.00894499,-0.05435203,2463.308987,2455.272952,-8.036035,9.1677,16.442,-0.3756,-0.278,-0.0444,1.024734,2.05,0.01555024,0.02767192,110.1,95.1,-15
6555,N Rs 4-2,Rs4-2,T5,4/1/21,night,Rainbow,30,Ssid,control pH,22.618958,35.0409454,8.01932953,7.94948866,-0.06984087,2456.034006,2431.743643,-24.290363,10.238,20.054,-0.3342,-0.3411,-0.0961,1.024794,2.33,0.03579151,0.04791318,109.8,103.5,-6.3
6556,N So 4-2,So4-2,T6,4/1/21,night,Star Island,14,Ofav,control pH,22.598912,34.9689767,8.06329702,8.01548232,-0.0478147,2463.308987,2452.575873,-10.7331145,12.482,13.004,-0.3756,-0.278,-0.0444,1.024739,2.1,0.01483765,0.02695932,110.1,93.2,-16.9
6557,N Ss 4-2,Ss4-2,T5,4/1/21,night,Star Island,35,Ssid,control pH,22.618958,34.9191226,8.01932953,7.96361586,-0.05571367,2456.034006,2434.55368,-21.480326,9.2695,19.97,-0.3342,-0.3411,-0.0961,1.024701,2.38,0.03425833,0.04638001,109.8,98.3,-11.5
6558,N Eo 4-4,Eo4-4,T8,4/1/21,night,Emerald,4,Ofav,low pH,22.558769,34.9781237,7.76761367,7.69357215,-0.07404152,2458.282675,2445.929915,-12.3527605,10.524,18.012,-0.0708,-0.3543,0.0945,1.024746,2.17,0.01782366,0.01992699,109.5,100.3,-9.2
6559,N Es 4-4,Es4-4,T2,4/1/21,night,Emerald,25,Ssid,low pH,22.597732,34.9637498,7.76923287,7.70317243,-0.06606044,2465.843733,2435.074007,-30.7697255,14.601,20.197,-0.1628,0.0669,-0.0298,1.024735,2.45,0.03055462,0.03265795,109.5,103.3,-6.2
6560,N Mo 4-4,Mo4-4,T8,4/1/21,night,MacArthur North,19,Ofav,low pH,22.605288,35.0029209,7.76761367,7.70408523,-0.06352844,2458.282675,2442.884721,-15.3979545,9.2909,14.719,-0.0708,-0.3543,0.0945,1.024765,2.3,0.02412908,0.02623241,109.5,97.5,-12
6561,N Ms 4-4,Ms4-4,T2,4/1/21,night,MacArthur North,40,Ssid,low pH,22.574587,34.9978464,7.76923287,7.7008514,-0.06838147,2465.843733,2436.655889,-29.187844,13.669,16.805,-0.1628,0.0669,-0.0298,1.024761,2.55,0.02992151,0.03202484,109.5,101.3,-8.2
6562,N Ro 4-4,Ro4-4,T8,4/1/21,night,Rainbow,9,Ofav,low pH,22.605288,34.8667233,7.76761367,7.68816425,-0.07944942,2458.282675,2443.433132,-14.849543,12.865,17.191,-0.0708,-0.3543,0.0945,1.024661,2.2,0.01747053,0.01957386,109.5,99.9,-9.6
6563,N Rs 4-4,Rs4-4,T2,4/1/21,night,Rainbow,30,Ssid,low pH,22.574587,35.0002583,7.76923287,7.71018496,-0.05904791,2465.843733,2451.787001,-14.056732,9.88,18.562,-0.1628,0.0669,-0.0298,1.024763,2.48,0.02080295,0.02290629,109.5,101.1,-8.4
6564,N So 4-4,So4-4,T8,4/1/21,night,Star Island,14,Ofav,low pH,22.605288,34.8929231,7.76761367,7.7063831,-0.06123057,2458.282675,2456.305219,-1.9774565,14.662,15.849,-0.0708,-0.3543,0.0945,1.024681,2.22,0.00132114,0.00342447,109.5,99.6,-9.9
6565,N Ss 4-4,Ss4-4,T2,4/1/21,night,Star Island,35,Ssid,low pH,22.574587,34.976817,7.76923287,7.7128954,-0.05633747,2465.843733,2412.23216,-53.611573,8.2863,16.102,-0.1628,0.0669,-0.0298,1.024745,2.55,0.09002964,0.09213298,109.5,108.8,-0.7
6592,N Eo 5-2,Eo5-2,T6,4/2/21,night,Emerald,5,Ofav,control pH,22.540542,34.962443,8.05757212,8.00942857,-0.04814355,2476.926033,2466.876243,-10.0497905,11.081,15.961,-0.3756,-0.278,-0.0444,1.024734,2,0.01639009,0.02851177,111.1,102.3,-8.8
6593,N Es 5-2,Es5-2,T5,4/2/21,night,Emerald,26,Ssid,control pH,22.570391,35.0488047,8.00943433,7.96187084,-0.04756349,2459.80861,2455.210329,-4.598281,8.051,19.854,-0.3342,-0.3411,-0.0961,1.0248,2.42,0.0085815,0.02070317,109.6,99.6,-10
6594,N Mo 5-2,Mo5-2,T6,4/2/21,night,MacArthur North,20,Ofav,control pH,22.578537,34.9781237,8.05757212,8.022489,-0.03508312,2476.926033,2464.387843,-12.53819,7.876,7.1451,-0.3756,-0.278,-0.0444,1.024746,2.13,0.02716932,0.03929099,111.1,101.9,-9.2
6595,N Ms 5-2,Ms5-2,T5,4/2/21,night,MacArthur North,41,Ssid,control pH,22.570391,34.9060229,8.00943433,7.94508359,-0.06435074,2459.80861,2435.482761,-24.3258485,9.0339,16.282,-0.3342,-0.3411,-0.0961,1.024691,2.53,0.03761712,0.0497388,109.6,99.5,-10.1
6596,N Ro 5-2,Ro5-2,T6,4/2/21,night,Rainbow,10,Ofav,control pH,22.578537,33.0251478,8.05757212,8.0136813,-0.04389082,2476.926033,2459.809395,-17.1166385,11.777,19.556,-0.3756,-0.278,-0.0444,1.023257,2.05,0.02516511,0.03728679,111.1,97.9,-13.2
6597,N Rs 5-2,Rs5-2,T5,4/2/21,night,Rainbow,31,Ssid,control pH,22.570391,34.9125728,8.00943433,7.95074976,-0.05868457,2459.80861,2427.910857,-31.897753,15.587,19.943,-0.3342,-0.3411,-0.0961,1.024696,2.45,0.02935228,0.04147396,109.6,100.1,-9.5
6598,N So 5-2,So5-2,T6,4/2/21,night,Star Island,15,Ofav,control pH,22.578537,34.9453217,8.05757212,8.00059016,-0.05698196,2476.926033,2460.67726,-16.2487735,11.437,17.683,-0.3756,-0.278,-0.0444,1.024721,2.1,0.02413502,0.0362567,111.1,100.8,-10.3
6599,N Ss 5-2,Ss5-2,T5,4/2/21,night,Star Island,36,Ssid,control pH,22.570391,35.0527343,8.00943433,7.93566177,-0.07377256,2459.80861,2436.664711,-23.143899,11.129,16.608,-0.3342,-0.3411,-0.0961,1.024803,2.5,0.02943934,0.04156102,109.6,95.5,-14.1
6600,N Eo 5-4,Eo5-4,T8,4/2/21,night,Emerald,5,Ofav,low pH,22.528741,34.9256724,7.77517282,7.69598925,-0.07918357,2466.629454,2451.835936,-14.793518,9.882,16.501,-0.0708,-0.3543,0.0945,1.024706,2.2,0.02267763,0.02478096,110.1,97.1,-13
6601,N Es 5-4,Es5-4,T2,4/2/21,night,Emerald,26,Ssid,low pH,22.605665,34.4930399,7.76809901,7.73099736,-0.03710165,2471.361496,2468.64867,-2.712826,8.7558,19.786,-0.1628,0.0669,-0.0298,1.024376,2.55,0.00505749,0.00716082,109.7,102.7,-7
6602,N Mo 5-4,Mo5-4,T8,4/2/21,night,MacArthur North,20,Ofav,low pH,22.528741,34.8418331,7.77517282,7.7163954,-0.05877742,2466.629454,2462.344789,-4.2846645,9.6864,7.5615,-0.0708,-0.3543,0.0945,1.024642,2.35,0.00551507,0.0076184,110.1,98.4,-11.7
6603,N Ms 5-4,Ms5-4,T2,4/2/21,night,MacArthur North,41,Ssid,low pH,22.605665,35.179892,7.76809901,7.68012841,-0.0879706,2471.361496,2449.882366,-21.47913,11.634,18.341,-0.1628,0.0669,-0.0298,1.0249,2.7,0.02453466,0.02663799,109.7,95.6,-14.1
6604,N Ro 5-4,Ro5-4,T8,4/2/21,night,Rainbow,10,Ofav,low pH,22.528741,34.9637498,7.77517282,7.6849893,-0.09018352,2466.629454,2432.206685,-34.4227685,8.1793,17.766,-0.0708,-0.3543,0.0945,1.024735,2.27,0.06366245,0.06576578,110.1,97.2,-12.9
6605,N Rs 5-4,Rs5-4,T2,4/2/21,night,Rainbow,31,Ssid,low pH,22.605665,35.0251651,7.76809901,7.72202008,-0.04607893,2471.361496,2467.759788,-3.6017075,14.473,16.813,-0.1628,0.0669,-0.0298,1.024782,2.58,0.00386921,0.00597254,109.7,98.9,-10.8
6606,N So 5-4,So5-4,T8,4/2/21,night,Star Island,15,Ofav,low pH,22.528741,33.1261873,7.77517282,7.69160752,-0.0835653,2466.629454,2435.389548,-31.239906,13.05,19.473,-0.0708,-0.3543,0.0945,1.023334,2.3,0.03546818,0.03757151,110.1,99.8,-10.3
6607,N Ss 5-4,Ss5-4,T2,4/2/21,night,Star Island,36,Ssid,low pH,22.605665,35.1326347,7.76809901,7.69953673,-0.06856228,2471.361496,2457.822899,-13.5385965,8.2837,13.747,-0.1628,0.0669,-0.0298,1.024864,2.63,0.02272789,0.02483122,109.7,97.3,-12.4
6612,N CRo46,CR046,T8,4/2/21,night,MacArthur North,21,Ofav,low pH,22.516988,34.7290102,7.77517282,8.01563777,0.24046495,2466.629454,2466.412197,-0.217257,9.6512,12.527,-0.0708,-0.3543,0.0945,1.024556,2.15,-0.0009171,0.03050147,111.1,102.6,-8.5
6613,N CRo49,CR049,T8,4/2/21,night,MacArthur North,21,Ofav,low pH,22.528741,35.179892,7.77517282,7.70838872,-0.0667841,2466.629454,2453.612143,-13.017311,9.8398,14.756,-0.0708,-0.3543,0.0945,1.0249,2.4,0.01828523,0.02038856,110.1,97.9,-12.2