"","hour","ph","avg_ph","sd","n_days","se"
"1",0,"C",8.04491511933007,0.0132985416577639,85,0.00144242936506959
"2",0,"L",7.80663519348291,0.024320241422006,78,0.00275372508269895
"3",1,"C",8.03957411946078,0.0127696998999666,85,0.0013850684227533
"4",1,"L",7.80028641286015,0.0253847752492034,78,0.00287425980315951
"5",2,"C",8.03404356816993,0.0129015124970956,85,0.00139936550627403
"6",2,"L",7.7944254761218,0.0263429552474288,78,0.00298275232381624
"7",3,"C",8.02811085044118,0.0130521478696488,85,0.00141570420643985
"8",3,"L",7.78951645021368,0.0270972770719079,78,0.00306816245163742
"9",4,"C",8.02392054638243,0.0130947297822037,86,0.00141204102676468
"10",4,"L",7.78576087376644,0.0276496901535311,79,0.00311083318560913
"11",5,"C",8.02129023580426,0.0131821212030667,86,0.00142146468603053
"12",5,"L",7.7836912520218,0.0279031492888149,79,0.00313934956625782
"13",6,"C",8.02224226267765,0.0132478755076763,86,0.00142855515504664
"14",6,"L",7.78352325564346,0.0291242967219135,79,0.00327673938648043
"15",7,"C",8.02442741190245,0.0125278211749087,86,0.00135090969948717
"16",7,"L",7.78515066935654,0.0286899606567725,79,0.00322787276129784
"17",8,"C",8.02652301013954,0.013042487555344,86,0.00140640760256408
"18",8,"L",7.78491810777075,0.0232674027131338,79,0.00261778732785202
"19",9,"C",8.0273954413734,0.0356354608468686,86,0.00384267056750039
"20",9,"L",7.78456310755386,0.0391448354337761,79,0.00440413807302818
"21",10,"C",8.03283103336971,0.0340103376596912,87,0.00364629093190208
"22",10,"L",7.79137743813682,0.0170426713165702,80,0.00190542857910184
"23",11,"C",8.03995829750902,0.0225195145995752,86,0.00242834171046751
"24",11,"L",7.79837396251758,0.010237369927046,79,0.00115179410422234
"25",12,"C",8.04500012596102,0.0219105259407488,86,0.00236267277453682
"26",12,"L",7.8047669425939,0.00683896513612419,79,0.000769443692950823
"27",13,"C",8.05105994199738,0.0178036739792094,84,0.00194254008709626
"28",13,"L",7.81161183034266,0.0103652053607903,77,0.00118122477803819
"29",14,"C",8.05801963621,0.0151284971794049,84,0.00165065436846545
"30",14,"L",7.8186329413476,0.01489871624273,77,0.00169786629153008
"31",15,"C",8.06384347959656,0.0139096253585232,84,0.001517664549855
"32",15,"L",7.82397006666667,0.0163138880343088,77,0.00185914008468783
"33",16,"C",8.06715469434296,0.0128174933127015,84,0.00139850317440583
"34",16,"L",7.82697303953824,0.0138738613350495,77,0.00158107323546333
"35",17,"C",8.06751816418243,0.0129551676633592,84,0.0014135246775759
"36",17,"L",7.82888532225735,0.0157663983455877,77,0.00179674784415546
"37",18,"C",8.06396816679894,0.0124443850993175,84,0.00135779373082864
"38",18,"L",7.82957719906205,0.0172775454089662,77,0.00196895903461336
"39",19,"C",8.06413770715939,0.0064594483719915,84,0.00070478359791215
"40",19,"L",7.82897066556638,0.0185440921723648,77,0.00211329543388336
"41",20,"C",8.06199694077522,0.0104553583215794,84,0.00114077311729819
"42",20,"L",7.82670343344156,0.0198698598528228,77,0.0022643806829999
"43",21,"C",8.05871436134259,0.015013421194204,84,0.00163809854911177
"44",21,"L",7.82288564060034,0.02111311474622,77,0.00240606272733771
"45",22,"C",8.0554672859521,0.0145078355023938,84,0.00158293462761161
"46",22,"L",7.81835577054473,0.0221725649879252,77,0.00252679828761275
"47",23,"C",8.05060746694948,0.0140985444042847,84,0.00153827730765073
"48",23,"L",7.8127293809262,0.0232657708187429,77,0.00265138065428177
