"species","time","grouping","pct_diff","group","treatments","mean_reef","mean_urban","sd_reef","sd_urban","n_reef","n_urban"
"Ofav",0,"treatment",23.04,"CC","CC",0.4051,0.498454545454545,0.044719993043132,0.0317501610590045,10,11
"Ofav",0,"treatment",20.03,"LC","LC",0.3818,0.458272727272727,0.042527899339401,0.0378657917099086,10,11
"Ofav",0,"treatment",22.6,"CH","CH",0.396176470588235,0.485722222222222,0.06267698470543,0.0481966627543194,17,18
"Ofav",0,"treatment",12.97,"LH","LH",0.415647058823529,0.46955,0.0890519098450944,0.0739619212127003,17,20
"Ofav",0,"pH",22.8,"control pH","CC + CH",0.399481481481481,0.490551724137931,0.0559377197428398,0.0425429079257439,27,29
"Ofav",0,"pH",15.49,"low pH","LC + LH",0.403111111111111,0.465548387096774,0.0760502532911037,0.0630284796525494,27,31
"Ofav",0,"heat",17.57,"heat","CH + LH",0.405911764705882,0.47721052631579,0.0764676075793709,0.0627961773215694,34,38
"Ofav",35,"treatment",10.62,"CH","CH",0.3455,0.3822,0.0339160728858752,0.0468539100704401,6,10
"Ofav",35,"treatment",2.94,"LH","LH",0.333,0.342777777777778,NA,0.0688072993543886,1,9
"Ofav",35,"pH",10.62,"control pH","CH",0.3455,0.3822,0.0339160728858752,0.0468539100704401,6,10
"Ofav",35,"pH",2.94,"low pH","LH",0.333,0.342777777777778,NA,0.0688072993543886,1,9
"Ofav",35,"heat",5.76,"heat","CH + LH",0.343714285714286,0.363526315789474,0.0313193991306468,0.0600900883128848,7,19
"Ssid",0,"treatment",-1.94,"CC","CC",0.4034,0.395555555555556,0.0472186403870336,0.0623139452913854,10,9
"Ssid",0,"treatment",-0.79,"LC","LC",0.3804,0.3774,0.0613300723770792,0.0646016855645251,10,10
"Ssid",0,"treatment",5.31,"CH","CH",0.3301,0.347631578947368,0.0536861248368701,0.0482576540000718,20,19
"Ssid",0,"treatment",3.04,"LH","LH",0.3171,0.32675,0.0491462907525771,0.0623343066815833,20,20
"Ssid",0,"pH",2.4,"control pH","CC + CH",0.354533333333333,0.363035714285714,0.0617691661353581,0.0567675455943291,30,28
"Ssid",0,"pH",1.61,"low pH","LC + LH",0.3382,0.343633333333333,0.0605881517949758,0.0665631581506505,30,30
"Ssid",0,"heat",4.12,"heat","CH + LH",0.3236,0.336923076923077,0.0512268959804795,0.0561934556104294,40,39
"Ssid",35,"treatment",NA,"CH","CH",NA,0.34575,NA,0.0455366153038775,NA,4
"Ssid",35,"treatment",NA,"LH","LH",NA,0.271,NA,0.0838540398549766,NA,5
"Ssid",35,"pH",NA,"control pH","CH",NA,0.34575,NA,0.0455366153038775,NA,4
"Ssid",35,"pH",NA,"low pH","LH",NA,0.271,NA,0.0838540398549766,NA,5
"Ssid",35,"heat",NA,"heat","CH + LH",NA,0.304222222222222,NA,0.0764555063055922,NA,9
